dataset,phase,method,candidate_id,config_sha256,seed,endpoint,k,total_observations,evaluated_observations,ordered_id_sha256,embedding_sha256,partition_sha256,processed_shapes,raw_shapes,status,discrepancy,gate,beta,parameter_count,label_in_loss,within_run_label_selection,dataset_name_routing,dense_n_by_n_count,absolute_ari,absolute_nmi,ami,fmi,homogeneity,v_measure,morans_i,gearys_c,wall_seconds,gpu_seconds,peak_gpu_mib,peak_rss_mib
A1,discovery,NIGHT13B_UNIFIED_RESIDUAL,B00_IDENTITY,da028f8d223059a7fdcbccbaf4fa25e6e9855a66a04e927f6718d34ac99d6165,0,COMMON_KMEANS,10,3484,3484,7a65e31e47074141430212884f034ddcf80e16410aa13b96c82a18d1bfacfaad,e0b5eb1767951a8e89229b51b3ba6cab59cef16210cd3a02440302dc55ab7ef6,ae3c6bbb495b9541f93372b18e206be49179b74b865e17a609168ac0631b790f,"[[3484, 30], [3484, 30]]","[[3484, 18085], [3484, 31]]",PASS,0.6047326922416687,0.0987943261861801,0.0,1,False,False,False,0,0.2211508402154819,0.3555763553356055,0.3516839585036503,0.3665198790841967,0.3963265861656383,0.3555763553356055,0.4771791267197429,0.5252407103927884,1.157160671427846,0.0,8.744140625,1929.08984375
tonsil_s1,discovery,NIGHT13B_UNIFIED_RESIDUAL,B00_IDENTITY,da028f8d223059a7fdcbccbaf4fa25e6e9855a66a04e927f6718d34ac99d6165,0,COMMON_KMEANS,4,4326,4326,9a30299971a5d7e475f17257fe9e0b34c500544ec6da856aec78b09648d5ba83,c8f2a343c719557ffc759bbf59b3fb44f4f093d5e4d21ddc40ca3dde4748526d,3ac179651383fd20f7b964edede3e5231ee6c6de6dbe8b8e2b52d05a49c532d3,"[[4326, 30], [4326, 30]]","[[4326, 18085], [4326, 31]]",PASS,0.4177672564983368,6.193823355715722e-05,0.0,1,False,False,False,0,0.1418066616082619,0.2842230497175844,0.2835747377572314,0.4513103679211487,0.3094809839240393,0.2842230497175843,0.6878652668545209,0.310688861996281,0.5014269668608904,0.0,10.86083984375,1929.08984375
P22,discovery,NIGHT13B_UNIFIED_RESIDUAL,B00_IDENTITY,da028f8d223059a7fdcbccbaf4fa25e6e9855a66a04e927f6718d34ac99d6165,0,COMMON_KMEANS,9,9196,9196,47ac590e9225804548e509f74ecaa31567c00cf0139e3fc37e01a64685c5a087,70098d7b02f5748df7b14ea8edef451b4b60a5b60b14c7912f38d992fd51c4c0,6cd66ad56157165323e02e5482e6cc7d0bd21cbd80ffedaebf6af88f5139c985,"[[9196, 30], [9196, 50]]","[[9196, 22914], [9196, 121068]]",PASS,0.7251256704330444,0.9311843514442444,0.0,1,False,False,False,0,0.2753924835354813,0.4175294264074782,0.4164730035794694,0.3936214668884475,0.4080948719941171,0.4175294264074781,0.5868468340031645,0.4179264455135387,1.3004143629223108,0.0,24.3818359375,1929.08984375
A1,discovery,NIGHT13B_UNIFIED_RESIDUAL,B01_T62_S20_M50,980825d58c44a39288b339e3f99f36efe804878cf86cadb154196e7fd19b31fe,0,COMMON_KMEANS,10,3484,3484,7a65e31e47074141430212884f034ddcf80e16410aa13b96c82a18d1bfacfaad,aa59bde6bf36e74ab41eea2914f84981c065442b464dcadba87842464526ee46,fc4e9e1957e24b54395cf9f73dfc8b3b720f7424702b74120ad3146a738dc1d5,"[[3484, 30], [3484, 30]]","[[3484, 18085], [3484, 31]]",PASS,0.6047326922416687,0.4242510795593261,0.212125539779663,1,False,False,False,0,0.2251919298843003,0.3589728969764207,0.3548395204178372,0.3699732698735865,0.4035859040218743,0.3589728969764208,0.5899728425798587,0.4095527776640616,0.7442700136452913,0.0,8.744140625,1929.08984375
tonsil_s1,discovery,NIGHT13B_UNIFIED_RESIDUAL,B01_T62_S20_M50,980825d58c44a39288b339e3f99f36efe804878cf86cadb154196e7fd19b31fe,0,COMMON_KMEANS,4,4326,4326,9a30299971a5d7e475f17257fe9e0b34c500544ec6da856aec78b09648d5ba83,4ab07c895225c3d2d5a858a0181f0df26c1e3db33cb00e3310be447ff4b98b7c,6975566c8b401e0221b7956949cc1c0738d8816c70f48477a702b4c1ef47a252,"[[4326, 30], [4326, 30]]","[[4326, 18085], [4326, 31]]",PASS,0.4177672564983368,0.0172142293304204,0.0086071146652102,1,False,False,False,0,0.1508714429901832,0.2729061852092376,0.2722302656981502,0.4750209048985714,0.2895728801604899,0.2729061852092376,0.6582484212492513,0.3409777824836238,0.4543923251330852,0.0,10.86083984375,1929.08984375
P22,discovery,NIGHT13B_UNIFIED_RESIDUAL,B01_T62_S20_M50,980825d58c44a39288b339e3f99f36efe804878cf86cadb154196e7fd19b31fe,0,COMMON_KMEANS,9,9196,9196,47ac590e9225804548e509f74ecaa31567c00cf0139e3fc37e01a64685c5a087,b2cb4dd3aa0a4fff7aab7007ee4656732be9c4b8ab9787452b82446f47b6bade,062f38962defb9c98a5c38d8f3c1b64c08a7555d4ce8c4f4d7cda426e358955b,"[[9196, 30], [9196, 50]]","[[9196, 22914], [9196, 121068]]",PASS,0.7251256704330444,0.891147255897522,0.445573627948761,1,False,False,False,0,0.4280459754416882,0.5677613660233326,0.567005811932095,0.5150590607166793,0.5708258092975835,0.5677613660233326,0.790779819542334,0.2121212702234165,1.0781670603901148,0.0,24.3818359375,1929.08984375
A1,discovery,NIGHT13B_UNIFIED_RESIDUAL,B02_T62_S30_M60,5c192b602defcc0a1101ac952864edbb9fe33d4b32dce481ace6c7da7d15829f,0,COMMON_KMEANS,10,3484,3484,7a65e31e47074141430212884f034ddcf80e16410aa13b96c82a18d1bfacfaad,2aefec3ab6dd0489d3079321d2941443ccfc715a8e5b49fd926a18aa7f666cd2,8bfcbc89915f5a2c66de4dea1fb35d0336a44e6f88cfb2405da84d13acb98861,"[[3484, 30], [3484, 30]]","[[3484, 18085], [3484, 31]]",PASS,0.6047326922416687,0.3874557614326477,0.2324734628200531,1,False,False,False,0,0.2237110413569952,0.366653138890587,0.362734765524661,0.3756218569404195,0.3985646949006315,0.366653138890587,0.5750317884392693,0.4242752406187869,0.71662687510252,0.0,8.744140625,1929.08984375
tonsil_s1,discovery,NIGHT13B_UNIFIED_RESIDUAL,B02_T62_S30_M60,5c192b602defcc0a1101ac952864edbb9fe33d4b32dce481ace6c7da7d15829f,0,COMMON_KMEANS,4,4326,4326,9a30299971a5d7e475f17257fe9e0b34c500544ec6da856aec78b09648d5ba83,ccaf39a0c2d5249e4f156e85b1b6dfa9fb4ebf227e487a4f71a670fcfc767ac8,d00e076ec4a602f5c947d2beb75dbe8cfc9cae2c4c5a1a90ab44fc33211e7ccc,"[[4326, 30], [4326, 30]]","[[4326, 18085], [4326, 31]]",PASS,0.4177672564983368,0.0023127966560423,0.0013876780867576,1,False,False,False,0,0.1420309662852877,0.2848160406593137,0.284168222612923,0.4515048078426494,0.310106151996588,0.2848160406593136,0.6883657455811057,0.3101949807368832,0.5517035722732544,0.0,10.86083984375,1929.08984375
P22,discovery,NIGHT13B_UNIFIED_RESIDUAL,B02_T62_S30_M60,5c192b602defcc0a1101ac952864edbb9fe33d4b32dce481ace6c7da7d15829f,0,COMMON_KMEANS,9,9196,9196,47ac590e9225804548e509f74ecaa31567c00cf0139e3fc37e01a64685c5a087,059075c068dfaa0110a07931f4de207d07f7cf8c9eb5ee234307d6ef290dd7fc,e32ddbe557deaf11e645a11793c94a1be6fce08cafe7321aa1cabfdf867d7c9b,"[[9196, 30], [9196, 50]]","[[9196, 22914], [9196, 121068]]",PASS,0.7251256704330444,0.9590570330619812,0.5754342675209045,1,False,False,False,0,0.4560972914663747,0.5971002500376319,0.5963966322508514,0.5389530349267893,0.6006105387029301,0.5971002500376318,0.8385434312008582,0.1645188710025779,1.0523457545787096,0.0,24.3818359375,1929.08984375
A1,discovery,NIGHT13B_UNIFIED_RESIDUAL,B03_T62_S40_M70,ad72b500f46a823bbc32b36065bce65830321a7994e52fd8ba92d8736241a8a4,0,COMMON_KMEANS,10,3484,3484,7a65e31e47074141430212884f034ddcf80e16410aa13b96c82a18d1bfacfaad,ab6376de4c416090aa1bb38e1cb8cd7bf90596c27d32f77f5c26adac6673799c,727e00a31e721aec1960cfe3f82adaba22aab97d8867c3897e9b545f6b8fbc37,"[[3484, 30], [3484, 30]]","[[3484, 18085], [3484, 31]]",PASS,0.6047326922416687,0.3519012629985809,0.2463308870792389,1,False,False,False,0,0.2463785656607008,0.3785864006695346,0.3746002804515232,0.4060732434277981,0.3962340970075457,0.3785864006695346,0.5713729504034941,0.4286379290623553,0.7760194484144449,0.0,8.744140625,1929.08984375
tonsil_s1,discovery,NIGHT13B_UNIFIED_RESIDUAL,B03_T62_S40_M70,ad72b500f46a823bbc32b36065bce65830321a7994e52fd8ba92d8736241a8a4,0,COMMON_KMEANS,4,4326,4326,9a30299971a5d7e475f17257fe9e0b34c500544ec6da856aec78b09648d5ba83,90a4c6c1305119bfc33255f38a44f5ba738844a988a5ff2ff6397e65b82ec12e,d5c995f73c84c45ae0437b899fbe6c4047a629af7e7ab754cb88119f1c999589,"[[4326, 30], [4326, 30]]","[[4326, 18085], [4326, 31]]",PASS,0.4177672564983368,0.0003067073703277,0.0002146951592294,1,False,False,False,0,0.1417839133254965,0.2842034209675455,0.2835550625061156,0.4513270341892034,0.3094460037009155,0.2842034209675455,0.6881942054559338,0.310359649835894,0.5031282678246498,0.0,10.86083984375,1929.08984375
P22,discovery,NIGHT13B_UNIFIED_RESIDUAL,B03_T62_S40_M70,ad72b500f46a823bbc32b36065bce65830321a7994e52fd8ba92d8736241a8a4,0,COMMON_KMEANS,9,9196,9196,47ac590e9225804548e509f74ecaa31567c00cf0139e3fc37e01a64685c5a087,b39ac2abed5d46ddd89a31bd0a7f2d12ae18ead01159c6087cfadbbbcbd61dab,84e06703ffd4e0b0c705aa750f66a4e5e52c3cca4c50b0c4a1b429ba7fba5377,"[[9196, 30], [9196, 50]]","[[9196, 22914], [9196, 121068]]",PASS,0.7251256704330444,0.985298991203308,0.6897093057632446,1,False,False,False,0,0.4680445954593161,0.610495142063145,0.6098155695203945,0.5491724397522214,0.6143766679201962,0.6104951420631449,0.8690989846940724,0.1338605418868871,1.016838375478983,0.0,24.3818359375,1929.08984375
A1,discovery,NIGHT13B_UNIFIED_RESIDUAL,B04_T64_S20_M50,1bffcc88bab69102a7b076cdf44a89d4eb5726e475e73b1f55bc60cead67f775,0,COMMON_KMEANS,10,3484,3484,7a65e31e47074141430212884f034ddcf80e16410aa13b96c82a18d1bfacfaad,5d6e3252440748e47e00b23b619e08b016db44528033a5023844a6d7c60a4a8f,04c6f287948aab9ed675f04109427857bf838c501450062c5875c9bb4965c84d,"[[3484, 30], [3484, 30]]","[[3484, 18085], [3484, 31]]",PASS,0.6047326922416687,0.3306280374526977,0.1653140187263488,1,False,False,False,0,0.2252389520895393,0.3454272747018685,0.3413774171782001,0.3761843114279274,0.375462607612665,0.3454272747018685,0.5369095460540905,0.4624900706460643,0.7836064510047436,0.0,8.744140625,1929.08984375
tonsil_s1,discovery,NIGHT13B_UNIFIED_RESIDUAL,B04_T64_S20_M50,1bffcc88bab69102a7b076cdf44a89d4eb5726e475e73b1f55bc60cead67f775,0,COMMON_KMEANS,4,4326,4326,9a30299971a5d7e475f17257fe9e0b34c500544ec6da856aec78b09648d5ba83,b63c70a4e9f677aa2ae54232ce62e6c64518b47e8df6278e638d8ad75b0aa74d,5654c7ff44bd5628c2563a1eb42c0dcd9587b1af57017bf2564f3deb50d15ea7,"[[4326, 30], [4326, 30]]","[[4326, 18085], [4326, 31]]",PASS,0.4177672564983368,0.0116049079224467,0.0058024539612233,1,False,False,False,0,0.1508976785137782,0.2729456787636956,0.2722698372963064,0.4749927848848673,0.289632378069955,0.2729456787636956,0.6579617762831932,0.3412493157210107,0.4972071684896946,0.0,10.86083984375,1929.08984375
P22,discovery,NIGHT13B_UNIFIED_RESIDUAL,B04_T64_S20_M50,1bffcc88bab69102a7b076cdf44a89d4eb5726e475e73b1f55bc60cead67f775,0,COMMON_KMEANS,9,9196,9196,47ac590e9225804548e509f74ecaa31567c00cf0139e3fc37e01a64685c5a087,92001cb65a1b719a82e87a5bd55e2f5af22a3e4c1220352ea8370e64578adc0c,9057b23a712743bf0fb2c5b24b4df5dabcaf16704bc4700f78661db7df41d7a1,"[[9196, 30], [9196, 50]]","[[9196, 22914], [9196, 121068]]",PASS,0.7251256704330444,0.8458627462387085,0.4229313731193542,1,False,False,False,0,0.4224630550945404,0.5620180758933259,0.5612519777135401,0.5104830807644682,0.5646927408017632,0.5620180758933259,0.7818531848068087,0.2210657971017367,1.088818933814764,0.0,24.3818359375,1929.08984375
A1,discovery,NIGHT13B_UNIFIED_RESIDUAL,B05_T64_S30_M60,93134e7d18c24f0eef0924cd7256351e02600cc55a4b30cd34b2aa6b3431003d,0,COMMON_KMEANS,10,3484,3484,7a65e31e47074141430212884f034ddcf80e16410aa13b96c82a18d1bfacfaad,485435f5a97a4b26b3d11be338ac3752b280e34ec46ac5dcd368763a21d83f57,529340bef643d5e26bfe8c8dbd0477cd907e90c9b20f52c2bf8749ff78e90272,"[[3484, 30], [3484, 30]]","[[3484, 18085], [3484, 31]]",PASS,0.6047326922416687,0.2576882541179657,0.1546129584312439,1,False,False,False,0,0.2150541486467149,0.3524134154138217,0.3483911798125056,0.3703444967731408,0.3816975540592491,0.3524134154138218,0.523336418390085,0.4765846370662492,0.7961316220462322,0.0,8.744140625,1929.08984375
tonsil_s1,discovery,NIGHT13B_UNIFIED_RESIDUAL,B05_T64_S30_M60,93134e7d18c24f0eef0924cd7256351e02600cc55a4b30cd34b2aa6b3431003d,0,COMMON_KMEANS,4,4326,4326,9a30299971a5d7e475f17257fe9e0b34c500544ec6da856aec78b09648d5ba83,30c9849dd709a4c0e45020c795ce20878afe7e172f36a453e7233477db7a551e,1f5dee17769d0438e053da00cfd79c7c6df84a0e39d818a6ad7aff494d3ff4c8,"[[4326, 30], [4326, 30]]","[[4326, 18085], [4326, 31]]",PASS,0.4177672564983368,0.0012706164270639,0.0007623698911629,1,False,False,False,0,0.1418188098058269,0.2842332523421303,0.2835849638449816,0.4513026922523336,0.3094988323904363,0.2842332523421303,0.68786774347684,0.3106933879382647,0.4992787502706051,0.0,10.86083984375,1929.08984375
P22,discovery,NIGHT13B_UNIFIED_RESIDUAL,B05_T64_S30_M60,93134e7d18c24f0eef0924cd7256351e02600cc55a4b30cd34b2aa6b3431003d,0,COMMON_KMEANS,9,9196,9196,47ac590e9225804548e509f74ecaa31567c00cf0139e3fc37e01a64685c5a087,dcd14e2beacf9fa461d6e1eb58083b7533ac335bebc49678fd3a5dfc558bc301,ab6c7e4708ea0411ea1872d1064c130799491a818d4518ad51d137c786c5b529,"[[9196, 30], [9196, 50]]","[[9196, 22914], [9196, 121068]]",PASS,0.7251256704330444,0.927826464176178,0.5566958785057068,1,False,False,False,0,0.4532028915583525,0.593827906849403,0.5931186997394178,0.5364266021505688,0.5974333605628951,0.5938279068494031,0.8317284792313111,0.171496043532015,0.950547257438302,0.0,24.3818359375,1929.08984375
A1,discovery,NIGHT13B_UNIFIED_RESIDUAL,B06_T64_S40_M70,1673b359573eae7018092f8c6a4a539f658bd28e15336b1a554498ca90102e64,0,COMMON_KMEANS,10,3484,3484,7a65e31e47074141430212884f034ddcf80e16410aa13b96c82a18d1bfacfaad,6b4048de53dcec377074ca7965098d6be60076709947e1680e6c4b4da1f94d21,b6ac2dfc644f732517ddc410d8126ccf07f9c5a29647923186d370b3d49a4963,"[[3484, 30], [3484, 30]]","[[3484, 18085], [3484, 31]]",PASS,0.6047326922416687,0.1961249709129333,0.1372874826192855,1,False,False,False,0,0.2194992978302377,0.3547052726367261,0.3505257273803854,0.3664123362908775,0.396901925103304,0.3547052726367261,0.5667168062638066,0.4324232579078904,0.7639360558241606,0.0,8.744140625,1929.08984375
tonsil_s1,discovery,NIGHT13B_UNIFIED_RESIDUAL,B06_T64_S40_M70,1673b359573eae7018092f8c6a4a539f658bd28e15336b1a554498ca90102e64,0,COMMON_KMEANS,4,4326,4326,9a30299971a5d7e475f17257fe9e0b34c500544ec6da856aec78b09648d5ba83,f771b4d49890ddc446301fb8bc887fa892b1eb06be55b67f86f7b887c6c5ba0b,3ac179651383fd20f7b964edede3e5231ee6c6de6dbe8b8e2b52d05a49c532d3,"[[4326, 30], [4326, 30]]","[[4326, 18085], [4326, 31]]",PASS,0.4177672564983368,0.0001378359011141,9.64851278695278e-05,1,False,False,False,0,0.1418066616082619,0.2842230497175844,0.2835747377572314,0.4513103679211487,0.3094809839240393,0.2842230497175843,0.6878652668545209,0.310688861996281,0.4971095081418752,0.0,10.86083984375,1929.08984375
P22,discovery,NIGHT13B_UNIFIED_RESIDUAL,B06_T64_S40_M70,1673b359573eae7018092f8c6a4a539f658bd28e15336b1a554498ca90102e64,0,COMMON_KMEANS,9,9196,9196,47ac590e9225804548e509f74ecaa31567c00cf0139e3fc37e01a64685c5a087,09b358dd1c5968dbf11289da82eee3e6325f597b06576dadb9f33a8a00399c8b,30570733f2335cc794b4ff7bcbf3b23512a1fcdb516bf8889c01b3e5773ab082,"[[9196, 30], [9196, 50]]","[[9196, 22914], [9196, 121068]]",PASS,0.7251256704330444,0.9678613543510436,0.6775029301643372,1,False,False,False,0,0.4659126475968201,0.6098561237620866,0.6091752027463113,0.5474531890685685,0.6135293060194703,0.6098561237620868,0.8669034095285412,0.1360608613198636,1.0425475984811785,0.0,24.3818359375,1929.08984375
A1,discovery,NIGHT13B_UNIFIED_RESIDUAL,B07_T66_S20_M50,7a18350bbd582649e0457b1ea05fc9931db31c96879dc2fc76afa9b05be368cf,0,COMMON_KMEANS,10,3484,3484,7a65e31e47074141430212884f034ddcf80e16410aa13b96c82a18d1bfacfaad,d96637fd6c1b7cbd7f1aea8a48c4f79854786238833ba80e885df3b8823f9b0c,f893517fa5b2f2553cff52abc02674f4545bbab054d17ecfa66cc37721a508db,"[[3484, 30], [3484, 30]]","[[3484, 18085], [3484, 31]]",PASS,0.6047326922416687,0.2487394362688064,0.1243697181344032,1,False,False,False,0,0.2181661192914047,0.3422468312560311,0.3381669168032672,0.3714077112863777,0.3710696012294825,0.3422468312560311,0.5161791462034733,0.483562303265798,0.6814250238239765,0.0,8.744140625,1929.08984375
tonsil_s1,discovery,NIGHT13B_UNIFIED_RESIDUAL,B07_T66_S20_M50,7a18350bbd582649e0457b1ea05fc9931db31c96879dc2fc76afa9b05be368cf,0,COMMON_KMEANS,4,4326,4326,9a30299971a5d7e475f17257fe9e0b34c500544ec6da856aec78b09648d5ba83,095548564ae1215364ea10fa2ac3fec826d5623eddebbda8c522f87df39e3b84,1f89b1f4539443530afaeb056b1e1a6b6144a19afe885bb0edf71bf5c1c2c3f4,"[[4326, 30], [4326, 30]]","[[4326, 18085], [4326, 31]]",PASS,0.4177672564983368,0.0078088697046041,0.003904434852302,1,False,False,False,0,0.2042009261222621,0.289729610721849,0.2891170326147769,0.4747302767916774,0.3307440671845709,0.289729610721849,0.6751093522308763,0.3255824466448501,0.4935510847717523,0.0,10.86083984375,1929.08984375
P22,discovery,NIGHT13B_UNIFIED_RESIDUAL,B07_T66_S20_M50,7a18350bbd582649e0457b1ea05fc9931db31c96879dc2fc76afa9b05be368cf,0,COMMON_KMEANS,9,9196,9196,47ac590e9225804548e509f74ecaa31567c00cf0139e3fc37e01a64685c5a087,36f5693ebd2596cc6a46f27978ce707dc03e1496ac1cbacc5b396797ce8e65cd,44d0762d5e4e94d106aec7f44fbd27f4d43f5029b7445a30582719ef73cb2431,"[[9196, 30], [9196, 50]]","[[9196, 22914], [9196, 121068]]",PASS,0.7251256704330444,0.7862575650215149,0.3931287825107574,1,False,False,False,0,0.4182019045173101,0.556979947169964,0.5562051235404627,0.5067869240954512,0.5597296443932626,0.556979947169964,0.7692812760136255,0.2335136631206671,1.0913317166268826,0.0,24.3818359375,1929.08984375
A1,discovery,NIGHT13B_UNIFIED_RESIDUAL,B08_T66_S30_M60,4f970ff58ceb83de44b61acf19268a6c89fc3de2c8b6906b8ebf92450b61ca66,0,COMMON_KMEANS,10,3484,3484,7a65e31e47074141430212884f034ddcf80e16410aa13b96c82a18d1bfacfaad,65354de63b248c9729306e1d1058ce3320e63f0f296c2ab3e1f2d84120256082,56e8fb2b5aa37b232d225fd2e1f8efbb3075343eacb5f2d6d8629fa9c3f4b5a6,"[[3484, 30], [3484, 30]]","[[3484, 18085], [3484, 31]]",PASS,0.6047326922416687,0.1600279659032821,0.0960167869925499,1,False,False,False,0,0.2169429744519102,0.3564668512025764,0.352470054211745,0.3709766424098832,0.3861466732513747,0.3564668512025764,0.5274177853540303,0.4727949666855152,0.7168520204722881,0.0,8.744140625,1929.08984375
tonsil_s1,discovery,NIGHT13B_UNIFIED_RESIDUAL,B08_T66_S30_M60,4f970ff58ceb83de44b61acf19268a6c89fc3de2c8b6906b8ebf92450b61ca66,0,COMMON_KMEANS,4,4326,4326,9a30299971a5d7e475f17257fe9e0b34c500544ec6da856aec78b09648d5ba83,604f3f9028cb4879d56342302fc10ef3ca4c8f394fecb48b64551f41e664b06e,d5c995f73c84c45ae0437b899fbe6c4047a629af7e7ab754cb88119f1c999589,"[[4326, 30], [4326, 30]]","[[4326, 18085], [4326, 31]]",PASS,0.4177672564983368,0.0006977281300351,0.0004186368896625,1,False,False,False,0,0.1417839133254965,0.2842034209675455,0.2835550625061156,0.4513270341892034,0.3094460037009155,0.2842034209675455,0.6881942054559338,0.310359649835894,0.5048000533133745,0.0,10.86083984375,1929.08984375
P22,discovery,NIGHT13B_UNIFIED_RESIDUAL,B08_T66_S30_M60,4f970ff58ceb83de44b61acf19268a6c89fc3de2c8b6906b8ebf92450b61ca66,0,COMMON_KMEANS,9,9196,9196,47ac590e9225804548e509f74ecaa31567c00cf0139e3fc37e01a64685c5a087,5c5f71927e009de245a42fa9dcfed929d12a6261cfa2b9529f0eadafedd50eaa,58a9b046a671dc331898cf5e8c6cacc00ac075b75b539f6e9f4797db5e92f431,"[[9196, 30], [9196, 50]]","[[9196, 22914], [9196, 121068]]",PASS,0.7251256704330444,0.8758571147918701,0.5255143046379089,1,False,False,False,0,0.4450271325862989,0.5850570224330683,0.5843321923188264,0.5294752323384704,0.5884697526317967,0.5850570224330685,0.8208800837639068,0.1821424274338,1.0835351571440697,0.0,24.3818359375,1929.08984375
A1,discovery,NIGHT13B_UNIFIED_RESIDUAL,B09_T66_S30_M70,9c9b3e7d6bd7858f5557bd5f6d709000c49cd80b47837e18b9a5ba8e7217a656,0,COMMON_KMEANS,10,3484,3484,7a65e31e47074141430212884f034ddcf80e16410aa13b96c82a18d1bfacfaad,4d8c4432022ed94decb9f0032ba6d8ba8a3df935919c74dcffcea6351a7afeed,fbe4af2afbde4b0212e52e13d26266805f85bd12fccffe557fb80cfd2220c07b,"[[3484, 30], [3484, 30]]","[[3484, 18085], [3484, 31]]",PASS,0.6047326922416687,0.1600279659032821,0.1120195761322975,1,False,False,False,0,0.2177443393604682,0.3627786052171245,0.3588228812286879,0.3716756060784815,0.392925051157379,0.3627786052171246,0.5195828711191532,0.4818275771198171,0.690955987200141,0.0,8.744140625,1929.08984375
tonsil_s1,discovery,NIGHT13B_UNIFIED_RESIDUAL,B09_T66_S30_M70,9c9b3e7d6bd7858f5557bd5f6d709000c49cd80b47837e18b9a5ba8e7217a656,0,COMMON_KMEANS,4,4326,4326,9a30299971a5d7e475f17257fe9e0b34c500544ec6da856aec78b09648d5ba83,e93c200eb0295cec47296ca117c918f9b3700340a0e219cb372571229d031cf2,d5c995f73c84c45ae0437b899fbe6c4047a629af7e7ab754cb88119f1c999589,"[[4326, 30], [4326, 30]]","[[4326, 18085], [4326, 31]]",PASS,0.4177672564983368,0.0006977281300351,0.0004884096560999,1,False,False,False,0,0.1417839133254965,0.2842034209675455,0.2835550625061156,0.4513270341892034,0.3094460037009155,0.2842034209675455,0.6881942054559338,0.310359649835894,0.5011472459882498,0.0,10.86083984375,1929.08984375
P22,discovery,NIGHT13B_UNIFIED_RESIDUAL,B09_T66_S30_M70,9c9b3e7d6bd7858f5557bd5f6d709000c49cd80b47837e18b9a5ba8e7217a656,0,COMMON_KMEANS,9,9196,9196,47ac590e9225804548e509f74ecaa31567c00cf0139e3fc37e01a64685c5a087,b357d4e0a6f215b67eff142285ae4b9cd05c3c8ec389530d1fd0fa2ed2f54987,d68d72406c72b80967da4ad36fdbda39f8a6c536da97e8cf4852d8fd21a6a6e5,"[[9196, 30], [9196, 50]]","[[9196, 22914], [9196, 121068]]",PASS,0.7251256704330444,0.8758571147918701,0.613099992275238,1,False,False,False,0,0.4588279534146943,0.600273370670232,0.599575033863837,0.5413949271750695,0.6035801805084104,0.6002733706702318,0.8488696697698489,0.1542573834171868,1.0020052399486303,0.0,24.3818359375,1929.08984375
A1,discovery,NIGHT13B_UNIFIED_RESIDUAL,B10_T66_S40_M70,b264b9142f182ab6d2cc7977a671d33f45e97fb0252f78f17dd138eb1e64140b,0,COMMON_KMEANS,10,3484,3484,7a65e31e47074141430212884f034ddcf80e16410aa13b96c82a18d1bfacfaad,4afa798da8f6afefec62823e5ccb0b5c2d7d4dd180fc7f088e36058adc6a3f67,5d87c16ac05a33daa28cda3b0914fb4af1401be84b1b2486ee6441b607e932fd,"[[3484, 30], [3484, 30]]","[[3484, 18085], [3484, 31]]",PASS,0.6047326922416687,0.0987943261861801,0.069156028330326,1,False,False,False,0,0.2692920074739092,0.3816576360584507,0.3776770242539349,0.4274242630260125,0.3950822887133214,0.3816576360584507,0.506203948094449,0.4906624138890239,0.7238279860466719,0.0,8.744140625,1929.08984375
tonsil_s1,discovery,NIGHT13B_UNIFIED_RESIDUAL,B10_T66_S40_M70,b264b9142f182ab6d2cc7977a671d33f45e97fb0252f78f17dd138eb1e64140b,0,COMMON_KMEANS,4,4326,4326,9a30299971a5d7e475f17257fe9e0b34c500544ec6da856aec78b09648d5ba83,b6608340208932bd6858da467b92d5c0ee7b7a1473958c981a149f0fea227f85,3ac179651383fd20f7b964edede3e5231ee6c6de6dbe8b8e2b52d05a49c532d3,"[[4326, 30], [4326, 30]]","[[4326, 18085], [4326, 31]]",PASS,0.4177672564983368,6.193823355715722e-05,4.335676203481853e-05,1,False,False,False,0,0.1418066616082619,0.2842230497175844,0.2835747377572314,0.4513103679211487,0.3094809839240393,0.2842230497175843,0.6878652668545209,0.310688861996281,0.4945406466722488,0.0,10.86083984375,1929.08984375
P22,discovery,NIGHT13B_UNIFIED_RESIDUAL,B10_T66_S40_M70,b264b9142f182ab6d2cc7977a671d33f45e97fb0252f78f17dd138eb1e64140b,0,COMMON_KMEANS,9,9196,9196,47ac590e9225804548e509f74ecaa31567c00cf0139e3fc37e01a64685c5a087,1251153302673a8a6de60b84c17db1a1f8ece078669d60346744de28e0224b90,93e61848899d784acc611f5a70af616c96863c6c2e971c0e7c8d9ea0c8d3f1c6,"[[9196, 30], [9196, 50]]","[[9196, 22914], [9196, 121068]]",PASS,0.7251256704330444,0.9311843514442444,0.6518290638923645,1,False,False,False,0,0.4618829990410196,0.6041556287522191,0.6034644586654463,0.5440290985155649,0.6076375572102435,0.6041556287522192,0.8587687083535638,0.144216740568502,1.0138680525124073,0.0,24.3818359375,1929.08984375
A1,discovery,NIGHT13B_UNIFIED_RESIDUAL,B11_T68_S20_M50,96bedca9683504167a8f3fc6757eff6ec45643a368054c79f77117e7f8756e33,0,COMMON_KMEANS,10,3484,3484,7a65e31e47074141430212884f034ddcf80e16410aa13b96c82a18d1bfacfaad,f956123c0d8b7d2a926b95f316d0967336e0e6bd7309b8b586536e91df31326b,cc8f5d847e23ea8794b71b0546c56c1449cdb4866ac3b754c91ab6d725322ccd,"[[3484, 30], [3484, 30]]","[[3484, 18085], [3484, 31]]",PASS,0.6047326922416687,0.1816295087337494,0.0908147543668747,1,False,False,False,0,0.2149982081979305,0.3399841201372742,0.3358887871779187,0.3692220014105483,0.3684899068880016,0.3399841201372742,0.5045676583576311,0.4952773389225013,0.6780483275651932,0.0,8.744140625,1929.08984375
tonsil_s1,discovery,NIGHT13B_UNIFIED_RESIDUAL,B11_T68_S20_M50,96bedca9683504167a8f3fc6757eff6ec45643a368054c79f77117e7f8756e33,0,COMMON_KMEANS,4,4326,4326,9a30299971a5d7e475f17257fe9e0b34c500544ec6da856aec78b09648d5ba83,2f8b53647b0c5ab73dbad2a8fe918523f5629a8f4da332c81dfd5a15eb0fb5e6,7364576ded154f70b4ac2eb6cf3d8f3e1a1aded8ac2a21f32c6a9f8d925c952c,"[[4326, 30], [4326, 30]]","[[4326, 18085], [4326, 31]]",PASS,0.4177672564983368,0.0052479542791843,0.0026239771395921,1,False,False,False,0,0.2066461779529959,0.2913880553229362,0.2907764076049137,0.4767734648780884,0.3323705496453245,0.2913880553229361,0.6781289206619875,0.3224924461125421,0.567449888214469,0.0,10.86083984375,1929.08984375
P22,discovery,NIGHT13B_UNIFIED_RESIDUAL,B11_T68_S20_M50,96bedca9683504167a8f3fc6757eff6ec45643a368054c79f77117e7f8756e33,0,COMMON_KMEANS,9,9196,9196,47ac590e9225804548e509f74ecaa31567c00cf0139e3fc37e01a64685c5a087,ba18df1a009188e2fb4524422bc4844404f73f2c5d26a5f8d169dcc251849d67,2542b28cf34bdf7f6076c6bf8a3e13649be7d0076afad83a6ff1d54068b15f72,"[[9196, 30], [9196, 50]]","[[9196, 22914], [9196, 121068]]",PASS,0.7251256704330444,0.7114656567573547,0.3557328283786773,1,False,False,False,0,0.4113762845375114,0.5478687434105581,0.5470782476043508,0.5008778019438022,0.5507540133708378,0.5478687434105582,0.7532212426566018,0.2496760287848059,1.0327081549912691,0.0,24.3818359375,1929.08984375
A1,discovery,NIGHT13B_UNIFIED_RESIDUAL,B12_T68_S30_M60,66986b5d15c8569779f15a78a64930708501d3f7a061c4080c1a3b00678d975a,0,COMMON_KMEANS,10,3484,3484,7a65e31e47074141430212884f034ddcf80e16410aa13b96c82a18d1bfacfaad,de452c8a2558c20c9e38acb21e16947119541ddcde09672f662cb54beffc7832,db6db4e03470a3275efff22da84dd31fa355a6a2d87a017365d9a3ceb18bf59a,"[[3484, 30], [3484, 30]]","[[3484, 18085], [3484, 31]]",PASS,0.6047326922416687,0.0946599692106247,0.056795984506607,1,False,False,False,0,0.2147919975079287,0.3414271834861825,0.3373907367325733,0.3697946440486794,0.3668694339693052,0.3414271834861825,0.4611566052661869,0.5354363315898368,0.7027080934494734,0.0,8.744140625,1929.08984375
tonsil_s1,discovery,NIGHT13B_UNIFIED_RESIDUAL,B12_T68_S30_M60,66986b5d15c8569779f15a78a64930708501d3f7a061c4080c1a3b00678d975a,0,COMMON_KMEANS,4,4326,4326,9a30299971a5d7e475f17257fe9e0b34c500544ec6da856aec78b09648d5ba83,308fe5e9e6df0ec8dfbc2c2a3183646b886d2a97d0ad2a96e4b95b4e4c1a7176,d5c995f73c84c45ae0437b899fbe6c4047a629af7e7ab754cb88119f1c999589,"[[4326, 30], [4326, 30]]","[[4326, 18085], [4326, 31]]",PASS,0.4177672564983368,0.0003830421192105,0.0002298252802575,1,False,False,False,0,0.1417839133254965,0.2842034209675455,0.2835550625061156,0.4513270341892034,0.3094460037009155,0.2842034209675455,0.6881942054559338,0.310359649835894,0.4832394141703844,0.0,10.86083984375,1929.08984375
P22,discovery,NIGHT13B_UNIFIED_RESIDUAL,B12_T68_S30_M60,66986b5d15c8569779f15a78a64930708501d3f7a061c4080c1a3b00678d975a,0,COMMON_KMEANS,9,9196,9196,47ac590e9225804548e509f74ecaa31567c00cf0139e3fc37e01a64685c5a087,f951f650a51b4d214f03a742ace3cd10a86c40ec3c4a5776514d17ffdb048caa,af1c6144bce7fb73fc9037b9847bf0ce3568dc138ad8d861036e19167705d59b,"[[9196, 30], [9196, 50]]","[[9196, 22914], [9196, 121068]]",PASS,0.7251256704330444,0.7947452664375305,0.4768471717834472,1,False,False,False,0,0.3995836998213228,0.5512371485332344,0.550447727719329,0.4927542373629729,0.5508177923144338,0.5512371485332342,0.7996936530538606,0.2034356215193952,0.9718449600040912,0.0,24.3818359375,1929.08984375
A1,discovery,NIGHT13B_UNIFIED_RESIDUAL,B13_T68_S40_M70,7cf8cfe6c0de67e86388d65dfb139e47286dbeaf9129a1874b93e6a138d93849,0,COMMON_KMEANS,10,3484,3484,7a65e31e47074141430212884f034ddcf80e16410aa13b96c82a18d1bfacfaad,48c9f4030e1286bce3700d80d254a048ff92822f167094a90584e4a7867d9b9d,3b2bff6e981748f465f9dbe33fe069fac293aa76c850e711665a1aeb4879fd06,"[[3484, 30], [3484, 30]]","[[3484, 18085], [3484, 31]]",PASS,0.6047326922416687,0.04694514721632,0.0328616015613079,1,False,False,False,0,0.2315889844515699,0.351601137846308,0.3475942820771392,0.3811840521235023,0.3826324189749093,0.351601137846308,0.4985339353278725,0.5006668259608331,0.7464608978480101,0.0,8.744140625,1929.08984375
tonsil_s1,discovery,NIGHT13B_UNIFIED_RESIDUAL,B13_T68_S40_M70,7cf8cfe6c0de67e86388d65dfb139e47286dbeaf9129a1874b93e6a138d93849,0,COMMON_KMEANS,4,4326,4326,9a30299971a5d7e475f17257fe9e0b34c500544ec6da856aec78b09648d5ba83,08c1e606732cd2c79d3b819bb7a01c00b00032f7113668930a5381f477667da9,3ac179651383fd20f7b964edede3e5231ee6c6de6dbe8b8e2b52d05a49c532d3,"[[4326, 30], [4326, 30]]","[[4326, 18085], [4326, 31]]",PASS,0.4177672564983368,2.7831614715978503e-05,1.948212957358919e-05,1,False,False,False,0,0.1418066616082619,0.2842230497175844,0.2835747377572314,0.4513103679211487,0.3094809839240393,0.2842230497175843,0.6878652668545209,0.310688861996281,0.5842478051781654,0.0,10.86083984375,1929.08984375
P22,discovery,NIGHT13B_UNIFIED_RESIDUAL,B13_T68_S40_M70,7cf8cfe6c0de67e86388d65dfb139e47286dbeaf9129a1874b93e6a138d93849,0,COMMON_KMEANS,9,9196,9196,47ac590e9225804548e509f74ecaa31567c00cf0139e3fc37e01a64685c5a087,52735a460dbb907ab110433b70d7637e138f21acc57356852e400562f725034a,dfa39840d2a77727af99884883cc33bf3479997339175f9393915e3b3e3ae592,"[[9196, 30], [9196, 50]]","[[9196, 22914], [9196, 121068]]",PASS,0.7251256704330444,0.8587597012519836,0.601131796836853,1,False,False,False,0,0.4581525749823542,0.5990229441989542,0.5983225154211247,0.5407707029002444,0.6024022984117474,0.5990229441989543,0.8451835047744627,0.1580018266769465,1.1329258885234594,0.0,24.3818359375,1929.08984375
A1,discovery,NIGHT13B_UNIFIED_RESIDUAL,B14_T70_S40_M70,62d8adf99163c7d2ae47d459c6ae96615e99ef76aaa64298b6e5ac6c8c54244b,0,COMMON_KMEANS,10,3484,3484,7a65e31e47074141430212884f034ddcf80e16410aa13b96c82a18d1bfacfaad,abdf24d619d168cb62f4262c6fdadb029ff1402741d47dcda6dc3a4940c16b10,6fe2e1f1b4faa0aeecb294f7f6e3c7587faae6e442d355204deff505d6422c0f,"[[3484, 30], [3484, 30]]","[[3484, 18085], [3484, 31]]",PASS,0.6047326922416687,0.0216536056250333,0.0151575235649943,1,False,False,False,0,0.2203013686968769,0.3491486119712796,0.3451098380896042,0.3732434275795367,0.3781426203418507,0.3491486119712796,0.4890323291565424,0.5092780216779909,0.7838908694684505,0.0,8.744140625,1929.08984375
tonsil_s1,discovery,NIGHT13B_UNIFIED_RESIDUAL,B14_T70_S40_M70,62d8adf99163c7d2ae47d459c6ae96615e99ef76aaa64298b6e5ac6c8c54244b,0,COMMON_KMEANS,4,4326,4326,9a30299971a5d7e475f17257fe9e0b34c500544ec6da856aec78b09648d5ba83,1e84e301a1937fc6044ddba3ddc2543255fe69a400f76fba7769462fb7241811,3ac179651383fd20f7b964edede3e5231ee6c6de6dbe8b8e2b52d05a49c532d3,"[[4326, 30], [4326, 30]]","[[4326, 18085], [4326, 31]]",PASS,0.4177672564983368,1.2505749509728048e-05,8.754024747759104e-06,1,False,False,False,0,0.1418066616082619,0.2842230497175844,0.2835747377572314,0.4513103679211487,0.3094809839240393,0.2842230497175843,0.6878652668545209,0.310688861996281,0.4932930264621973,0.0,10.86083984375,1929.08984375
P22,discovery,NIGHT13B_UNIFIED_RESIDUAL,B14_T70_S40_M70,62d8adf99163c7d2ae47d459c6ae96615e99ef76aaa64298b6e5ac6c8c54244b,0,COMMON_KMEANS,9,9196,9196,47ac590e9225804548e509f74ecaa31567c00cf0139e3fc37e01a64685c5a087,6c01c2519fe1bb83974b1f941bfaf0d35448a2cb573882d4815b6ca37a54e2d4,88117ae28fa7211f54976884c6b9ca961d7449d81a52cbca553af3d896093303,"[[9196, 30], [9196, 50]]","[[9196, 22914], [9196, 121068]]",PASS,0.7251256704330444,0.7320458889007568,0.5124320983886719,1,False,False,False,0,0.4379646713618114,0.5772190659285991,0.5764801811518713,0.5234618137720867,0.5804246177856106,0.577219065928599,0.8138866286053597,0.1888678188415261,1.024919416755438,0.0,24.3818359375,1929.08984375
