dataset,variant,deterministic_embedding_sha256,endpoint_seed_count,n_init,ari_mean,ari_sd,nmi_mean,nmi_sd,ami_mean,fmi_mean,inertia_mean,centroid_margin_mean,partition_change_rate_mean,consensus_method,consensus_medoid_endpoint_seed,consensus_mean_pairwise_ari,consensus_partition_sha256,consensus_absolute_ari,consensus_absolute_nmi,consensus_ami,consensus_fmi,consensus_homogeneity,consensus_v_measure,consensus_morans_i,consensus_gearys_c,identity_ari_mean,identity_nmi_mean,identity_consensus_ari,identity_consensus_nmi,delta_ari_mean,delta_nmi_mean,consensus_delta_ari,consensus_delta_nmi,paired_endpoint_win_both_rate,semantic_lane
A1,IDENTITY,87306a84a580d347f7b8d6f0c66ebf1fff2cdfb826086c53ff3f1ac94b3b782b,30,20,0.2276476736809398,0.01669981348738757,0.35171178460216695,0.010650290924932729,0.34774316241704206,0.38114976442576415,177624.86875,0.0919530835106043,0.23068312284730197,PAIRWISE_ARI_MEDOID,5,0.7817631428037645,8debbcf63b2b90695ce071294495e80e78ac0199d2e0182d59021af7940d4983,0.21979411747522903,0.35448589767422695,0.3504763648429606,0.37408298592990813,0.38387882448666955,0.35448589767422695,0.484304839390565,0.5300230562482217,0.2276476736809398,0.35171178460216695,0.21979411747522903,0.35448589767422695,0.0,0.0,0.0,0.0,0.0,COMMON_HEAD_ROBUSTNESS
A1,B10_MIXTURE,bcc2990e91751c5c942e28fe4233c163e1033f28eb4018294f21536c8dcafef3,30,20,0.22763123673856736,0.015149109422004186,0.3584656026506198,0.009964076001576202,0.35443218146350985,0.381355229055498,157472.94114583332,0.09895096913440991,0.2302334481438959,PAIRWISE_ARI_MEDOID,16,0.8172245110006973,72020330c1c9f0f2d83696b61e9da0d1e20e0a1a4c82fd199bab3be9738a372f,0.21948662408656236,0.34862052581045044,0.3445784925751494,0.37343523058161093,0.37789027911846657,0.3486205258104505,0.495286281120846,0.4902659099180598,0.2276476736809398,0.35171178460216695,0.21979411747522903,0.35448589767422695,-1.6436942372438645e-05,0.00675381804845282,-0.0003074933886666742,-0.005865371863776503,0.5,COMMON_HEAD_ROBUSTNESS
A1,P4_ONLY,5555264ad0fe4288466c0a64cda9694d6d3b95ee3d7be9e715694f65718f711a,10,20,0.20431328941529753,0.0022895522480137396,0.36144680413678854,0.002032751282057806,0.357257205355349,0.3581514053842422,57824.764453125,0.15986514056077064,0.036366245694603894,PAIRWISE_ARI_MEDOID,7,0.9391730655932216,ce93b8cd7ee287c37c7e972c91bf0b7850b7e07a023dc3c53abca70411b1681f,0.20405076539262035,0.3629609500371259,0.3587819073211988,0.35767159431486883,0.4005001460406538,0.362960950037126,0.7441625114239602,0.25851539460240663,0.2276476736809398,0.35171178460216695,0.21979411747522903,0.35448589767422695,-0.023334384265642272,0.00973501953462158,-0.015743352082608686,0.008475052362898972,0.0,COMMON_HEAD_ROBUSTNESS
A1,P18_ONLY,51ee13278537317713914997e89554be81ca9377a232a1b9138de953e9a77570,10,20,0.19617187265962682,0.0003789856409740352,0.3373186467585493,0.0014584118846789477,0.33301771940448177,0.3481170271577726,22071.421484375,0.26083827951199307,0.007433983926521226,PAIRWISE_ARI_MEDOID,2,0.9899220393194991,0616f87bad54862103768711f0b58e5b0b36291e87927324fca8c3cb60c1cea1,0.19646322948164607,0.336846878083232,0.3325419731729927,0.34838853954533494,0.37522298449363567,0.336846878083232,0.8770802031038472,0.12832180968723148,0.2276476736809398,0.35171178460216695,0.21979411747522903,0.35448589767422695,-0.03147580102131298,-0.014393137843617676,-0.02333088799358296,-0.017639019590994953,0.0,COMMON_HEAD_ROBUSTNESS
A1,FIXED_BETA_0.04,8436d2a81f57bf1de792beb39c94990805e809817d41a6deea4a4638b4e8ffa0,10,20,0.22145478154278192,0.005426815742480986,0.3478904696428898,0.005322322401565519,0.3438339173497672,0.37388024236438355,165619.571875,0.09475664952748099,0.09807692307692308,PAIRWISE_ARI_MEDOID,0,0.8098797228025951,17cfd6e089195a4c0f5839e2110a632d5a6b8c7ec65f581e1c7c0ab266adabeb,0.22685296292936846,0.3515120573791011,0.3474929215956846,0.3786843090513939,0.3814102940367045,0.3515120573791011,0.48893311491192293,0.5105929225754864,0.2276476736809398,0.35171178460216695,0.21979411747522903,0.35448589767422695,-0.006192892138157879,-0.003821314959277178,0.0070588454541394285,-0.0029738402951258736,0.3,COMMON_HEAD_ROBUSTNESS
A1,FIXED_BETA_0.16,872b9c9afc4576f87f3574496650c3e1dadbef1b2d533aec1e04d2b3389d8b52,10,20,0.2211173358446795,0.011834870098344087,0.3558315982680723,0.012537770628182347,0.3517715906903858,0.37560929160319934,133392.5078125,0.10707578484343697,0.09999999999999999,PAIRWISE_ARI_MEDOID,0,0.835862825072207,38fbaf6da89943b1f950fce847a2af1f0715fd09125749c5c8dcff4df3174f0b,0.2134451909098356,0.34871419645147833,0.34466779318814283,0.36904876654223956,0.3775948331031014,0.3487141964514784,0.5175675428401125,0.4969142230712914,0.2276476736809398,0.35171178460216695,0.21979411747522903,0.35448589767422695,-0.006530337836260308,0.004119813665905359,-0.006348926565393431,-0.005771701222748615,0.2,COMMON_HEAD_ROBUSTNESS
A1,FIXED_BETA_0.32,36d00452c83b7dcab128d930e620d28772b2e37b1d35113a24ac8f06634a50e0,10,20,0.2203641902040694,0.012932713855022043,0.36631260252688697,0.011353268495013533,0.36215909056948503,0.3709341213168202,98236.07578125,0.12277122241561814,0.13975315729047072,PAIRWISE_ARI_MEDOID,0,0.7700899394805547,af2d94a2c9238dd004cb6fc61289d30264b3365d2593e769e79bb51fae5b3b67,0.2115256969583199,0.3591851104616398,0.3549743843077384,0.36451872251184697,0.3957688324488572,0.3591851104616398,0.6187427552367647,0.3813117987571605,0.2276476736809398,0.35171178460216695,0.21979411747522903,0.35448589767422695,-0.0072834834768704115,0.014600817924720011,-0.008268420516909125,0.004699212787412865,0.4,COMMON_HEAD_ROBUSTNESS
D1,IDENTITY,1a40c12c03e210c9ec419d504ee5c308f2f87c673c72026f39ae4d33c0878b9f,30,20,0.23981370520581194,0.014832823259676652,0.35584866347085103,0.009036762432345581,0.35181581202954076,0.38901850406229604,172703.75677083334,0.08083086245777274,0.19386722238761536,PAIRWISE_ARI_MEDOID,28,0.7587468314598845,7d83e11891d3dcb50c452631480eafe04720a8ac9c6b91cedb8eb8a9a8ec4f26,0.23866357975501026,0.35794867816467446,0.35412310415206605,0.3886333496106695,0.3753705180210749,0.3579486781646745,0.4363545825005118,0.5659821023910274,0.23981370520581194,0.35584866347085103,0.23866357975501026,0.35794867816467446,0.0,0.0,0.0,0.0,0.0,COMMON_HEAD_ROBUSTNESS
D1,B10_MIXTURE,b2b1df401348b5fda80ef6e9156e0dcf9ff02d5b0ce021ab77aa884a72182f70,30,20,0.23831313881758778,0.01652165236853213,0.363039326350581,0.008748536918193417,0.35885675719651383,0.3859637124893513,123963.04401041666,0.09734096291682384,0.16853230128014296,PAIRWISE_ARI_MEDOID,28,0.7766367145455503,fe553d745d4b5779c360db49c83f17a28a5d5b0c6b56f3b24d3effacbd9a6918,0.2322882278678832,0.3634030850619621,0.35933476334061926,0.3833018846032948,0.38489077996371657,0.36340308506196217,0.5439246010075961,0.44467610079844927,0.23981370520581194,0.35584866347085103,0.23866357975501026,0.35794867816467446,-0.001500566388224156,0.00719066287972997,-0.006375351887127068,0.005454406897287656,0.4,COMMON_HEAD_ROBUSTNESS
D1,P4_ONLY,15f0741b15606fa04171cf3597989ab9f8f0fa75a5246b81a1c15b7f894b1d13,10,20,0.20100639272631646,0.013871530716798098,0.3421243327709704,0.008631930510381688,0.3376503628802475,0.3570680635976443,55580.41640625,0.14033111512772378,0.15129502828222682,PAIRWISE_ARI_MEDOID,9,0.8683643851950702,61b6b8d1c95a5be1a93258c2c12ac840bddbfd24905add11d8e95997da572fbd,0.20394333818369734,0.3431908874521099,0.33871601063986806,0.36013768452575035,0.36551883151339254,0.3431908874521099,0.7475534337710349,0.25833304986219846,0.23981370520581194,0.35584866347085103,0.23866357975501026,0.35794867816467446,-0.03880731247949548,-0.01372433069988066,-0.034720241571312926,-0.014757790712564556,0.1,COMMON_HEAD_ROBUSTNESS
D1,P18_ONLY,ced00bb099f47cf626fdcc762323c5587d1e548ccd9c6415e343370f11e1d0a2,10,20,0.17869912884035752,0.005311286094373009,0.32892099275692954,0.004196896390220467,0.32440045480432894,0.3350182240569578,20823.8076171875,0.2247229087415644,0.14635308127418875,PAIRWISE_ARI_MEDOID,4,0.7653479530181356,3f456a5d49c771eeb34c03ec76d76e58c23d5571fa814028b613c65fdf9635f0,0.1815413565086353,0.3348711015280532,0.33038795297648926,0.33751528077043214,0.3616061310456486,0.3348711015280532,0.8602537632730922,0.1446317287677412,0.23981370520581194,0.35584866347085103,0.23866357975501026,0.35794867816467446,-0.06111457636545442,-0.026927670713921492,-0.057122223246374976,-0.023077576636621244,0.0,COMMON_HEAD_ROBUSTNESS
D1,FIXED_BETA_0.04,247592289fa553185396786cf316a9a50453219157551847652fb058283d64bf,10,20,0.23201978145994903,0.012473475443739192,0.35523640822834585,0.00793377486392904,0.35119248470651526,0.37985881977567015,161084.7375,0.08351526759165329,0.1426615064007145,PAIRWISE_ARI_MEDOID,4,0.7800100223587503,63d13c58f9643223bcecb9301f5530d043b778323b0fd75ba78dfabf7e636b1a,0.23963624034806624,0.3625599597915691,0.35849575086960034,0.3895783873989776,0.3826451226604625,0.3625599597915691,0.46654876789384503,0.5230020307196255,0.23981370520581194,0.35584866347085103,0.23866357975501026,0.35794867816467446,-0.007793923745862907,-0.0006122552425051886,0.0009726605930559795,0.004611281626894614,0.4,COMMON_HEAD_ROBUSTNESS
D1,FIXED_BETA_0.16,1cbf5a9ed682ffba19e5e9c2a54843bb3cd20fd09d9e91f8a73182afe96aac71,10,20,0.23775342917285008,0.010714924353460494,0.3627845199699019,0.00673447533670376,0.3585924865593705,0.3843029739349135,129026.44140625,0.09361554562052299,0.2218219708246502,PAIRWISE_ARI_MEDOID,8,0.7297973246490577,b2513de5db32f848f9d00193926d2ef47833461e63c6067ce24a26164272343a,0.23576786786434478,0.36462705438352266,0.36036068297098184,0.3868607049757055,0.38652111148597007,0.3646270543835226,0.5566414827485648,0.4437306384896851,0.23981370520581194,0.35584866347085103,0.23866357975501026,0.35794867816467446,-0.0020602760329618552,0.006935856499050874,-0.002895711890665481,0.006678376218848203,0.5,COMMON_HEAD_ROBUSTNESS
D1,FIXED_BETA_0.32,b4e3ca691c5f65c273a6825bce93f7e21d22e64e48adfceb2775468f98b8e4a7,10,20,0.2340123706895612,0.01192006392578557,0.36483626791505896,0.006311779619160134,0.36055943039486266,0.3812462175015659,93629.66875,0.11347751891651672,0.15730872283417682,PAIRWISE_ARI_MEDOID,9,0.8068465245113601,20271881a57678d7b35e2e774a8c554574e4be2c8d9f33daaebad7d6b6d36377,0.2304857878989671,0.36625762583832894,0.3619617158946783,0.38002617473506656,0.393872526958839,0.36625762583832894,0.6383054789300487,0.36354945378318065,0.23981370520581194,0.35584866347085103,0.23866357975501026,0.35794867816467446,-0.005801334516250728,0.00898760444420793,-0.00817779185604317,0.008308947673654477,0.4,COMMON_HEAD_ROBUSTNESS
tonsil_s1,IDENTITY,0374ab13fee4b236db2d1bbf0d245aada26e52bb76a56d35f5e48f521c65096f,30,20,0.1563975610419868,0.024633361339874944,0.2748507352406529,0.01211625293766817,0.27419342098048183,0.46550064103356115,238021.309375,0.10649116914171451,0.17844043766373865,PAIRWISE_ARI_MEDOID,20,0.814522761186508,dcd73ee2c5f482feb87c1b2c0d9c353a1624bc88c67b162537c3e5efde07a183,0.1477773149447954,0.2743170927462934,0.2736447207655526,0.4710660043203413,0.2920302971393693,0.27431709274629335,0.6494820396783048,0.3498704027815027,0.1563975610419868,0.2748507352406529,0.1477773149447954,0.2743170927462934,0.0,0.0,0.0,0.0,0.0,COMMON_HEAD_ROBUSTNESS
tonsil_s1,B10_MIXTURE,2694e4be0cc41ccdc2c024aedfdf322f2b31efc2646f677bdd5e4996ee526f3a,30,20,0.15628820491208337,0.024531103288268078,0.2747833846077777,0.012132952750017299,0.27412602311396067,0.4654158262996602,238007.453125,0.10649399101651458,0.17844043766373865,PAIRWISE_ARI_MEDOID,20,0.8144267384288528,dcd73ee2c5f482feb87c1b2c0d9c353a1624bc88c67b162537c3e5efde07a183,0.1477773149447954,0.2743170927462934,0.2736447207655526,0.4710660043203413,0.2920302971393693,0.27431709274629335,0.6494820396783048,0.3498704027815027,0.1563975610419868,0.2748507352406529,0.1477773149447954,0.2743170927462934,-0.00010935612990342625,-6.735063287521825e-05,0.0,0.0,0.06666666666666667,COMMON_HEAD_ROBUSTNESS
tonsil_s1,P4_ONLY,786db44313ed64f009428c8cdf56d5f87f410a779d5de29db11f4402ffe60926,10,20,0.15936396816150017,0.0013297507910390387,0.2706136872455963,0.000719377637716971,0.26997785215340675,0.44853318233552947,103190.56796875,0.14223694104933707,0.0039990753582986645,PAIRWISE_ARI_MEDOID,9,0.9889231567820402,4229e340fb7604e67fef91038dff9a56b8bb5b5d45a5a9e800fcbabcb2f4ae6e,0.158658467495727,0.2698739674547033,0.2692376101951634,0.44797423457132374,0.3049198745742632,0.2698739674547034,0.7541372712219736,0.24599742664412763,0.1563975610419868,0.2748507352406529,0.1477773149447954,0.2743170927462934,0.0029664071195133757,-0.0042370479950565865,0.010881152550931611,-0.004443125291590078,0.3,COMMON_HEAD_ROBUSTNESS
tonsil_s1,P18_ONLY,0e6fa3af540896726da4fd4abe7ee62c616d1f7deaf721842a18885f9ca354a4,10,20,0.0569994374180844,0.000397438696376459,0.1513665262863592,0.001045449237268015,0.1506233520969345,0.38086597528039506,53513.01328125,0.18245396113682893,0.010980120203421173,PAIRWISE_ARI_MEDOID,1,0.9744302324663578,0a5df2277b2ba1cb48264f5b9aff19f727ac4be1596908bdd7195be43f45c12d,0.056640517417469935,0.15078783081361455,0.15004460566562963,0.38023878953570966,0.1696817362795364,0.15078783081361458,0.8390760082886206,0.16166894713438307,0.1563975610419868,0.2748507352406529,0.1477773149447954,0.2743170927462934,-0.09939812362390239,-0.12348420895429371,-0.09113679752732547,-0.12352926193267885,0.0,COMMON_HEAD_ROBUSTNESS
tonsil_s1,FIXED_BETA_0.04,bd6ab94562cefd5e995f7422a2635fd8d3dbcc5ad84194688e339920a5edbceb,10,20,0.1596605366360988,0.02600860287905356,0.2806819513120515,0.008634542574054774,0.28002766377066557,0.4687855178322697,225437.0109375,0.10962254137000445,0.2146786870087841,PAIRWISE_ARI_MEDOID,3,0.8303255288489941,0361f2be76718708996076fbce1f49ba4940ad3dddef74672e6a3d024181c6ba,0.14758480602360036,0.2735249134499594,0.27285097214167553,0.47161489566248405,0.29083514577443975,0.2735249134499594,0.6532211604669469,0.34603466166577845,0.1563975610419868,0.2748507352406529,0.1477773149447954,0.2743170927462934,0.003262975594112011,0.005831216071398582,-0.0001925089211950448,-0.0007921792963340168,0.5,COMMON_HEAD_ROBUSTNESS
tonsil_s1,FIXED_BETA_0.16,50b6fe1eb6e3e50a9139ca4b4d4737e39a4930bfbdbac773ee18e9a8c25ba650,10,20,0.15346373046526912,0.0015135603184208524,0.2778037606698473,0.00425889794639327,0.2771347395254869,0.47384990478037,191267.18125,0.1193199115556737,0.0396208969024503,PAIRWISE_ARI_MEDOID,1,0.9766917246420153,3e0328fad68e8cd9fe404bf388363a79557d2bc7c8a089a83110ffaede1bc6e6,0.15429835140633982,0.2763693565395505,0.2756974457820491,0.47588276706914573,0.29360049651690917,0.27636935653955047,0.6780249415214089,0.32126012825446637,0.1563975610419868,0.2748507352406529,0.1477773149447954,0.2743170927462934,-0.002933830576717672,0.0029530254291944003,0.006521036461544422,0.0020522637932571253,0.7,COMMON_HEAD_ROBUSTNESS
tonsil_s1,FIXED_BETA_0.32,e528b0adcd0f1b63a90e9dacded167fb3738dede40399542a1e23e8fe450ce6c,10,20,0.15630650504306248,0.011894989025489034,0.2783269757280965,0.005548238200638807,0.27766951839073617,0.46719214220024263,154199.6421875,0.13114867053083207,0.267799352750809,PAIRWISE_ARI_MEDOID,6,0.8835105580917743,5cd80643abdfb2bda7d119106ebcae3da9c9828e9a4dc0943a9048e10b663261,0.1502026184385976,0.2735477178754165,0.27287671445634776,0.47032589727401425,0.29209930261834427,0.27354771787541654,0.6935438822234384,0.3050832295853817,0.1563975610419868,0.2748507352406529,0.1477773149447954,0.2743170927462934,-9.105599892431093e-05,0.003476240487443605,0.002425303493802211,-0.0007693748708769155,0.6,COMMON_HEAD_ROBUSTNESS
tonsil_s2,IDENTITY,e80f34da4f4137a4079a1b79078fae48d5dba1abde6f1886ec373770dbf5409d,30,20,0.16789742055382764,0.019905992414931472,0.2694354291741437,0.004818100602772443,0.2688173935619522,0.459823342293192,248878.69010416666,0.10029129800471483,0.11119716751493693,PAIRWISE_ARI_MEDOID,4,0.8151218670748803,e9fff53c2cd1ab2e42261bc71c186bdbf19be9347e299988ff668e279d0aacc0,0.15171735129486796,0.267430886702876,0.26678923353048717,0.46602100805035795,0.2798451493948876,0.267430886702876,0.6629254442800888,0.3339388316193066,0.16789742055382764,0.2694354291741437,0.15171735129486796,0.267430886702876,0.0,0.0,0.0,0.0,0.0,COMMON_HEAD_ROBUSTNESS
tonsil_s2,B10_MIXTURE,6cab8537b6b4d8ec8677aa540d25e69c5bad3883e5f1e68d072ad5e4465792b1,30,20,0.16782153262705837,0.019834943501687755,0.26935940795775154,0.004769597675998806,0.268741326130072,0.45975616663609603,248830.36979166666,0.10030064772499779,0.11130781146271299,PAIRWISE_ARI_MEDOID,4,0.8153025082651851,e9fff53c2cd1ab2e42261bc71c186bdbf19be9347e299988ff668e279d0aacc0,0.15171735129486796,0.267430886702876,0.26678923353048717,0.46602100805035795,0.2798451493948876,0.267430886702876,0.6629254442800888,0.3339388316193066,0.16789742055382764,0.2694354291741437,0.15171735129486796,0.267430886702876,-7.588792676926914e-05,-7.602121639216364e-05,0.0,0.0,0.1,COMMON_HEAD_ROBUSTNESS
tonsil_s2,P4_ONLY,149d2312c6d2e00fa80ae724cdc881e72ffaee40ad43beafd72017a6dd3f2fb2,10,20,0.1772436733406583,0.0009747438471009981,0.2659092279533606,0.001013765190589525,0.265303917314362,0.45327795715382885,106215.6515625,0.13885669001838696,0.010511175038725373,PAIRWISE_ARI_MEDOID,7,0.9835447930056326,da5aa50df350827a99eef83a050fe83dc476a6af9e24e72625e7e1ddf1df6057,0.17714662742741324,0.26512871154684226,0.26452259847433685,0.45328828095687834,0.2942330099407569,0.26512871154684226,0.7572714407411755,0.24253092829418432,0.16789742055382764,0.2694354291741437,0.15171735129486796,0.267430886702876,0.009346252786830656,-0.0035262012207831206,0.02542927613254528,-0.002302175156033759,0.2,COMMON_HEAD_ROBUSTNESS
tonsil_s2,P18_ONLY,eda40b0326fe9510b3899e2ce754b8cf47de061318f8398b863d7f3799f04940,10,20,0.06158123413927859,0.0002060305876280364,0.1399455358231795,0.00046441135074992273,0.13921855805106018,0.3892635287234071,53135.50390625,0.1863105728849059,0.0019915910599690224,PAIRWISE_ARI_MEDOID,0,0.9936814381588548,11ea85710c9cd4ee1a228f78a19bc78c9ce727a0650b7e4cdf14bc8308078986,0.06131116879676698,0.13944851130703917,0.1387211748640765,0.38907536234647194,0.15107621802753274,0.13944851130703917,0.8488830077962751,0.1506812491127837,0.16789742055382764,0.2694354291741437,0.15171735129486796,0.267430886702876,-0.10631618641454905,-0.1294898933509642,-0.09040618249810098,-0.12798237539583684,0.0,COMMON_HEAD_ROBUSTNESS
tonsil_s2,FIXED_BETA_0.04,94f5e6a8426e6f2745600671c95b13aa6918132183bbdd2d0af5c9c5d3bebe14,10,20,0.19079567913357603,0.0031782029997808113,0.27564077655754043,0.0013205634760657787,0.27505153679383737,0.45692171939262527,235375.4234375,0.10187620652104463,0.005178136755919438,PAIRWISE_ARI_MEDOID,8,0.9880255032653886,4f7a406c48ac3513bd32c403dc36fb5979c714999a8b6291dd4c3507a32fea15,0.1907242910734626,0.27597446911147694,0.27538575801404336,0.4566888640397862,0.3105834839115581,0.27597446911147694,0.691508501949033,0.3080591651825743,0.16789742055382764,0.2694354291741437,0.15171735129486796,0.267430886702876,0.022898258579748393,0.006205347383396731,0.039006939778594624,0.008543582408600925,0.9,COMMON_HEAD_ROBUSTNESS
tonsil_s2,FIXED_BETA_0.16,a44802ac167dc80e35a69bdaba6c8f68735df59fdf4489fc0b64f57b62e04939,10,20,0.18865250685816204,0.00363206277006088,0.274071744861819,0.0018972140995682715,0.27348085380209763,0.4556967351139537,198753.896875,0.11180133903917341,0.007922106660765649,PAIRWISE_ARI_MEDOID,4,0.988624046922791,86452181ea2c84f0488cc620031a6126a6715686281cfcef35ff0df95637bd4f,0.18764688076035024,0.2735184411959675,0.2729272642255765,0.45488180371077724,0.3075793506906512,0.27351844119596747,0.7052422571672348,0.29438703276794914,0.16789742055382764,0.2694354291741437,0.15171735129486796,0.267430886702876,0.020755086304334397,0.0046363156876753076,0.03592952946548228,0.006087554493091507,0.7,COMMON_HEAD_ROBUSTNESS
tonsil_s2,FIXED_BETA_0.32,b380162247382eee0340e1bbf83e8d2717b31777f4bdac9a9a61e0f810e8583f,10,20,0.19786040690925627,0.00284367872666554,0.28124658286485804,0.0010762656212172476,0.28065942544900907,0.4636307410767463,159019.63125,0.12517279310549606,0.00962602345651693,PAIRWISE_ARI_MEDOID,5,0.9806807412267032,f8c5f27b6af7c1635f5ac89c173ce89291db2ec85e699c4437154554b4aba893,0.19605057097698986,0.2807875926285192,0.28020063153552077,0.4619725889501528,0.3148556827826422,0.28078759262851927,0.7206063028571575,0.2793062414362477,0.16789742055382764,0.2694354291741437,0.15171735129486796,0.267430886702876,0.029962986355428628,0.011811153690714338,0.044333219682121894,0.013356705925643197,1.0,COMMON_HEAD_ROBUSTNESS
tonsil_s3,IDENTITY,ffe437b3acc298e073eeac1129f9b28f662632d1f6c059f179a33e1eb77d6dd1,30,20,0.19017663610986532,0.01508534757334841,0.24707311072268412,0.006036507414273728,0.24642510449290408,0.4766470062613134,249195.10729166667,0.10111050206824354,0.032507557325075584,PAIRWISE_ARI_MEDOID,2,0.9444502219591365,9478911eed010b010dbc6f4abf7e8dd35b0aaab2540b41ecdbedb9b4d1f6b8e4,0.19455571126462207,0.2498462993534736,0.24920368856505637,0.4776104494438614,0.2759667764463762,0.24984629935347358,0.7295954025584896,0.27013509504236,0.19017663610986532,0.24707311072268412,0.19455571126462207,0.2498462993534736,0.0,0.0,0.0,0.0,0.0,COMMON_HEAD_ROBUSTNESS
tonsil_s3,B10_MIXTURE,a74e74bf14fade1d450b81ea4fe221e5ae106a01d88af82a7a9f09a19ec53bba,30,20,0.19017663610986532,0.01508534757334841,0.24707311072268412,0.006036507414273728,0.24642510449290408,0.4766470062613134,249195.07760416667,0.10111050784011202,0.032507557325075584,PAIRWISE_ARI_MEDOID,2,0.9444502219591365,9478911eed010b010dbc6f4abf7e8dd35b0aaab2540b41ecdbedb9b4d1f6b8e4,0.19455571126462207,0.2498462993534736,0.24920368856505637,0.4776104494438614,0.2759667764463762,0.24984629935347358,0.7295954025584896,0.27013509504236,0.19017663610986532,0.24707311072268412,0.19455571126462207,0.2498462993534736,0.0,0.0,0.0,0.0,0.0,COMMON_HEAD_ROBUSTNESS
tonsil_s3,P4_ONLY,1f50ccc1991e58f670ae8a7ddfc390caffbc426eb5f2fdacd567a6ed718abb25,10,20,0.12532510288746557,0.0013050752590124065,0.21557230621573642,0.0006534228640546457,0.21489724610016472,0.4343022114459697,132680.75,0.12327864453391242,0.002610042026100423,PAIRWISE_ARI_MEDOID,0,0.9917938025489367,766670d9a9c88af8512c9ee9cba24bbae3ea32c8d7761595c87d1f1d58e68625,0.12627041642536813,0.21607420946398004,0.2153997070528708,0.43479862832174204,0.23762569619864374,0.2160742094639801,0.7744115690530874,0.22535450834672363,0.19017663610986532,0.24707311072268412,0.19455571126462207,0.2498462993534736,-0.06485153322239975,-0.0315008045069477,-0.06828529483925394,-0.03377208988949357,0.0,COMMON_HEAD_ROBUSTNESS
tonsil_s3,P18_ONLY,4d92eaa30181cd696532a15f85769004188bab06bd78e5b9d7484466651bcbbc,10,20,0.04389588944760241,0.006319811368384871,0.09716344192676687,0.004280424215303668,0.09635953389401404,0.4025845203900277,82189.74453125,0.14942877955104455,0.07967263879672637,PAIRWISE_ARI_MEDOID,0,0.8266982577897973,371fc6ca566a9ec02755c9dbe2259ccf9452ab4f3aecbad03cd8f91ca93da914,0.03927016636714444,0.0964569584210986,0.0956591184899163,0.39471528507442566,0.10338728453234931,0.0964569584210986,0.8673449971602761,0.13169924949210596,0.19017663610986532,0.24707311072268412,0.19455571126462207,0.2498462993534736,-0.14628074666226293,-0.14990966879591724,-0.15528554489747762,-0.153389340932375,0.0,COMMON_HEAD_ROBUSTNESS
tonsil_s3,FIXED_BETA_0.04,97bfcf1c1fc055cb0a68e3373d87ff68bbef324b52daec7b467c67fdff514c7a,10,20,0.191138147091786,0.004611603164669451,0.24599885782391592,0.00246072905627029,0.24535154587603053,0.47603302726845087,238895.4421875,0.10302880984630795,0.011568237115682367,PAIRWISE_ARI_MEDOID,0,0.9710844473918108,b861812cdfcc1bf3a824019f13c0dd59f6e822e6ed1ea17d3fc6128dc2e63922,0.1896731705715823,0.24391676470200932,0.2432678988694613,0.47492232238425997,0.26894595766046897,0.24391676470200935,0.7419930392360274,0.2576265095213285,0.19017663610986532,0.24707311072268412,0.19455571126462207,0.2498462993534736,0.0009615109819206824,-0.0010742528987681965,-0.004882540693039755,-0.0059295346514642855,0.3,COMMON_HEAD_ROBUSTNESS
tonsil_s3,FIXED_BETA_0.16,92f1883b099ea125b7a1a079c3b073c6a622769ac44726ba2ff99fc3461cded3,10,20,0.18595177979106833,0.0033029933300498904,0.2448374674563248,0.0025617274478953243,0.2441898030340286,0.4721367731908865,210816.153125,0.10890080012357091,0.014819730148197308,PAIRWISE_ARI_MEDOID,1,0.9757763275274476,73cf45fb44573ae11e9b1b6a4d5ae42f9eb19d35e97f67c6f9f6bb9ffc120449,0.18401421768130288,0.2439899821701868,0.24334140060123044,0.4709693712031324,0.2691168712610664,0.24398998217018683,0.749553151306492,0.25002782446951477,0.19017663610986532,0.24707311072268412,0.19455571126462207,0.2498462993534736,-0.004224856318796988,-0.002235643266359333,-0.010541493583319184,-0.005856317183286802,0.1,COMMON_HEAD_ROBUSTNESS
tonsil_s3,FIXED_BETA_0.32,0d7e6aa1894a4de1f1a91b5aa2f0311b73771494d2db08bf8ebeaba1f4e76a6b,10,20,0.17456977307825566,0.007053899778455864,0.2414234373570586,0.002571400376212008,0.24077280016819075,0.4645669268979543,179958.365625,0.11607668759663443,0.014244636142446365,PAIRWISE_ARI_MEDOID,2,0.9618215196983086,92195573a519a4e418d91c93c9c7ffaa610c9244512478a31e3b96b19e6a638f,0.16883345552711912,0.23971387794205354,0.23906140717482025,0.46092096895088086,0.26431356941446554,0.23971387794205354,0.7549395724467473,0.24477124566679304,0.19017663610986532,0.24707311072268412,0.19455571126462207,0.2498462993534736,-0.015606863031609658,-0.005649673365625524,-0.025722255737502947,-0.010132421411420067,0.1,COMMON_HEAD_ROBUSTNESS
P22,IDENTITY,d5a96f3bb06d0aa0877f4064ebd22ca27902b6bd4cd708cc5e621da7c1d37875,30,20,0.27983933446966064,0.00951159426091123,0.4265603614280826,0.0108206086582565,0.4255273762799835,0.39690073619672106,579397.7854166667,0.09385186820398143,0.09182615629984052,PAIRWISE_ARI_MEDOID,29,0.9125542539076525,6f0008ae216d8be7bf4dc6a397d7e9d39eac4563466f1628117bb7439dba24d0,0.2881037794855611,0.43355422737371613,0.4325272213230038,0.40401698337013403,0.42386504980703915,0.4335542273737161,0.5961075417900196,0.4088878390407041,0.27983933446966064,0.4265603614280826,0.2881037794855611,0.43355422737371613,0.0,0.0,0.0,0.0,0.0,COMMON_HEAD_ROBUSTNESS
P22,B10_MIXTURE,430522ab477387d577e1d498436a4a4070292fc690960ec6cf69b3e6941f74e6,30,20,0.46213900869903785,0.0009170172592687401,0.6044421712599257,0.0011861054534129988,0.6037515401958601,0.544243565024102,116546.45026041666,0.2522322783235435,0.0019428737132086446,PAIRWISE_ARI_MEDOID,9,0.9963550382336621,c49a6b7cd504ccb71ac616b00152038728eac604632fac4d1513270883004728,0.46211041299386524,0.6044941120773278,0.6038035497847762,0.5442186101694602,0.6079918193720841,0.604494112077328,0.8588340579054079,0.14417632412127404,0.27983933446966064,0.4265603614280826,0.2881037794855611,0.43355422737371613,0.1822996742293772,0.1778818098318431,0.17400663350830414,0.1709398847036117,1.0,COMMON_HEAD_ROBUSTNESS
P22,P4_ONLY,e4495fef40cf1ce8fa703de6c69fe7acba77a3d3f74760d27d40e1330676ca45,10,20,0.44025729204136876,0.00022861098089303267,0.5810373177064637,0.00025343312424828165,0.5803041132585577,0.5260221107807305,175835.425,0.19547758478724347,0.002120487168334062,PAIRWISE_ARI_MEDOID,4,0.9957771521876808,82d330589f2512800efd732432d00d48d62b363ef7a3ada7d3d67fc576d648d8,0.4405500374998739,0.5812817410262296,0.5805490150705894,0.5262463512046899,0.5835804196325696,0.5812817410262298,0.8228955169986222,0.18014482504163776,0.27983933446966064,0.4265603614280826,0.2881037794855611,0.43355422737371613,0.16041795757170813,0.1544769562783811,0.15244625801431283,0.14772751365251352,1.0,COMMON_HEAD_ROBUSTNESS
P22,P18_ONLY,b2a9c7f6a316e7a3a1e06510820ddbbbe0aebd05720b11fa7a54eedeca43b982,10,20,0.4785753857594939,0.0009855502450527621,0.6355750294369861,0.000812868030259983,0.6349389716822806,0.5585412822572214,63840.459375,0.3438103041879822,0.0013157894736842146,PAIRWISE_ARI_MEDOID,0,0.9973269594013034,5ed608304f9429847ef6a89617bea77a044ca6488d8fe172d9a3330569fdf8ec,0.47814710491222645,0.6352830906387562,0.6346465424444313,0.5581684436321827,0.638804035094861,0.6352830906387561,0.9107693727126676,0.09190588194213474,0.27983933446966064,0.4265603614280826,0.2881037794855611,0.43355422737371613,0.19873605128983324,0.20901466800890345,0.19004332542666535,0.20172886326504008,1.0,COMMON_HEAD_ROBUSTNESS
P22,FIXED_BETA_0.04,3cca2ef1f78d91f4f96f5ef939811eb5be5805b8429f6e940316e04b09f017df,10,20,0.301735395363106,0.004446621183356211,0.4462481235087343,0.0060710285241797855,0.44525522725682964,0.4136415831723802,537303.5125,0.09727330815586749,0.039234449760765566,PAIRWISE_ARI_MEDOID,6,0.95355320202634,c3bc6fae9a74ea2339c1e7a7197f074720aa0c9476e9d713d09e164a33ee28c5,0.3010998226805995,0.4431622197393042,0.442154913618408,0.4140309976027674,0.4340886897542868,0.44316221973930414,0.6121007740213972,0.393727326185171,0.27983933446966064,0.4265603614280826,0.2881037794855611,0.43355422737371613,0.021896060893445368,0.01968776208065165,0.012996043195038387,0.00960799236558807,1.0,COMMON_HEAD_ROBUSTNESS
P22,FIXED_BETA_0.16,31eff5f20a3314787e35eeea3163feb781b74a9ab0fe27e50fdcedbf6fb5143e,10,20,0.3405559024803969,0.006022779679567154,0.47911899842180955,0.006937915247312723,0.4781869670118114,0.4445993665471111,422210.915625,0.11081285575640028,0.030828621139625922,PAIRWISE_ARI_MEDOID,6,0.9629208904877997,cb8c4572030aa642f833211c0f0eb9c6ee40606fe9afb03b1493332c42338d9d,0.3430696612466717,0.4790838011257693,0.47814540439389824,0.4473380164189852,0.471132242410114,0.47908380112576937,0.6639460217219438,0.34198430280414743,0.27983933446966064,0.4265603614280826,0.2881037794855611,0.43355422737371613,0.06071656801073627,0.052558636993726926,0.05496588176111061,0.04552957375205319,1.0,COMMON_HEAD_ROBUSTNESS
P22,FIXED_BETA_0.32,ced7a4e8a689d5a456d68502ef3dad50f5f7fe8d7915eab1581dfb616f16a8d4,10,20,0.4042263090573076,0.0015881788495133514,0.5403146190427071,0.0012215643925138579,0.5395105228721554,0.4949803173062321,293305.959375,0.14060795021264844,0.0048825576337537925,PAIRWISE_ARI_MEDOID,5,0.9899575357671833,3ede33689afc7a6f47b317d6140eb0440dd557f8ecbe0f53ececc88479677d97,0.4045439874220867,0.540151691670306,0.5393475170654741,0.495177966839229,0.5428587078475557,0.5401516916703061,0.7387770901600568,0.2638095742774678,0.27983933446966064,0.4265603614280826,0.2881037794855611,0.43355422737371613,0.12438697458764697,0.11375425761462443,0.1164402079365256,0.10659746429658984,1.0,COMMON_HEAD_ROBUSTNESS
MISAR_E15_5_S1,IDENTITY,7205a9cecfbd6267d8f2bcfa2c5d75fc666df3a3e79da3a839d7ca72ba6ba5aa,30,20,0.15819481103954153,0.02447597905586453,0.30960661510611165,0.02357781714144379,0.30563558287311454,0.3445190984631099,127948.55442708333,0.08980556097402101,0.242927997263554,PAIRWISE_ARI_MEDOID,9,0.7433873736657396,eb6fdd1344fbd5c7b8e9eb9d1099a2ee3e29ae84fdf7e16b60fa30d61d302148,0.13584991321819984,0.3105538263973566,0.30652771092419323,0.3320127272897269,0.30237230476004656,0.31055382639735657,0.6662375542618707,0.34180731977835466,0.15819481103954153,0.30960661510611165,0.13584991321819984,0.3105538263973566,0.0,0.0,0.0,0.0,0.0,COMMON_HEAD_ROBUSTNESS
MISAR_E15_5_S1,B10_MIXTURE,e0d35b838a51bf663b81a58c017c80e4fbe5a8ec1cc788bfe2f08cddd5ffd680,30,20,0.16426585569066285,0.020771716683232813,0.31694086902224544,0.020819056650430132,0.3130139625594001,0.3482959958721516,120603.17994791667,0.09182252340738728,0.17485890200102622,PAIRWISE_ARI_MEDOID,17,0.7508918167969842,744335e47df619e1e072fbfa6b50a5c7da9fec4790425aeab5d12cbec550b940,0.17229485253517585,0.32224350382417566,0.3182076711080518,0.3636749009247903,0.30981161664776335,0.3222435038241756,0.6488377562943393,0.36620331743557255,0.15819481103954153,0.30960661510611165,0.13584991321819984,0.3105538263973566,0.006071044651121321,0.007334253916133793,0.03644493931697601,0.011689677426819034,0.5,COMMON_HEAD_ROBUSTNESS
MISAR_E15_5_S1,P4_ONLY,1596af0e000f54d9929b4a56a68cf381271bdc59b04bbe54dd5d0e02d3cfa041,10,20,0.28467113284954,0.01850082773547852,0.4963580483111599,0.009006220037378268,0.49349602333263104,0.44455455928960513,45959.76875,0.17300947802392766,0.09687018984094407,PAIRWISE_ARI_MEDOID,6,0.8861007762314588,f09ca34484819c0eddd31f007cf333967a1cc18f05dbe6167cfdfa18204386c1,0.2682083925540348,0.4906529572648843,0.4877639738334732,0.432012353965023,0.4869818514065368,0.49065295726488434,0.8570146784217151,0.15021237962943104,0.15819481103954153,0.30960661510611165,0.13584991321819984,0.3105538263973566,0.12647632180999846,0.18675143320504828,0.13235847933583494,0.18009913086752766,1.0,COMMON_HEAD_ROBUSTNESS
MISAR_E15_5_S1,P18_ONLY,2b8296837617d76932536ca7f0eaeafe2cad1687fd3f92087c022c1441061f3e,10,20,0.3419541831409826,0.032980965081650264,0.5411207501699098,0.018181902775718295,0.5385733417308579,0.4820465698871995,19832.5314453125,0.2935287051892742,0.04617752693689072,PAIRWISE_ARI_MEDOID,0,0.9298274738488066,1f40b37bbdd6df772a44fe04202d4a62525951e927eee8f5d736b9459ee8c260,0.34143404524822357,0.5404761765723664,0.537909542668899,0.48300880240180405,0.543858821209382,0.5404761765723662,0.9040553677303652,0.09893984815756461,0.15819481103954153,0.30960661510611165,0.13584991321819984,0.3105538263973566,0.18375937210144105,0.23151413506379814,0.20558413203002374,0.22992235017500973,1.0,COMMON_HEAD_ROBUSTNESS
MISAR_E15_5_S1,FIXED_BETA_0.00,7205a9cecfbd6267d8f2bcfa2c5d75fc666df3a3e79da3a839d7ca72ba6ba5aa,10,20,0.16018101291520415,0.024635243009378277,0.3123187264091568,0.02311949854290872,0.30833886521237436,0.3474618096631172,127933.5890625,0.09040646819575521,0.22503848127244738,PAIRWISE_ARI_MEDOID,5,0.7775023571214819,f45678a84ee78e6b40e5df66caecf885132fb5621fa989fc3ebabef82063f722,0.15242487467837176,0.30741461113317475,0.30345157822626695,0.3392054222258215,0.3039188378627158,0.30741461113317475,0.6431379066338084,0.36553526521147195,0.15819481103954153,0.30960661510611165,0.13584991321819984,0.3105538263973566,0.0019862018756626187,0.0027121113030451616,0.016574961460171928,-0.0031392152641818716,0.0,COMMON_HEAD_ROBUSTNESS
MISAR_E15_5_S1,FIXED_BETA_0.01,ffd5c49d53ecc1cfa79ab543b41ddf0f78258e50781c8d733b9998b802769425,10,20,0.1489212931498281,0.023139485636983904,0.30287560296977667,0.021868594173300643,0.2988076770380693,0.3408177802478547,126019.61640625,0.08969961354379567,0.1469984607491021,PAIRWISE_ARI_MEDOID,4,0.7464195305512965,e902ea92dafaf30648858c87a3be103e5c62c9962a93ce324d98540684115dd3,0.15602745965408307,0.30522217202784613,0.301068465943371,0.35375993902102637,0.29204943813716344,0.30522217202784613,0.6441284050245901,0.3618053670856623,0.15819481103954153,0.30960661510611165,0.13584991321819984,0.3105538263973566,-0.009273517889713423,-0.0067310121363349795,0.020177546435883237,-0.005331654369510497,0.4,COMMON_HEAD_ROBUSTNESS
MISAR_E15_5_S1,FIXED_BETA_0.02,44ab86d63fe5aef4b31ad936668e582dc6185ba5026311a539f3c7ac7cb7b403,10,20,0.17484070499502263,0.027919400573541524,0.3242146796994213,0.022170450220420294,0.3203103680083631,0.3579161095170228,124001.5859375,0.09113148768252546,0.22442278091328888,PAIRWISE_ARI_MEDOID,4,0.7430419927781429,3ba0b99e675e5a71e0ecddd1c51ed369cfbe2054fdce295e26490d5be7b3af87,0.16003973297715818,0.3039510037924333,0.2997733354057566,0.35782734440766906,0.28997807698403194,0.3039510037924333,0.651198029781632,0.35712196738701485,0.15819481103954153,0.30960661510611165,0.13584991321819984,0.3105538263973566,0.016645893955481106,0.014608064593309655,0.024189819758958342,-0.006602822604923342,0.6,COMMON_HEAD_ROBUSTNESS
MISAR_E15_5_S1,FIXED_BETA_0.03,9a97fd5c91f96af2d7e11a029ca16ca9fb4749bcb1d916739da8777cc08a9217,10,20,0.16911987246237167,0.024436056809976105,0.313407013410691,0.014675643105332098,0.3094337269189108,0.35315085461254536,121892.609375,0.09013795999568533,0.15459209851205746,PAIRWISE_ARI_MEDOID,3,0.7678388645098251,6f56e22071d88bc23e2ab92c1b00c5cb48b8e9f686a0cbd7352fca36c0b9d5af,0.16073361088053123,0.300518745957553,0.2964594565129255,0.34974709808195464,0.2939721362556226,0.30051874595755296,0.6283464891052365,0.38025142738045126,0.15819481103954153,0.30960661510611165,0.13584991321819984,0.3105538263973566,0.010925061422830146,0.0038003983045793444,0.024883697662331394,-0.010035080439803612,0.6,COMMON_HEAD_ROBUSTNESS
MISAR_E15_5_S1,FIXED_BETA_0.04,97c6175c8db81c7d488b34b520da497c2810cc9f7a75e7fb47b59e27fd83cced,10,20,0.17480446987220274,0.02955234759758989,0.3306178921698647,0.023771349823999085,0.3267843759825254,0.35522086517131085,120113.50859375,0.09080210386943473,0.20456644433042587,PAIRWISE_ARI_MEDOID,7,0.7018456899889087,5617d0c406170a69a65e995f861d2aa4e0fa1b8f80ccdb7283ee0fe750604e0c,0.15730305132685432,0.31948999072508494,0.3155278510821396,0.34711394542887275,0.31190345047663315,0.31948999072508494,0.6790527412533542,0.32792644824067413,0.15819481103954153,0.30960661510611165,0.13584991321819984,0.3105538263973566,0.016609658832661217,0.021011277063753053,0.021453138108654485,0.008936164327728313,0.5,COMMON_HEAD_ROBUSTNESS
MISAR_E15_5_S1,FIXED_BETA_0.05,8c0b334feb95ebe3524f0a8c7f7b51daea9f7901fffb6e3f9bab5ff74f356845,10,20,0.1690763524289884,0.026383515299640146,0.32113452581543195,0.026258916832914068,0.31719084437442896,0.3551224766262412,117986.2265625,0.093789930226642,0.17742432016418674,PAIRWISE_ARI_MEDOID,1,0.7771944976723696,c950a82dc01fe147a35c40aebe368f9549bb7213ccf964c24534b951adfd5407,0.18051315796684653,0.3235741262589473,0.3195502241046962,0.36913896912909555,0.3114075713736789,0.3235741262589474,0.6556513445133263,0.3597484168662379,0.15819481103954153,0.30960661510611165,0.13584991321819984,0.3105538263973566,0.010881541389446886,0.0115279107093203,0.04466324474864669,0.0130202998615907,0.6,COMMON_HEAD_ROBUSTNESS
MISAR_E15_5_S1,FIXED_BETA_0.06,3f2038822b8dbd4f626685113ba268768ec094646c2d6a0d5676fb25e8cd93f1,10,20,0.16028879621936576,0.02246318235857901,0.30984395400213893,0.02672689671794858,0.305869764253692,0.3458461719799713,116128.8859375,0.09381718675178083,0.2132888660851719,PAIRWISE_ARI_MEDOID,9,0.7645443380354313,c2478fc7b2ed1e1769537a78bcebc15047e2ec65b75b1d94c35cd5fdc5c3171b,0.1605790730987455,0.3026127304616066,0.2985479382724259,0.3508009016007313,0.2950392898789851,0.30261273046160664,0.6392355186912505,0.37002761140288715,0.15819481103954153,0.30960661510611165,0.13584991321819984,0.3105538263973566,0.0020939851798242315,0.00023733889602728375,0.024729159880545665,-0.007941095935750042,0.4,COMMON_HEAD_ROBUSTNESS
MISAR_E15_5_S1,FIXED_BETA_0.07,ffde52229cff6e07b3e945b6c635172ba5085b2ec7af702037b34616ddaa647a,10,20,0.15346312551026625,0.01562814070110022,0.3033478512910829,0.013331490097310593,0.2992828345753139,0.344723475203362,114181.06328125,0.09490708420233616,0.13391482811698308,PAIRWISE_ARI_MEDOID,8,0.7662453790626559,7d6160aa425780b7a94b27344c7ac416e3498046a3d904d6e37d2f2b145bc686,0.15071941941300665,0.2926660654472535,0.2884582791907055,0.34803795850935565,0.2812483344711931,0.2926660654472535,0.6496252180968034,0.3586996518234775,0.15819481103954153,0.30960661510611165,0.13584991321819984,0.3105538263973566,-0.004731685529275276,-0.006258763815028767,0.014869506194806814,-0.017887760950103138,0.3,COMMON_HEAD_ROBUSTNESS
MISAR_E15_5_S1,FIXED_BETA_0.08,e423ca419636d50accde574263656529f99538db150f383a13b2669236520849,10,20,0.1494338042775509,0.01410564940956836,0.3126609479746501,0.013405306530774345,0.3086610499804918,0.3416228211688197,112345.00703125,0.09751233932476082,0.11021036428937916,PAIRWISE_ARI_MEDOID,6,0.8112790018313127,345db851b197e00693f2749b016795e6281040e2286b3fbb72aca72c5ade6b3e,0.14276333373655678,0.3216447298409624,0.31767996825311373,0.33821711959996903,0.31286462631348566,0.3216447298409623,0.6851378005713729,0.3223444990142284,0.15819481103954153,0.30960661510611165,0.13584991321819984,0.3105538263973566,-0.008761006761990625,0.0030543328685384563,0.006913420518356944,0.011090903443605749,0.5,COMMON_HEAD_ROBUSTNESS
