dataset,seed,candidate_id,role,ari,nmi,q,neighbor_agreement,moran_i,geary_c,boundary_disagreement,cluster_file_sha256
a1,0,C00_G04_H05_CONFIRMED,candidate,0.2744679880037527,0.4147370479615583,0.3446025179826555,0.6167581623808148,0.5499301490114089,0.46285877900957717,0.3832418376191852,481f88fdd438b987352f88cbc4c7f2f8770be2b70d03d40e62adac5a3eae6820
a1,0,C01_G00_H05,candidate,0.2653134568525383,0.3952915016961548,0.3303024792743465,0.6403062698642011,0.5804083296270155,0.4312394497720568,0.35969373013579886,c23c0e578f8ae9fafbcb2d5c90cea9f84015d2a70ed055fc095fadea5763df28
a1,0,C02_DUAL_ARITHMETIC_MEAN,candidate,0.27246335462315474,0.40759433979283566,0.3400288472079952,0.6321583357411152,0.5720326861339837,0.4405412229868754,0.36784166425888476,f98c25b00272e97537011724a2c736b3dd305906e1e2790a2d8c1243ea48e349
a1,0,C03_DUAL_ELEMENTWISE_MAX,candidate,0.2688988200045725,0.4037810430658176,0.33633993153519504,0.6251950303380526,0.5637812552323165,0.4480462115214453,0.37480496966194743,e250f013a3dc18fe58fc90d9ec9f1119f4ca53814aa4c3cc5a6d8a0695f1fb34
a1,0,C04_DUAL_ELEMENTWISE_MIN,candidate,0.26924124235775926,0.39833416892445855,0.33378770564110893,0.6618029471251083,0.6137873546432584,0.4001000349167569,0.33819705287489166,9922b950145629692917adb2dd30022eeb731ef4c4e8a9961f6458fe857e06be
a1,0,C05_DUAL_HARMONIC_INTERSECTION,candidate,0.268257763942516,0.3966391147318639,0.3324484393371899,0.6595781566021381,0.6087981564504308,0.4049784286973052,0.34042184339786186,856df43310c1d1e125204e3573de5b0cc6bab50efe5a98e808aa5ab7c87e1659
a1,0,C06_DUAL_ROW_STOCHASTIC_MEAN,candidate,0.2727768665728735,0.4086024693219683,0.3406896679474209,0.6375036116729269,0.5770304586007443,0.4353779600837016,0.3624963883270731,4795776c999e00b937339a1d1cf09ec3207b42e5466362b0490103fac04df8f5
a1,0,C07_DUAL_LOCAL_RELIABILITY,candidate,0.27255922896325707,0.4081969761132206,0.34037810253823886,0.6332273909274776,0.5731369419999232,0.439392630656035,0.3667726090725224,af0d07716084fc860910a160a616e31e66bd2047240835af3b1ffcec4a2bc512
a1,0,C08_SIX_VIEW_SUPPORT_MEDIAN,candidate,0.2718337472100859,0.40734805865803,0.3395909029340579,0.6314071077723201,0.5706928410101264,0.4420305223275613,0.3685928922276799,d36efd78dc72f73aa3a1245aa0ba1c1ab36c6407b285cc682488f46a11f935ab
a1,0,C09_DUAL_SPARSE_SNF10,candidate,0.23025240707569664,0.3809113929993096,0.30558190003750313,0.7022825772898006,0.6583261775203875,0.3515787515216339,0.2977174227101994,5c7ac3ff0c425277ff687e0cb40e5d31d024f0e38ddf71eeaf00385772ab9046
a1,0,C10_DUAL_MEAN_SPATIAL05,candidate,0.26769180815592203,0.40485193150480864,0.33627186983036533,0.651979196763941,0.5927178583808683,0.4196312031770417,0.348020803236059,6d07c7d4bf09c0692bd849b0f511addd74b172fa4531f897e073f68e0fc1351f
a1,0,C11_DUAL_MEAN_SPATIAL10,candidate,0.2612534109125808,0.401843774521432,0.33154859271700643,0.6643744582490609,0.6052617920539762,0.40734439163251207,0.33562554175093906,cb27280040c9aa48dc9d48cb7e850f50dbffe71fd2fb05dbe47bbd9499523e35
a1,0,REFERENCE_G00_H00,reference,0.27759749466173733,0.39611757776087353,0.33685753621130543,0.5635943368968506,0.4783803317174876,0.5260364341033084,0.43640566310314943,4fca57e8b1fb4e71768a2f021bce565cc7e09e40f31944b7d6b1d986b8a893a3
a1,1,C00_G04_H05_CONFIRMED,candidate,0.2672471914408437,0.41326906898705384,0.3402581302139488,0.6276220745449292,0.5587973329910844,0.45437093774630793,0.37237792545507076,8561119d18ab49b6152aa9b0e81c3e8ca9c21d8d4bb450f47ee2d1ecf5df2021
a1,1,C01_G00_H05,candidate,0.25709531342636066,0.3928365544880172,0.3249659339571889,0.6507078878936724,0.5885814810177145,0.42441677437435954,0.3492921121063276,c2c31a91a4f9cd962ac3c1daaaf29f56a80e8c999526149bfd00be17b51cd3e1
a1,1,C02_DUAL_ARITHMETIC_MEAN,candidate,0.26321125640304655,0.4059949320226762,0.3346030942128614,0.6426177405374169,0.5772390846334392,0.43568025712850494,0.35738225946258306,608c6442cee9ad5515632f19aaabf8ed669b19d05ba087874609d18ef29560f9
a1,1,C03_DUAL_ELEMENTWISE_MAX,candidate,0.25870978672792483,0.3997791271704394,0.32924445694918214,0.6361745160358278,0.5701705055408753,0.442471291083465,0.36382548396417225,eb127e43679e8b995507b3ff7b01b82ed2caebca0a2c5575980c1a15233b5ae2
a1,1,C04_DUAL_ELEMENTWISE_MIN,candidate,0.25270265566986816,0.39082837919626995,0.321765517433069,0.6746316093614563,0.6186742919677748,0.3955440318018272,0.3253683906385437,6244e60e9eda01c6564feec3bf1cdb96ce9a784cf21cb21965d7652256914e19
a1,1,C05_DUAL_HARMONIC_INTERSECTION,candidate,0.2515365468178584,0.38966756786698775,0.3206020573424231,0.6757006645478185,0.6189907721879534,0.3952289429737014,0.3242993354521815,5a8a1089835e1dfa00712e862ab0367a6d67377c9412b0ffeda30378625b8291
a1,1,C06_DUAL_ROW_STOCHASTIC_MEAN,candidate,0.2637857675206587,0.40517149106483147,0.3344786292927451,0.6485408841375325,0.5820808204910168,0.43063791399157997,0.3514591158624675,f2f9131580d30f05f31e20d5eac16ea792ccd469115a84f26242b03170272775
a1,1,C07_DUAL_LOCAL_RELIABILITY,candidate,0.2631145730611136,0.4061596194888115,0.3346370962749625,0.643657902340364,0.5790734797297405,0.4338565267195702,0.356342097659636,fe084950fb61ad6b1ae93a1f99134da20be9f5c9aaa0003ddd60bf6a0777dfde
a1,1,C08_SIX_VIEW_SUPPORT_MEDIAN,candidate,0.2630715010437799,0.406265548606238,0.334668524825009,0.6411152845998266,0.5753220319125549,0.43754736492792407,0.3588847154001734,5ff5c928c99628ab69013b49ae977787d8a23022d0e1f04f7a31829507f3ec36
a1,1,C09_DUAL_SPARSE_SNF10,candidate,0.2236365458430077,0.37684306364039816,0.3002398047417029,0.7310314937879225,0.6946415331718219,0.31620912619912084,0.26896850621207746,7419d948ca02fe530abefe28b1e1e419a6a8dfd26779b5764508fcbdbb1c3558
a1,1,C10_DUAL_MEAN_SPATIAL05,candidate,0.2585491818809017,0.40380489239207207,0.3311770371364869,0.6647789656168738,0.5983052005826035,0.4144781850264362,0.3352210343831262,63d06c96191da261396a3023031ea51bcc9de1419530958497eadad5bcaeb598
a1,1,C11_DUAL_MEAN_SPATIAL10,candidate,0.25103371250607204,0.3970887970087731,0.32406125475742253,0.6782143889049408,0.6123594434555331,0.40059967642599903,0.3217856110950592,41383807920bd7661318dc053a1c5299adc7b6c507fbbe05a966c84a61338450
a1,1,REFERENCE_G00_H00,reference,0.2624608191534193,0.3855494280524003,0.3240051236029098,0.5491765385726669,0.4580431283635056,0.5443769405393313,0.4508234614273331,181db3a378580c78650e02b4abaf4601843aa49b0061aa0438f7d031a9328568
a1,2,C00_G04_H05_CONFIRMED,candidate,0.27526557454695755,0.40954213777203574,0.34240385615949664,0.6193585668881826,0.5343047402051191,0.477549771158149,0.3806414331118174,2a6ec2c0d0257a5b228b1a2440801b80afacd31d275311c7a80d7f27ccd35dc9
a1,2,C01_G00_H05,candidate,0.26350300094331236,0.3927940484175945,0.3281485246804534,0.6455937590291824,0.5781075132318576,0.4333035430691369,0.35440624097081763,5921ca1219e41c6ac00513a0bd18267b00f2f86be760c867f9bc8e5838786502
a1,2,C02_DUAL_ARITHMETIC_MEAN,candidate,0.26690894313257163,0.39956331992230754,0.3332361315274396,0.639121641144178,0.5676824759403762,0.4440346844413698,0.360878358855822,5f3004424c73856a6f671dfd66a2460dcbc29cd7de5d6ccd7f2194ef9229e407
a1,2,C03_DUAL_ELEMENTWISE_MAX,candidate,0.26763249168937997,0.4011427741774313,0.3343876329334057,0.6337185784455359,0.5607213364480286,0.4508305945459165,0.3662814215544641,77b2d578cc5e26f042fb5a9750bf816a210f74b94971867f34378c254f1cd534
a1,2,C04_DUAL_ELEMENTWISE_MIN,candidate,0.2684763557237009,0.39365903854464307,0.33106769713417195,0.673273620340942,0.6051039160358014,0.40734342328346634,0.32672637965905804,d97a053a8af8dedf363a2b20f99dc7d54f1446539271d17d2ae104173652d40a
a1,2,C05_DUAL_HARMONIC_INTERSECTION,candidate,0.2686823605293259,0.391390107189218,0.33003623385927194,0.6717711644033516,0.6038307902107192,0.40823425472829145,0.3282288355966484,014efe5c528a19fd9df5da5ed080481a28a2d244868072d8d65ca24e805e1de0
a1,2,C06_DUAL_ROW_STOCHASTIC_MEAN,candidate,0.2676255761490585,0.3994109568691854,0.333518266509122,0.644813637676972,0.5752571050268502,0.43626555769905273,0.355186362323028,6610415dcde7a2f5f91a16ddc5b576d3ebf1e5f6a1e516c6a5fb26763c594f6d
a1,2,C07_DUAL_LOCAL_RELIABILITY,candidate,0.26699852197317026,0.39940283849309743,0.3332006802331339,0.641462005200809,0.5696645223961551,0.44201157766988936,0.358537994799191,aee791bb6f55028372a88ba8a467397a5a79e48c22a9e1361db56c376a572699
a1,2,C08_SIX_VIEW_SUPPORT_MEDIAN,candidate,0.26709487266437204,0.4001505086089389,0.3336226906366555,0.6390060676105171,0.5678238785219886,0.4439119779320997,0.36099393238948285,272d1ce1fae1ad1f5c346ee713a52d3c473b2e63061bb3334dea4a15561d9aef
a1,2,C09_DUAL_SPARSE_SNF10,candidate,0.20860154787970756,0.3636784156105512,0.2861399817451294,0.7490898584224213,0.6991497567676858,0.3114571845112772,0.25091014157757874,09bd7a0972dbce6046fc7088c8110788c30083f9385e3e2c614a058b77384d8b
a1,2,C10_DUAL_MEAN_SPATIAL05,candidate,0.2668959782037088,0.40092672796750567,0.33391135308560727,0.6540884137532506,0.5846870045907938,0.42714012504995164,0.34591158624674945,0fd583cd7d86b466a7808c5deed956ec4c236af3949c924228e943853a9a31cd
a1,2,C11_DUAL_MEAN_SPATIAL10,candidate,0.2629861951645531,0.4017854488959199,0.3323858220302365,0.6690262929789078,0.5991115942669277,0.41332487452588557,0.3309737070210922,93135c117b7141a88a5139bfbcb8803a30c0c82e4e127c573afccb4921baed47
a1,2,REFERENCE_G00_H00,reference,0.2786746518016423,0.3910716010512209,0.33487312642643163,0.6306847731869402,0.5306103541757351,0.4750034772299929,0.36931522681305984,94357b8c79708faa2750d3377407c86fdfe40795856a91790662c7f971703208
a1,3,C00_G04_H05_CONFIRMED,candidate,0.2640021001278234,0.40423792852924534,0.33412001432853433,0.6338052585957815,0.574343599235682,0.44028730010544403,0.3661947414042185,d43e7316f837a38d30be934b8d47292126d384d851d7b2a079ac3e986a89b7cf
a1,3,C01_G00_H05,candidate,0.2540182120498977,0.3853619433900725,0.31969007771998514,0.66131175960705,0.5997919576091647,0.41216258238638537,0.33868824039295,269a54adc7582bb02170d0733f6471ce11b568acdbd9ea54961c046bcf07f1d3
a1,3,C02_DUAL_ARITHMETIC_MEAN,candidate,0.26368077884655555,0.4006574505510956,0.3321691146988256,0.6510546084946547,0.5857657008230062,0.4266905164733613,0.3489453915053453,bd84cd22e2550dec0b86615cecd7be1a3032b2804b0e2fce14ffaa818e02f3e4
a1,3,C03_DUAL_ELEMENTWISE_MAX,candidate,0.2619558590413494,0.40027869854328096,0.3311172787923152,0.6422710199364345,0.5744517740418431,0.4374510141094108,0.35772898006356546,6e86913c2e5d8c1bf390ed5507cbc23b98e304001409c5c25fe99aacfed20197
a1,3,C04_DUAL_ELEMENTWISE_MIN,candidate,0.24865214605591923,0.3793378743293109,0.31399501019261505,0.6844553597226235,0.6342455949913839,0.37886015039053944,0.3155446402773765,f5d97b50a3a7b951af6da312844754bae9e9a2c1acbe4cb160beb73cf12578b1
a1,3,C05_DUAL_HARMONIC_INTERSECTION,candidate,0.2487774073269234,0.3795594853224347,0.31416844632467905,0.6876914186651257,0.6390745202508576,0.37397690535145556,0.31230858133487427,d313ca95804cab7f974bbeae4fa3e2483e9e3c10551d59e4bd4b175e57b4a872
a1,3,C06_DUAL_ROW_STOCHASTIC_MEAN,candidate,0.26333180893218333,0.4014124693642401,0.33237213914821173,0.655764229991332,0.589079841890997,0.42315836356199493,0.344235770008668,05459a5d26988753960b912baa19d02b650604a06718e80d3a42b7ede77877fe
a1,3,C07_DUAL_LOCAL_RELIABILITY,candidate,0.2629784166189767,0.4008182623696159,0.33189833949429626,0.6529037850332274,0.58756904996335,0.42499688028610033,0.34709621496677256,9b9d09d392f7bb4d6ac7e06a110f2bcba6090b1e6a513f3e2d59cc56291149f9
a1,3,C08_SIX_VIEW_SUPPORT_MEDIAN,candidate,0.26341583122735374,0.40019034492152145,0.3318030880744376,0.65108350187807,0.5855321638861495,0.4269222085893839,0.34891649812193004,51e94c03bd6bf699308918a0b84445aab0f7e944ee05ea95fdcaa0046b49309b
a1,3,C09_DUAL_SPARSE_SNF10,candidate,0.2013870180316615,0.3675482644970391,0.2844676412643503,0.7483097370702109,0.7044996386474967,0.3072289190285215,0.25169026292978913,73d06615a73625af1d56cab659036676669af2149f25bbac1a987fccd54c64b6
a1,3,C10_DUAL_MEAN_SPATIAL05,candidate,0.2553765344962954,0.39736078968811234,0.32636866209220383,0.667437156891072,0.6044138429015646,0.4080849953306454,0.33256284310892803,8b66803c167b3c6f70bed36b01b4372a38c11de87150889cfb2c6d70a3a8f5dd
a1,3,C11_DUAL_MEAN_SPATIAL10,candidate,0.24733661210282737,0.3906951610311828,0.3190158865670051,0.6833285177694308,0.6212988731981415,0.39147530318931795,0.3166714822305692,bb771e65a34d37177d35507911cbfe648b3db0e0cbe2dd0b48cfffc5fef971de
a1,3,REFERENCE_G00_H00,reference,0.267403875177611,0.3883494472917432,0.32787666123467707,0.5640277376480786,0.4926127155279495,0.5110700256942241,0.43597226235192144,b25225bb4c26b78a971d8ba2c159eb33db35c8c65f7d3ff9756cf62c20cfdcd4
a1,4,C00_G04_H05_CONFIRMED,candidate,0.2650444081657329,0.40158324045111066,0.33331382430842177,0.6429355677549841,0.5856323521166924,0.4281300037201784,0.35706443224501594,9f60532889af185c5208a33d73c0c4eb89f51796a7570f37cbdb60f78bdfab80
a1,4,C01_G00_H05,candidate,0.25820197494119207,0.3887325550235621,0.3234672649823771,0.659115862467495,0.5961551944750033,0.41624218146097214,0.340884137532505,9dcc790e11c2ab306412ec3d03b7d8fe2d6293ce7f4b5d3db796b46b323b285f
a1,4,C02_DUAL_ARITHMETIC_MEAN,candidate,0.2671374636164481,0.4052555996417681,0.3361965316291081,0.6585957815660214,0.6051184165563366,0.40821039338422,0.3414042184339786,4d769b179deed92fd51a6e0109a71e8d2612b5e6e510207613135313dc55dc6f
a1,4,C03_DUAL_ELEMENTWISE_MAX,candidate,0.26080737722350306,0.4051921740644696,0.3329997756439863,0.643657902340364,0.5795020144103518,0.4333017903481583,0.356342097659636,ea860be1858e0839abd016d29ff10761776085bba6e35adcadc5bf8033593dc7
a1,4,C04_DUAL_ELEMENTWISE_MIN,candidate,0.25372404699604834,0.3861077920141013,0.3199159195050748,0.6990754117307136,0.5910477430432509,0.41062786753455044,0.30092458826928636,976ee7d84f1fa7381aa18cad80b589cc6e123168eca627fd7254d993c67cd4e5
a1,4,C05_DUAL_HARMONIC_INTERSECTION,candidate,0.24563640993088381,0.37975814694495386,0.31269727843791884,0.6844842531060387,0.6390999067148903,0.3746186036120279,0.31551574689396134,adbcc1cfbdc9fdcd1a5a7f199aa6b59d376d88977ea131bbf34869aeea3c383b
a1,4,C06_DUAL_ROW_STOCHASTIC_MEAN,candidate,0.26602469638937515,0.40923788186753657,0.33763128912845586,0.6605027448714245,0.5986517908231508,0.41457526482194007,0.33949725512857554,07169b3756f3b8a2ba2a49867dc0e1d38a522e7d74cf433ac1e894c90eec0f51
a1,4,C07_DUAL_LOCAL_RELIABILITY,candidate,0.2657076301324865,0.4021446721940141,0.3339261511632503,0.6600404507367813,0.6066651331168614,0.40659289012437905,0.3399595492632187,fb3296000a54407d5e435482df45ce34449d96522cabe698ae7682bf6bb70928
a1,4,C08_SIX_VIEW_SUPPORT_MEDIAN,candidate,0.26697743058316603,0.40443012559401126,0.33570377808858864,0.6586246749494366,0.6050775709218368,0.40835045661002767,0.34137532505056345,f66e4256a68c84d9e1562fe963d407388d2ed2f16af7f711236297b6e60d1965
a1,4,C09_DUAL_SPARSE_SNF10,candidate,0.22849713980112354,0.36214662364112366,0.2953218817211236,0.7528748916498121,0.7039894252515859,0.3067944692655516,0.24712510835018786,164a39369a217bac8dcf93dbbeb7ddb494c89825e5b8089ae75c7ed7d0b01aae
a1,4,C10_DUAL_MEAN_SPATIAL05,candidate,0.25920174462866563,0.4044847818954458,0.3318432632620557,0.6751227968795146,0.613028989670349,0.40009446685829736,0.3248772031204854,3c012629bb52821f087c52a172905d6291c0669c3118525f597dbbf176bc498b
a1,4,C11_DUAL_MEAN_SPATIAL10,candidate,0.2534594618737364,0.39958763140598247,0.32652354663985944,0.6928344409130309,0.6293585245930153,0.38405429721269213,0.3071655590869691,7cebc23a408d73962c977696265f8168331d5c2b783058765a592f78a2214329
a1,4,REFERENCE_G00_H00,reference,0.27184076986868433,0.38762700737607564,0.32973388862237996,0.607743426755273,0.5345789462236745,0.4720021947205534,0.39225657324472696,44509014bb4d2fd83901a2e22691512dfc7b33b3aaf2f4c5052abb27fb7772b9
d1,0,C00_G04_H05_CONFIRMED,candidate,0.2375418648455073,0.37711150488672485,0.3073266848661161,0.6296551311220213,0.5688539164925241,0.44075212547790177,0.3703448688779787,452bf538eb78ce557fce8002be02639eab594aadb059daf424c47c9b3defd43e
d1,0,C01_G00_H05,candidate,0.26897966484088515,0.3834066386139437,0.3261931517274144,0.6478565441264519,0.5819146034611704,0.42775311458055426,0.3521434558735481,d7b09c427782d4441fbf460bfe9d00da1bf5b64b1ebbe81b1c99cd5aa9a12287
d1,0,C02_DUAL_ARITHMETIC_MEAN,candidate,0.24228464668821148,0.3764248980404436,0.3093547723643275,0.6436055562208118,0.5838081003454121,0.4255885596753732,0.35639444377918816,1281e5499cbf5561eb3d099d9d68c28a1b53614b75995d659779eb5db4e1eb4e
d1,0,C03_DUAL_ELEMENTWISE_MAX,candidate,0.23870368978455064,0.3763529573501097,0.3075283235673302,0.6344749131840498,0.5764390343136856,0.43304314390810295,0.3655250868159502,8d0a5a6502dd4ed41182a1c37c3448247c6d404a7acd9442f599f0a7dc8b3a8a
d1,0,C06_DUAL_ROW_STOCHASTIC_MEAN,candidate,0.2593428679945315,0.38053089135686596,0.3199368796756987,0.6471680038318764,0.583604854627812,0.42613141652607267,0.35283199616812355,1779193d73e59553d9ff9606b1381cf4251cadd1a3092238716a97abcb604973
d1,0,C07_DUAL_LOCAL_RELIABILITY,candidate,0.24291250619297758,0.377491751560638,0.3102021288768078,0.6435456831517183,0.5849537078250201,0.4245272445849498,0.35645431684828166,d8e0a914a96001601cc29eaa4aadb81a71aaae06d8b2e352a5470cfd0f8fa4d9
d1,0,C08_SIX_VIEW_SUPPORT_MEDIAN,candidate,0.24158604626978378,0.3750790523394374,0.30833254930461057,0.6425278409771285,0.5828365565344198,0.42660955138502255,0.35747215902287155,0b9d0816f55247cb101adc753abd493f382419a4a3936bd7782db3b5f53050a5
d1,0,C09_DUAL_SPARSE_SNF10,candidate,0.21717377373099797,0.3328697481509621,0.27502176094098,0.7908334331217818,0.7269268788982612,0.28015217992151126,0.20916656687821822,0364cd763b6edde09fba023bb72b6b0b4113f5c271dec67987c586d69c76f58c
d1,0,C10_DUAL_MEAN_SPATIAL05,candidate,0.2560234139428517,0.3781144537720905,0.31706893385747115,0.6590228715123937,0.5959266674891677,0.41387361983745674,0.3409771284876063,d58e9d69307646162ba66609172fc1b47f80b87e592c16c6ecafa13933bd40a6
d1,0,C11_DUAL_MEAN_SPATIAL10,candidate,0.2535127385694319,0.37790886013458375,0.31571079935200785,0.6722248832475153,0.6100509645724986,0.40004121679708826,0.3277751167524847,741747cd7c7e208a8e0a60f2f4af63c13ac6630fdefdc86aefa0a4218aeedcff
d1,0,REFERENCE_G00_H00,reference,0.21639294442065724,0.34792863944036273,0.28216079193050997,0.6303736079511436,0.5796260115815904,0.42630856602491685,0.3696263920488564,4d259bd87493f554e9e30161fd555fb55dc9f46b1a8c66e4a11ddecd37ba4959
d1,1,C00_G04_H05_CONFIRMED,candidate,0.2520413210974017,0.37951951966063835,0.31578042037902,0.6273200814273739,0.5633469149507649,0.44567541454874215,0.37267991857262606,ebe037639a9f3fa8f08143c38a91f40dcaf56d88c2d05dc9a7aa39ddd7536b45
d1,1,C01_G00_H05,candidate,0.2612262704354895,0.38625738165308454,0.32374182604428703,0.650850197581128,0.5869080919403874,0.421502699605304,0.34914980241887195,930bdfe3a70e304abcc0f53854af77bb4596acd23a304c333c9d40fdcf5be01d
d1,1,C02_DUAL_ARITHMETIC_MEAN,candidate,0.2555597122604744,0.3880086064855205,0.3217841593729974,0.6404322835588552,0.5794269004353605,0.4294128878867275,0.3595677164411448,e1678f1f5cf8531540029e693c7e8bf8442295d79e23d9c39f4102d3ecf5a5d8
d1,1,C03_DUAL_ELEMENTWISE_MAX,candidate,0.2516876576697445,0.3827267583731086,0.31720720802142655,0.6318105616093881,0.5676938685017837,0.44100093301547594,0.3681894383906119,fe21a04061a5ff4625c9f9445f5d7de6012fab572ca9f6843c65d012b3d102b1
d1,1,C04_DUAL_ELEMENTWISE_MIN,candidate,0.26048998354807945,0.3831631916697703,0.3218265876089249,0.6695605316728536,0.6125391206010129,0.3957557747836491,0.33043946832714644,952f113fa058c5197c097f88196a241a9041b10cf838ad46266911b180e6787a
d1,1,C05_DUAL_HARMONIC_INTERSECTION,candidate,0.26035994569134996,0.38334224288938945,0.32185109429036973,0.6700694527601485,0.6128025956689754,0.39540066900665327,0.3299305472398515,1f2c4920e504fac0dda2813cbb368de318559605e2dc7eec02e17bd34ddb9f27
d1,1,C06_DUAL_ROW_STOCHASTIC_MEAN,candidate,0.25976760334164845,0.38777237714632634,0.3237699902439874,0.6478266075919051,0.5866439640601331,0.42208731516255515,0.35217339240809487,ed453c5847764f96632a7e63f955fb805b0ff1208f7b74152b11690a8dd4ec68
d1,1,C07_DUAL_LOCAL_RELIABILITY,candidate,0.2553701275155912,0.38834307219416714,0.32185659985487913,0.6431565082026105,0.582191421986421,0.42675354294972745,0.3568434917973895,0197bc495e2599930cea2ba2e00d556acc976170607d148b0756be406d3721d3
d1,1,C08_SIX_VIEW_SUPPORT_MEDIAN,candidate,0.2562795610261738,0.3884462310127051,0.32236289601943946,0.6399832355406538,0.5791473000315469,0.42967447907714595,0.36001676445934616,90073114e253edee8c890cad2ec18674aa354f597b19eee5694d86247c86c05a
d1,1,C09_DUAL_SPARSE_SNF10,candidate,0.21859853121517078,0.3430087190197723,0.28080362511747153,0.774158783379236,0.6962146236830337,0.31103091232570196,0.22584121662076395,f1e5d796b3d2fb4c402af83fa214f8dee33c66e3408deac64b2d1433d159a5bf
d1,1,C10_DUAL_MEAN_SPATIAL05,candidate,0.25811717916222543,0.3874588837517897,0.3227880314570076,0.6563285834031852,0.5974774335244691,0.4114846354057554,0.34367141659681477,0b9d763d0f5a6839523b9d9322cdfa2a383fcbd13891a76b80375fb1923dc829
d1,1,C11_DUAL_MEAN_SPATIAL10,candidate,0.24691598450536645,0.37673256159952195,0.3118242730524442,0.6650999880253862,0.6108642846864246,0.3983441696813931,0.33490001197461383,39541fe81c8eadc54144d724727197d08586dc8e5fc9cfcd1f32430db947a641
d1,1,REFERENCE_G00_H00,reference,0.21257178689861403,0.3467683674270881,0.2796700771628511,0.6107352412884685,0.5387216971376508,0.46591608539962415,0.38926475871153154,f781a4cd5be56b03f7d8ef555c3ba1d5e720c29a0215169e842f79858f1b052d
d1,2,C00_G04_H05_CONFIRMED,candidate,0.23102745409241648,0.3793379883028963,0.3051827211976564,0.6353430726859058,0.5700139695195519,0.43949800138599626,0.36465692731409416,13cfe58fdd0d62ef1fbf077fccb3ce17afe91d068fc3b7ac9f9638ac7baa11e9
d1,2,C01_G00_H05,candidate,0.23438466107508507,0.3813416102419294,0.30786313565850726,0.6582445216141779,0.5997515532076142,0.4101016969792918,0.3417554783858221,d438dfa10ea6e410590472eb5b7bb15ef1794f6ee01c49757ec92c82825d591c
d1,2,C02_DUAL_ARITHMETIC_MEAN,candidate,0.230328953373416,0.3784659106254636,0.3043974319994398,0.6547120105376601,0.5954847220840569,0.41400510279986635,0.34528798946233985,227a0d3e3ce1fbda62aadf50c1d0726685affde6fa1d413d3fd9a655afc6eaec
d1,2,C03_DUAL_ELEMENTWISE_MAX,candidate,0.2291856099635829,0.37938687179363745,0.30428624087861017,0.645461621362711,0.5831199672531738,0.4262715305223618,0.354538378637289,7358117823ed5f2cf2ddeddff67af4db893e9dd12e0a5795eb5c9830c1f514e1
d1,2,C04_DUAL_ELEMENTWISE_MIN,candidate,0.2619243503940596,0.388800109408183,0.3253622299011213,0.6784816189677882,0.6191550913993421,0.3901851879448376,0.32151838103221175,80cedf601ee9d8a15d9f2b4a984056f033022adddca52ed7bf3db7b260d3c6e8
d1,2,C05_DUAL_HARMONIC_INTERSECTION,candidate,0.22573326282922082,0.37394782757719425,0.2998405452032075,0.6851574661717159,0.6398009898576127,0.3695429350437188,0.3148425338282841,4e49b68b9f8b0e0d797d5af2c9a3633bd9c5223cc108d800ca7aa3aca17b3ab6
d1,2,C06_DUAL_ROW_STOCHASTIC_MEAN,candidate,0.2291453006461358,0.37836354911933257,0.3037544248827342,0.6561190276613579,0.5969424529738503,0.4126798167884477,0.3438809723386421,8b7ed2b275e881d16cf96cbd5032ee30167fda322e44a459d60b3386f46aca64
d1,2,C07_DUAL_LOCAL_RELIABILITY,candidate,0.23107297876512758,0.3782643395501467,0.30466865915763713,0.6565082026104658,0.5976705662381487,0.411945263975546,0.34349179738953417,62a8322b913a644716d7fbda1adb33256bfd3582feeb933ed8044983edcfeba2
d1,2,C08_SIX_VIEW_SUPPORT_MEDIAN,candidate,0.23062639793182851,0.37864704783458936,0.3046367228832089,0.6541731529158185,0.5943314896858484,0.4151358641183429,0.34582684708418154,57ada8e4eac9851744e476accd72ba3283a2cfc511d6fe1fea4098629d828afc
d1,2,C09_DUAL_SPARSE_SNF10,candidate,0.21928607537713513,0.3402440515096052,0.27976506344337015,0.7878996527361992,0.7215364165344405,0.2895869228303022,0.21210034726380078,f8a4e75638481153c87e1e021ec44e7948ec258be4b83e1c93980bfe1116685b
d1,2,C10_DUAL_MEAN_SPATIAL05,candidate,0.22775348151730396,0.37915499845685285,0.30345423998707843,0.6663872590108969,0.6086355764666033,0.4012661249752659,0.3336127409891031,409cd3952c34cdc91f24326c679d24f8817cedf7700390ae2ba12720cc28d819
d1,2,C11_DUAL_MEAN_SPATIAL10,candidate,0.225923408587374,0.3782070146943046,0.3020652116408393,0.6727038678002635,0.6166100853133706,0.3933244768703692,0.3272961321997365,36413f2a1108135330492ece45737eaa8e8b2c64f0b53c4e77fe2658d67d0b78
d1,2,REFERENCE_G00_H00,reference,0.20980068383125347,0.3585548660959585,0.28417777496360597,0.6408513950425099,0.5972821768192402,0.40989971060133296,0.3591486049574901,369a89d9133c9afa9a36bc16237277b0c662829558d49ca48fde9e2cb5df7cb0
d1,3,C00_G04_H05_CONFIRMED,candidate,0.24633014423947824,0.3830384319499561,0.31468428809471716,0.6229493473835469,0.5569241627176806,0.4519851370451858,0.3770506526164531,be6b025bf8137a8108294e5cde1b65d7912d47fcfd10c362e7d68de4b0b5e9d4
d1,3,C01_G00_H05,candidate,0.2690121490167299,0.3908277014807905,0.3299199252487602,0.6477367979882649,0.5787470224376997,0.4304451245888467,0.3522632020117351,e314a86f1d00f7f2e7ed0b14d7ce5cd15f981b356507f738dc5806c98a714334
d1,3,C02_DUAL_ARITHMETIC_MEAN,candidate,0.2511929511114831,0.3853176828958446,0.31825531700366383,0.6408214585079631,0.5769987481782988,0.43233790359041385,0.3591785414920369,3e98c39516a373964dbe6e91cfb578bd5544335c3ee8f88e733344edaee44871
d1,3,C03_DUAL_ELEMENTWISE_MAX,candidate,0.25071749202984533,0.3876145305312937,0.31916601128056954,0.6354927553586397,0.5726017128282483,0.4367658960510873,0.3645072446413603,be5ac741aa1620994918784c7a7531f5bb35bd95c1389033c8e8f1799d538c54
d1,3,C04_DUAL_ELEMENTWISE_MIN,candidate,0.29701129633705514,0.4027006111254029,0.349855953731229,0.6707579930547239,0.6084694847790124,0.4008122951368042,0.32924200694527606,1ea53c93ad80291d11df01da1ab3ce22a97a7face30bc367cf3951bbe49e4061
d1,3,C05_DUAL_HARMONIC_INTERSECTION,candidate,0.2961319679317817,0.4031396910649619,0.3496358294983718,0.6695006586037601,0.6075468891434572,0.40158980046796067,0.33049934139623993,d1db89ca8a31c650501a7a1ba408289738d2c6500a500477d8ef973958a073b9
d1,3,C06_DUAL_ROW_STOCHASTIC_MEAN,candidate,0.2633293566046903,0.3914543060448342,0.32739183132476224,0.6477068614537181,0.5797821925064384,0.42969528207643126,0.35229313854628186,f20984c017654c5b9e92135d8aec6d14c2b0c1a65431e12a8aed8b5ee65e9dae
d1,3,C07_DUAL_LOCAL_RELIABILITY,candidate,0.2565479577437647,0.3890780546570994,0.3228130062004321,0.6398634894024667,0.5762214026151111,0.43323629233162136,0.36013651059753327,faa3ebe63adeb96c93652e80954442f34253f46da2385f4601d356aac83f6c2f
d1,3,C08_SIX_VIEW_SUPPORT_MEDIAN,candidate,0.2514960121410768,0.3847357354296195,0.3181158737853481,0.6400730451442941,0.5757913095697176,0.4334713735801496,0.3599269548557059,1f2ab5b8d8b9b901999567411e84fd3caaf16e02c51b62712df5a692bb7578d6
d1,3,C09_DUAL_SPARSE_SNF10,candidate,0.23053358222938117,0.35825189923060125,0.2943927407299912,0.7808346305831637,0.7082915480841439,0.30030593751484025,0.2191653694168363,9ae8a491906e0f4862e1410f757951716a8f985fef5c478f7f512215dd12ca86
d1,3,C10_DUAL_MEAN_SPATIAL05,candidate,0.2613645707063506,0.39089723689511147,0.32613090380073106,0.6612980481379476,0.5949535765224476,0.41475045951927003,0.33870195186205243,70c0b906b5d1d45b35bb92cbb428285eb22ee8982b112beeb67d90ceb3381ae6
d1,3,C11_DUAL_MEAN_SPATIAL10,candidate,0.26229392487533826,0.3899831422205913,0.32613853354796474,0.6750688540294576,0.610954014373353,0.39871454567373477,0.3249311459705424,5a5773cafedb26bcb0c2e305253d751fc58ea30b8e37cc1e5db9315379ec59c3
d1,3,REFERENCE_G00_H00,reference,0.18975948410843171,0.33428952848868154,0.2620245062985566,0.6316309424021075,0.5824752157407591,0.42137096034113364,0.3683690575978925,afc88870a27202f58f97aedcfd980380a53ef2466bd12095893ac21a0d877c9c
d1,4,C00_G04_H05_CONFIRMED,candidate,0.2398593533697784,0.37385720262273353,0.306858277996256,0.6273200814273739,0.5634393585894928,0.445606379655975,0.37267991857262606,63baa1b90512bfee3e270a5637f8a6b8dd682d1a41e8efc2142a77fee9b9b99e
d1,4,C01_G00_H05,candidate,0.24780388040764517,0.38403131423825126,0.3159175973229482,0.6575859178541492,0.5983449531535303,0.411281241751506,0.3424140821458508,6966400c4c459fa40ae16b8750bca3748f41b4706c073d822e776057f74ac9a1
d1,4,C02_DUAL_ARITHMETIC_MEAN,candidate,0.24226451496885762,0.3764625005779422,0.30936350777339994,0.6510597533229553,0.5926649116027766,0.41682532134285405,0.3489402466770447,e7e5d3ef2a872131fe2b44a992c61ca5023cd012aeb66c630e38b4d5c9fea99e
d1,4,C03_DUAL_ELEMENTWISE_MAX,candidate,0.24243773903999669,0.3772484290636174,0.30984308405180705,0.6418093641480063,0.5796308497284517,0.42992061024928585,0.35819063585199373,cc4ec32a27d3a76847fe096498048b437edebeb966817b6ed40cb87f0edd5d26
d1,4,C04_DUAL_ELEMENTWISE_MIN,candidate,0.27512125362026807,0.3856895867755892,0.3304054201979286,0.6564782660759191,0.6035686605206839,0.4054821681144287,0.3435217339240809,ad9c78e139cbb80f2b08e2cec8b86aa4af0af5432f9e9fe64adce195e618a510
d1,4,C05_DUAL_HARMONIC_INTERSECTION,candidate,0.2805039568152986,0.380799979964919,0.3306519683901088,0.666237576338163,0.5740115624900526,0.43292182766490594,0.33376242366183695,e5de41bf708215fa87cf4701f7816bcd3366a5402614bd95c38f4547fa9694ea
d1,4,C06_DUAL_ROW_STOCHASTIC_MEAN,candidate,0.24096341981174665,0.3780374520845754,0.309500435948161,0.6492635612501497,0.5909063069040551,0.418283589367798,0.3507364387498503,fb2aacae755b4b6747b1734b2295afa5d7840423c0421fd942ec32a77a30e4f3
d1,4,C07_DUAL_LOCAL_RELIABILITY,candidate,0.24207385268945558,0.3765444727000091,0.30930916269473235,0.6515387378757035,0.5917670238624513,0.4175307372886623,0.3484612621242965,7e1682b9fc139e52daa9be88d0b89fe264516e0788e5fb2f5cf7ba06b61af367
d1,4,C08_SIX_VIEW_SUPPORT_MEDIAN,candidate,0.2423601125008443,0.3769078365893818,0.30963397454511304,0.6513291821338761,0.5928665794585571,0.4166272172395124,0.34867081786612386,d65cbafaf360f4b78ebf2094405c4f174002f63897b22772bf78c72652314513
d1,4,C09_DUAL_SPARSE_SNF10,candidate,0.19047342264155487,0.320129668261949,0.25530154545175193,0.7823913303795953,0.7182681613056475,0.28946095506004144,0.2176086696204047,eb591f9887ccf1108ba3417db1c278c262b3907b1c7af3aeabb2ef1e18fda64c
d1,4,C10_DUAL_MEAN_SPATIAL05,candidate,0.23180771349640972,0.36594512246370836,0.29887641798005904,0.6844389893425937,0.6303458569362143,0.3794068926645614,0.31556101065740627,2a1b4dda3e996198f9658ebf93aad551a1100d93e874509d5fd7b4893072143f
d1,4,C11_DUAL_MEAN_SPATIAL10,candidate,0.23007187211474928,0.3652335983059179,0.2976527352103336,0.6906957250628667,0.6387016496301936,0.3709747226186505,0.3093042749371333,ed32ae3e990904e96f1926dc6ce2b7a068091f893b3e35cd84f90745b3adb663
d1,4,REFERENCE_G00_H00,reference,0.21781738904897302,0.3576758337968496,0.2877466114229113,0.624565920249072,0.565124479163319,0.44084894271946434,0.375434079750928,e3373413c271f93b01cb70f00d6a44d089554941223707824a55a7f6bae2114e
d1,5,C00_G04_H05_CONFIRMED,candidate,0.24525913546086692,0.3796687724445877,0.3124639539527273,0.6261226200455036,0.5531740193290868,0.45540588995698145,0.37387737995449644,9b751198e09077cd545367367d53377702de9860b31f439b52ab01c293676c3b
d1,5,C01_G00_H05,candidate,0.2613202290088677,0.3875356082662348,0.32442791863755127,0.6504011495629266,0.5831228807235885,0.4257173294663187,0.3495988504370734,512403840667d0e0d44a0632d7bf1e55b9fe21fcffdb9016a0c174faf9b81037
d1,5,C02_DUAL_ARITHMETIC_MEAN,candidate,0.258303439819549,0.3887697761901201,0.3235366080048345,0.6430367620644234,0.5775517482754714,0.4313780076356163,0.3569632379355766,c0de0d0ec410e4350b1d73014123a37dfa9545084acc9c152b6b76afb4b1726f
d1,5,C03_DUAL_ELEMENTWISE_MAX,candidate,0.23775222530600693,0.38285591137937114,0.31030406834268903,0.6364207879295892,0.5739682492977566,0.43474183358837404,0.3635792120704108,e70fed738a9918fdd379a481fc0689d494929856f58a86658ecc099a01ded3c8
d1,5,C06_DUAL_ROW_STOCHASTIC_MEAN,candidate,0.2565170146339834,0.3870150458611948,0.3217660302475891,0.6515088013411567,0.5863108001760041,0.4229885668300522,0.34849119865884326,8088dab9ca46258da7ab00de55ca9e62aeda8129d89b735226da62dda7b485a6
d1,5,C07_DUAL_LOCAL_RELIABILITY,candidate,0.25853774581520733,0.3880210212846177,0.3232793835499125,0.6457011136390851,0.579828264303995,0.4292418196736418,0.3542988863609149,5211c115d68640299873553a2c823be60f3592749b5ff027026c63af3fa1769f
d1,5,C08_SIX_VIEW_SUPPORT_MEDIAN,candidate,0.2589002446653219,0.3885433995744355,0.3237218221198787,0.6424380313734882,0.5773670813390676,0.43158500340551764,0.3575619686265118,00195d35eb889ccc752121a30c6e33745407e87ca674257d8896b3437b5f5043
d1,5,C09_DUAL_SPARSE_SNF10,candidate,0.24393228886905244,0.3530185026571932,0.2984753957631228,0.8037959525805293,0.6946660137193235,0.3177024729482918,0.19620404741947073,0549817a090fb57c3d7bf379f1e4c567d18ac7092db8b1f30f405b9820795920
d1,5,C10_DUAL_MEAN_SPATIAL05,candidate,0.2562605720363233,0.3869031879838802,0.32158188001010174,0.6654891629744941,0.5998927285591062,0.40954411235498667,0.3345108370255059,afb27efd1989e0d9f2507fdbd794b3a08ad5fb898a3d6fba4860d89a89164622
d1,5,C11_DUAL_MEAN_SPATIAL10,candidate,0.25103884289560097,0.38525596687099645,0.31814740488329873,0.675637648185846,0.6130854628184088,0.39640652246796904,0.32436235181415396,d40a9e4f2e10945917d7ef0dfdb03c6eda8fd1152587f2e159b6e6e0814451a3
d1,5,REFERENCE_G00_H00,reference,0.20539095004621322,0.34665009327314694,0.27602052165968005,0.595527481738714,0.5331459291520958,0.4700222619925015,0.40447251826128605,a4a88a9a40ea37fa03ec747fd16d46dbf4874381913b7a14190281b9b9755750
d1,6,C00_G04_H05_CONFIRMED,candidate,0.23346023355809783,0.373043345986814,0.3032517897724559,0.621931505208957,0.5630148921258498,0.4468569406267603,0.378068494791043,3897c73a9f9364fe3812a558e98008a5e39e3874ac114c171091f9062dc11b3b
d1,6,C01_G00_H05,candidate,0.23848328782815564,0.3666222524397436,0.30255277013394966,0.6786612381750688,0.6257742286381729,0.3845137038033678,0.32133876182493115,d5deba70e7238bf90efad824af2b10a0c1f393fea981b397fe080cd1a631d164
d1,6,C02_DUAL_ARITHMETIC_MEAN,candidate,0.23915704173738517,0.3727635257665111,0.30596028375194817,0.6401029816788408,0.581848878281418,0.4281313269780086,0.35989701832115917,b5ce9db027531d3e621c3358125e316044cc659ace762f75e8b5f2b38ca963a6
d1,6,C03_DUAL_ELEMENTWISE_MAX,candidate,0.2365453566838929,0.37394719211144223,0.30524627439766755,0.6371093282241648,0.5793389936316129,0.43077255335072523,0.3628906717758352,cfdeb619c3214fc283d37b2607b3685f746e5d28097934052430ee2ebde3944e
d1,6,C06_DUAL_ROW_STOCHASTIC_MEAN,candidate,0.23200477962026006,0.3681252777600805,0.30006502869017027,0.6615974134834152,0.6126119247184667,0.3973160688925506,0.33840258651658484,5bef0c9a0dc9d94b72c81fe45dfdc2a49b328f81d0eee9f84e3d5d5d01ed4f15
d1,6,C07_DUAL_LOCAL_RELIABILITY,candidate,0.24300579947113257,0.3747029146458028,0.3088543570584677,0.6415998084061789,0.5816081573791683,0.4283895760468689,0.3584001915938211,9675c70f7156f9644036092986221fd3790b017a973aeed537ee81ec0534b0b4
d1,6,C08_SIX_VIEW_SUPPORT_MEDIAN,candidate,0.2388238720018076,0.3730887662618513,0.3059563191318294,0.6392647587115315,0.5796995270466591,0.4302485788070016,0.36073524128846846,bdd26f1481df840157b75e595ec45a94114e51275c05013eb7f2522052ae5183
d1,6,C09_DUAL_SPARSE_SNF10,candidate,0.22282379788425904,0.3348642425091485,0.27884402019670373,0.776912944557538,0.7141464452312338,0.29470461282970606,0.223087055442462,ea0199ce0ff6ec453d22b53945489ed7ce998fb9f084c109e9660038ea0f8e8f
d1,6,C10_DUAL_MEAN_SPATIAL05,candidate,0.22227326751284088,0.36558626168748704,0.29392976460016396,0.6871332774518022,0.636644799775648,0.373481052780792,0.3128667225481978,6350119f9cdeb88f4628caa05839ab56db0fa83ceb7576c3bfaff81bf0cf8799
d1,6,C11_DUAL_MEAN_SPATIAL10,candidate,0.21759155089651458,0.36424375904916273,0.29091765497283867,0.7018321159142618,0.6507861218554852,0.3597188358616301,0.29816788408573824,14218e37c5743b4c4117a41c6f45813340aa2a0bf1c624c687e4c929e7ada1df
d1,6,REFERENCE_G00_H00,reference,0.21711455707186447,0.3458021661740119,0.2814583616229382,0.650850197581128,0.5966560154412746,0.4080244897166535,0.34914980241887195,7304ea1fd9882674e581b77a64a2133847ce3bc7912f8548deaf9675a6448a0b
d1,7,C00_G04_H05_CONFIRMED,candidate,0.23851991147994456,0.37601025785252845,0.3072650846662365,0.6353430726859058,0.5772678459003938,0.4326198582438443,0.36465692731409416,2d3f885815b432bccdebd38ce692964ad076c6538b385fbfc2c116d575d8b1e5
d1,7,C01_G00_H05,candidate,0.2589153969336651,0.3840655454010764,0.32149047116737073,0.6506406418393007,0.5881802992018814,0.421245918507511,0.3493593581606993,809fe26ccfdcc72acc10ee9de5c4c621effbf46a199b6224d0d6ba2eff05a33a
d1,7,C02_DUAL_ARITHMETIC_MEAN,candidate,0.23945318423000683,0.3766609111318729,0.3080570476809399,0.6516584840138906,0.5959282307886672,0.41360205425620256,0.3483415159861094,324b2a10ed5351c5ff89777a7fe49194a16ac69203531d64b46af7b37ff7e8dc
d1,7,C03_DUAL_ELEMENTWISE_MAX,candidate,0.23816007031396003,0.37685780936412866,0.30750893983904437,0.6458807328463657,0.5898116937245517,0.4197654243717478,0.3541192671536343,f230c9c58451f6fc40db278009696e955e4e9340d31717e33982b9217c1dc237
d1,7,C04_DUAL_ELEMENTWISE_MIN,candidate,0.2667683359416585,0.38620625514156764,0.32648729554161304,0.6665369416836308,0.6042096154563988,0.40603550749772976,0.33346305831636924,d4996b1ac6c0afc804c889fb60709dfe2ef2217bfed020903859aea5ae6c1364
d1,7,C05_DUAL_HARMONIC_INTERSECTION,candidate,0.2658768579523087,0.38616903453989004,0.3260229462460994,0.6667165608909112,0.6067848833101621,0.40319680265728186,0.33328343910908875,33129f5ef5b0258a107badebe19a6202151371bc2e4a8a801cbdaf774f4306a8
d1,7,C06_DUAL_ROW_STOCHASTIC_MEAN,candidate,0.23843975717823065,0.3798516070901183,0.3091456821341745,0.6547120105376601,0.5966228796851099,0.41271427238046315,0.34528798946233985,d11a0021f17814d04726cdb7dc7a07318a9fc6ec77d075505b29ba00da54b987
d1,7,C07_DUAL_LOCAL_RELIABILITY,candidate,0.2383165058791153,0.37752188379909524,0.30791919483910524,0.6533948030176027,0.598235397184302,0.41121050015130745,0.34660519698239733,498cb5a41841837e5945b5f5be4053ac18cb4b67a2948d7c97c9783a8ae5412a
d1,7,C08_SIX_VIEW_SUPPORT_MEDIAN,candidate,0.23846096359741414,0.3761078048512306,0.30728438422432236,0.6524068973775595,0.5966998193669556,0.41282365088010764,0.3475931026224405,e9cef54d127ecfca3fe42e63314ee623ff67cbe5432c49584d9c8536a55a531c
d1,7,C09_DUAL_SPARSE_SNF10,candidate,0.21542413826001308,0.33364449947458064,0.27453431886729684,0.7867021913543288,0.711226993189361,0.2935789866927743,0.21329780864567116,e9f8c7d07f756e49d013c639e131c94323ed8abe6e6a1a9226c947a2f91fbfd2
d1,7,C10_DUAL_MEAN_SPATIAL05,candidate,0.23948422338645747,0.38241265716555123,0.3109484402760043,0.6655789725781344,0.6076793359002718,0.4019783367027273,0.33442102742186564,f6329507ceff81898f826a23e5b4f16fdc68f468c4a5c8f0c0727ffc5af8c8d1
d1,7,C11_DUAL_MEAN_SPATIAL10,candidate,0.23758236074076403,0.38004595419341825,0.3088141574670911,0.6767452999640762,0.6209008254953987,0.38919161140664,0.3232547000359238,1421bf91196a987e0d801358d414aaf8f325071739828f8cae01c3466527dc95
d1,7,REFERENCE_G00_H00,reference,0.21088288527150134,0.3548787794366874,0.28288083235409434,0.5906178900730451,0.5386290484551803,0.46686604503877654,0.4093821099269549,0154e75631e063779ea46bb1ead7c0f80d5c96b1966dc68b1e295410682e20dc
d1,8,C00_G04_H05_CONFIRMED,candidate,0.23613413319484772,0.37434535725388773,0.3052397452243677,0.6259729373727697,0.5606046065343,0.4483041558615602,0.3740270626272303,c901e8918262bd67b4a0f78d1a83afdb321c4d27876df05b155d3e43b7cdd2e0
d1,8,C01_G00_H05,candidate,0.27536686400752935,0.38734927671153596,0.3313580703595327,0.6563285834031852,0.5891072296542113,0.42047885900478443,0.34367141659681477,935d6b785e3728e024880c87356f63254b536795bcbb6d44af134b1e98387249
d1,8,C02_DUAL_ARITHMETIC_MEAN,candidate,0.24247042920223932,0.37814854939673603,0.31030948929948765,0.6406418393006825,0.5830990613632875,0.4264306189693007,0.3593581606993175,d5c231c0c1dc756d9e7db16202a5cd3d73c6d3f3cbea09c448468c150ebd9720
d1,8,C03_DUAL_ELEMENTWISE_MAX,candidate,0.24196494807178637,0.3799473111317976,0.310956129601792,0.6368099628786972,0.5799702745925548,0.4295631249807892,0.3631900371213028,5822c5ec26e1c12539bbff1621244b7978b4b3b94df683da7e851d64fd21e3b8
d1,8,C04_DUAL_ELEMENTWISE_MIN,candidate,0.2739847906742513,0.3892214193647127,0.331603105019482,0.6705185007783498,0.6085413281752464,0.4006972928668328,0.32948149922165015,d8bcec4571d6f18d16353e90e81c7075aaa500503c72bf9ee7ce6f60c44e0b38
d1,8,C05_DUAL_HARMONIC_INTERSECTION,candidate,0.2721832862606536,0.3893670629539254,0.3307751746072895,0.6706083103819902,0.6107082202411103,0.39851414690123804,0.3293916896180098,989a519e782ee2483094c672c223b56b11ac0b3df964d8a7db1c70e081b31868
d1,8,C06_DUAL_ROW_STOCHASTIC_MEAN,candidate,0.24465342303231122,0.37724218513740265,0.31094780408485695,0.6436055562208118,0.5850403968377081,0.42428629317228983,0.35639444377918816,177bd8bb0ed8de03a1392d4e0997d84a6ead782812bcaad78c98ef5b6b80c5b1
d1,8,C07_DUAL_LOCAL_RELIABILITY,candidate,0.24331803526218387,0.37794635108477,0.3106321931734769,0.6413004430607113,0.5830308771521544,0.4265862531098678,0.3586995569392887,99018c14421b08092cb7d5729a14c3805a9736d05de92e70ab1e4984d0a785ec
d1,8,C08_SIX_VIEW_SUPPORT_MEDIAN,candidate,0.24215472925242773,0.3777790269827528,0.30996687811759027,0.6406119027661358,0.5826894827503813,0.42680775089691336,0.3593880972338642,0def0b05ba3e315c52a81bf22de98a7949173062f9124a4feea457e3a1e3b47b
d1,8,C09_DUAL_SPARSE_SNF10,candidate,0.21471487732493727,0.3245038156338029,0.26960934647937007,0.8105316728535504,0.7406207656013957,0.2658389410306162,0.18946832714644957,3e9efae06dbf71a8020ff4a8cf14f5ac824d620b9d9e5df042d51d2b1d797988
d1,8,C10_DUAL_MEAN_SPATIAL05,candidate,0.2552259210378842,0.38497971475282194,0.3201028178953531,0.6545623278649264,0.592474610743591,0.41723844590299536,0.3454376721350736,91b50996eb18cd1b4bb714096b6b13adc2cfa9b20c8c542243ed9a7cdf63746d
d1,8,C11_DUAL_MEAN_SPATIAL10,candidate,0.25417772318495174,0.3845565663036367,0.31936714474429423,0.6720752005747814,0.6100110006953408,0.39985906150342754,0.32792479942521857,4906ad58587b817c6d7675600fd437633abeac121c736d65e8a741615f96dd36
d1,8,REFERENCE_G00_H00,reference,0.2028635255615211,0.34839061809849525,0.2756270718300082,0.6512393725302359,0.614853019231872,0.3902936701481779,0.3487606274697641,1ecf4f36bac48d738ce16428176a40933852b4a314816a5da60540c45d35a284
d1,9,C00_G04_H05_CONFIRMED,candidate,0.2518324143016672,0.3806280943870261,0.31623025434434665,0.6342354209076757,0.5709398620355636,0.4394423089802927,0.3657645790923243,c9128ae00cc5982c594057db6e4a54e96e98e0a857e93e8134e795bacfe4f909
d1,9,C01_G00_H05,candidate,0.26081624875067827,0.3856242852946701,0.32322026702267415,0.6477068614537181,0.582723770043712,0.42656060250400885,0.35229313854628186,649a5afabbfae929a279f614f8e84dee1b2484dbe557da3a65ea7cb78583504c
d1,9,C02_DUAL_ARITHMETIC_MEAN,candidate,0.26355982045039816,0.3899159919344974,0.3267379061924478,0.6439049215662795,0.5815950630437274,0.42886204492189267,0.35609507843372046,2388a4543ac3f795e2156420991b0631120e86a8f1000d634489f7aa38988558
d1,9,C03_DUAL_ELEMENTWISE_MAX,candidate,0.2515124108650622,0.38279612915647626,0.31715427001076923,0.6421386660280206,0.5788574090590908,0.4312613000983787,0.3578613339719794,8d5ac1a92d2253d7363a12d38f53192e906708e235c72f64de1caa436ee11d55
d1,9,C04_DUAL_ELEMENTWISE_MIN,candidate,0.22707206436740052,0.36934371601296345,0.298207890190182,0.6897976290264639,0.6417991752094252,0.3683293800664295,0.3102023709735361,c5a1762d32571039812165c7a82e3b6dbc947656d74d57d395aec647a3fd64eb
d1,9,C05_DUAL_HARMONIC_INTERSECTION,candidate,0.2266423300426952,0.371369102580975,0.2990057163118351,0.6842294336007664,0.6357035531286505,0.37352613849788885,0.3157705663992336,690d006d49789f3b14345d70bfb4dd2377b92a777f41579586bab2a64d824d4b
d1,9,C06_DUAL_ROW_STOCHASTIC_MEAN,candidate,0.2582812575995528,0.38676842613177215,0.32252484186566244,0.6467788288827685,0.5835271659068793,0.426734236069339,0.3532211711172315,321dad78d045c85747097c7c37fd2444d7c0e0a0ed1ec1169cf8273e90a2c78d
d1,9,C07_DUAL_LOCAL_RELIABILITY,candidate,0.2610283699324045,0.3885912711864512,0.32480982055942786,0.6471380672973297,0.584752147779354,0.42552535373369577,0.3528619327026703,b9c407fa97df164caade29629702697fe768c2c32decefffee8f449307e616f6
d1,9,C08_SIX_VIEW_SUPPORT_MEDIAN,candidate,0.26326298372496604,0.3897996038034394,0.32653129376420276,0.6441444138426535,0.581676367797306,0.4287278901303429,0.35585558615734647,702ced0c2490e1751d58f1819d059c9d898b97fde40080530e51e2238702edff
d1,9,C09_DUAL_SPARSE_SNF10,candidate,0.22550305009126698,0.345253444655282,0.2853782473732745,0.8001736319003712,0.7395354566965306,0.2726133882512583,0.19982636809962884,25054da4d69e3dca25f587f1514a1ce09f4ad06f6adb6cd942ed14e7e433b1c3
d1,9,C10_DUAL_MEAN_SPATIAL05,candidate,0.2546126834046913,0.38587331364690935,0.3202429985258003,0.6577056639923362,0.5974558145843093,0.4128812564031675,0.3422943360076638,b8f25fbc0d9e9c27307b1ce27b604ea454d3014c7251f24f390951f954974deb
d1,9,C11_DUAL_MEAN_SPATIAL10,candidate,0.2255010954617059,0.3717669979704845,0.2986340467160952,0.697910429888636,0.6499069309710366,0.3609027628002481,0.30208957011136395,656095683e1073508ebdc3ecc05d7f35845d8114ae66dcacc26e1564c0f73130
d1,9,REFERENCE_G00_H00,reference,0.21241576457885084,0.34597275303527586,0.27919425880706333,0.6259729373727697,0.5741604254520741,0.4313090615908563,0.3740270626272303,e6cac19a0d5dbf186dec2efd0cf12f0360b95c7b8d1661b9b924badd968b61fa
p22,0,C00_G04_H05_CONFIRMED,candidate,0.3938401158578473,0.5730169350395954,0.48342852544872134,0.8925343595382078,0.838604289321296,0.16121313135547247,0.10746564046179219,c750111e88ad5e70f620dc11d313bb8b8399507cf7a3943beaaac88f7350c4bb
p22,0,C01_G00_H05,candidate,0.45603613037020874,0.6152796289947393,0.535657879682474,0.9134359538207807,0.8733184357662666,0.128056564741145,0.08656404617921931,e6a948f48c96cecef9bfa6042d1bf94423b58082313c09f1167d69845e0c47be
p22,0,C02_DUAL_ARITHMETIC_MEAN,candidate,0.45627803122063876,0.6153091102867356,0.5357935707536872,0.9052226498075866,0.8580207189436717,0.14280564517512287,0.0947773501924134,4e4dd355ea225df8700bad5f70ad4830028562de091162da7b7dd27a5ad29468
p22,0,C03_DUAL_ELEMENTWISE_MAX,candidate,0.4579447414983461,0.6084923054741643,0.5332185234862552,0.8964266080263881,0.8461969350791834,0.15447972700257925,0.10357339197361193,08072cc6592a9f1d8b0cb7566dbb66d2f960ab3878d7d024bcc5d7fdc5755f34
p22,0,C04_DUAL_ELEMENTWISE_MIN,candidate,0.4214484803458375,0.5978025126834544,0.509625496514646,0.9252446399120395,0.906063080996631,0.09960102533001959,0.07475536008796047,c488d3c4543a686ef6e0a57cfb4d4e3e19d17c25daf09bc9e91fd966805f743c
p22,0,C05_DUAL_HARMONIC_INTERSECTION,candidate,0.425918738880906,0.6017969226799755,0.5138578307804408,0.9272017592083562,0.9080663087452981,0.09749215686239919,0.07279824079164376,5539cafcc778b78ce4f834fe3c802514c79c853cfd2cbaf33b87c83af3348da8
p22,0,C06_DUAL_ROW_STOCHASTIC_MEAN,candidate,0.47528570946236587,0.629605850179043,0.5524457798207044,0.905387575590984,0.863919102801123,0.1373875895550482,0.09461242440901596,1d5c84f15943102c58120e16611831e7f0fc61945a5531866ba0e3aff978ba6c
p22,0,C07_DUAL_LOCAL_RELIABILITY,candidate,0.45700587550893557,0.6174567385605962,0.5372313070347658,0.9064101154480484,0.8609483152669883,0.13990763260336625,0.09358988455195161,fd587de19874c4c071371afddff4e2eaeda656c4e16f8da81183f57de7ca2123
p22,0,C08_SIX_VIEW_SUPPORT_MEDIAN,candidate,0.4557570284320522,0.6151276881368573,0.5354423582844547,0.9050907091808686,0.8581705421200119,0.142644124057273,0.09490929081913135,ce05c231e25636b6c4a8b67e0ff1a0e69911d0e9bec7c777202ff767b8577622
p22,0,C09_DUAL_SPARSE_SNF10,candidate,0.31846288230430725,0.5005866181340137,0.40952475021916046,0.9463771302913688,0.942582213038338,0.059553644924867415,0.05362286970863117,9f3a9392636be4e91c0d41738f496051dc9503ab5c1854642a94303e3ebe5830
p22,0,C10_DUAL_MEAN_SPATIAL05,candidate,0.4810942386320812,0.6350934228245786,0.5580938307283299,0.905717427157779,0.8647094409231504,0.13665776048945558,0.09428257284222097,d4ccf7e3f7340e35fdcdf145d60d4e2f80024a36a290649332ce4c4396d1bc01
p22,0,C11_DUAL_MEAN_SPATIAL10,candidate,0.48762688549898014,0.6420793181894304,0.5648531018442053,0.9065420560747663,0.8696086018837852,0.13203677704762498,0.09345794392523366,77d8befe388751d20bb63fb071df06c6a8f0750595419f4be5550a5d7092258b
p22,0,REFERENCE_G00_H00,reference,0.40403985585343904,0.5409416302532721,0.4724907430533556,0.8045849367784497,0.7665802804075369,0.23957418603991065,0.19541506322155033,8cfe8169e136ab86a93b82bde9995c341200969ab8d837288d1916359fa3eef8
p22,1,C00_G04_H05_CONFIRMED,candidate,0.3427756247697922,0.5406958529399833,0.44173573885488776,0.8919406267179769,0.8290853459207845,0.17133130946039976,0.10805937328202309,310c55d99c7294e153155b297dbd9f51ef77a63688ac33c8d71f26b1aa5322d3
p22,1,C01_G00_H05,candidate,0.40640926980167563,0.5915170069456939,0.4989631383736848,0.9107531610775151,0.8659800514927863,0.13555230413462077,0.08924683892248486,94e6e5075842ec3217ff86d915cd2163eb2b1549a689cb67cf68720a0f175154
p22,1,C02_DUAL_ARITHMETIC_MEAN,candidate,0.3953489646394878,0.5879572724280815,0.4916531185337847,0.9067949422759758,0.8606397395024734,0.14061571148161414,0.09320505772402421,2b8d5c4334d776569131f98c4129f131cc050f7b3fa46ac542e4b8179bcff39d
p22,1,C03_DUAL_ELEMENTWISE_MAX,candidate,0.39758650421760633,0.5858614380246362,0.49172397112112126,0.8991973611874656,0.8494944368221393,0.15185945292185188,0.10080263881253437,f905d9b28290f931348e4e0721e74d8c221aba6972d7db204ac8e0ef8bc34a11
p22,1,C04_DUAL_ELEMENTWISE_MIN,candidate,0.40446288503971883,0.5986119919552588,0.5015374384974889,0.9248268279274326,0.9045836629150524,0.09972117529975097,0.07517317207256735,f8a1242d6f91452b43b31a2ec513921147ae437ecface393174a588f1a1c1e1a
p22,1,C05_DUAL_HARMONIC_INTERSECTION,candidate,0.4096231247724941,0.6024281213633782,0.5060256230679361,0.92609125893348,0.9088965638616592,0.09493264219872088,0.07390874106652001,dc5e35757663e7cdfd56a01c3656939e07d2892b4e5457ac9c5086ad1f7d476e
p22,1,C06_DUAL_ROW_STOCHASTIC_MEAN,candidate,0.41229139462938086,0.59356372764664,0.5029275611380104,0.908411214953271,0.8693281299880198,0.13208103916870456,0.09158878504672896,96a011182982bec5af7883f9016e3bc23caad28f4fd86e9d69af88b3e595a559
p22,1,C07_DUAL_LOCAL_RELIABILITY,candidate,0.39636963338481224,0.5891569489021569,0.49276329114348455,0.9069378779549203,0.8608258317443913,0.14043179028432828,0.09306212204507969,a5c14e8463fd36c53263d67162e7b7384873ab4f15b353acf7aeab17ba4a8ec5
p22,1,C08_SIX_VIEW_SUPPORT_MEDIAN,candidate,0.39545812367030014,0.5880658473924943,0.49176198553139727,0.9065530511269928,0.8604319897187244,0.14082815318605904,0.0934469488730072,8863da6aebf65db92613c2619a7fc732b289f593f6e154559ec5dce6c7eeb8db
p22,1,C09_DUAL_SPARSE_SNF10,candidate,0.3519474946994681,0.5162327560518255,0.43409012537564684,0.9495107201759209,0.944441635512284,0.05746071056324591,0.050489279824079136,6362ceeed480f5bd56ad2ee71b882b7d6fdf9ddc8e9791991fb1f00aee6859a1
p22,1,C10_DUAL_MEAN_SPATIAL05,candidate,0.42666851832834285,0.6007526660191223,0.5137105921737326,0.9119516217702034,0.8739586109826999,0.12717357551060385,0.08804837822979661,8455c2541a86b02522b86551928a2521f06a734e9722eaaf85fc431b90efbfb7
p22,1,C11_DUAL_MEAN_SPATIAL10,candidate,0.4324960392137848,0.604195020987086,0.5183455301004354,0.914414513468939,0.8757846750670915,0.12539780011924564,0.08558548653106102,d0e7b41c194531f201ceda7283b849741e271a658df66f3b6177df1e83a443ac
p22,1,REFERENCE_G00_H00,reference,0.3843921379945207,0.544754340665941,0.46457323933023087,0.8260362836723475,0.7592886616628364,0.24320882483130188,0.1739637163276525,a035e36013c3ca116e39d525889cc30bea915e0a61d43354fdcca5c9760823b8
p22,2,C00_G04_H05_CONFIRMED,candidate,0.3758358297485455,0.5584648599374542,0.4671503448429999,0.8874986256184717,0.8326659706924474,0.16787454004982552,0.1125013743815283,138646011a9ec067df5eb04c2f811aaded794c91c6631bbd9d6cdf531fe7d3ec
p22,2,C01_G00_H05,candidate,0.48707413110468956,0.6361440249000393,0.5616090780023644,0.9105882352941177,0.870475665057693,0.13042295684585736,0.0894117647058823,408557dc2347e56f3d2ee7b99e8733c501a5b3e85540abf4fe866f97cbe7c4b8
p22,2,C02_DUAL_ARITHMETIC_MEAN,candidate,0.4857907806038838,0.6372583805467248,0.5615245805753043,0.9012094557449147,0.8575567643731336,0.14320329171084284,0.09879054425508527,333766759e630f66c71e1b283c5f9bdce889c6a5c931b20b1b362a8017d339ae
p22,2,C03_DUAL_ELEMENTWISE_MAX,candidate,0.49322707339556876,0.638832967388771,0.5660300203921699,0.8960417811984607,0.8505448735996978,0.15026327022382,0.10395821880153933,ba79ede0adfa2e3f21174adf8f2dc784cd332dc4109f2166078f1d4de16dfe70
p22,2,C04_DUAL_ELEMENTWISE_MIN,candidate,0.4428598283806831,0.6179709551443455,0.5304153917625143,0.9242330951072018,0.9057973130027686,0.0974811202205771,0.07576690489279825,d2461af4f0f375afaa3a617d498ecfccce59c40e9109338b8d07c209265143a0
p22,2,C05_DUAL_HARMONIC_INTERSECTION,candidate,0.4411669322516279,0.6171224524237237,0.5291446923376758,0.9238812534359538,0.9056150525094764,0.09767002389610119,0.07611874656404616,3a13154ecc6b366b83c12f8bb409beda545e0afe28d3015a5ab14763eca1d6ff
p22,2,C06_DUAL_ROW_STOCHASTIC_MEAN,candidate,0.4922818203965427,0.6412210492391416,0.5667514348178422,0.9044090159428257,0.8644190824151496,0.13655393450940234,0.09559098405717426,9834f0250fae43e849e6dd8c264e1656047ef93c9ceccf01862e050e3577e215
p22,2,C07_DUAL_LOCAL_RELIABILITY,candidate,0.48106436922390555,0.6333570324815175,0.5572107008527115,0.9032655305112699,0.860830256805464,0.13990460525304596,0.0967344694887301,76be46c266dfc26612394f85084fab9f22794e0a2205042ac767719dfb6c71fc
p22,2,C08_SIX_VIEW_SUPPORT_MEDIAN,candidate,0.48047243886242735,0.6332907453819226,0.556881592122175,0.9016712479384277,0.8595500978618391,0.141280276315492,0.09832875206157232,54046a76db792e36388d6f9befaeb67776ccf5fa18dd84848eb403fb84b3ba55
p22,2,C09_DUAL_SPARSE_SNF10,candidate,0.3483707016592535,0.5104016735353905,0.42938618759732194,0.9475865860362837,0.9431375215607312,0.05869218160182207,0.05241341396371635,d9ed9ae9e4349c4e0356526b53dbc26be24ebd14cf9df2e2c423c13c74f6084d
p22,2,C10_DUAL_MEAN_SPATIAL05,candidate,0.49301039584133394,0.6416071864879184,0.5673087911646262,0.9066739967014843,0.8688663615171075,0.13205925519504022,0.0933260032985157,296d1807f295d0edd7a67544a34f51d79ebe9febb7caf22034f65a9960577b84
p22,2,C11_DUAL_MEAN_SPATIAL10,candidate,0.4936888944091932,0.6435720425675181,0.5686304684883556,0.908873007146784,0.8741260017747582,0.12704119487554422,0.09112699285321602,876d815747eff3877f4ed3cceb9d3d2bf1b1230f709ca45d82908e6881ce9f9a
p22,2,REFERENCE_G00_H00,reference,0.4074083773073522,0.5459783328246152,0.47669335506598365,0.8235404068169324,0.7838131168051845,0.2223867631649876,0.1764595931830676,5a8d900c4a791ef9148a72c754496d0767015187d3497535385da12de23da26f
p22,3,C00_G04_H05_CONFIRMED,candidate,0.45530558730704257,0.6128566713657209,0.5340811293363817,0.8987355689939527,0.8471559824337667,0.15343777122992674,0.10126443100604732,1d86e8f5590de6851e9717b7a71756cb4d1b0a7a194ac57a15aee4aa1cfd7398
p22,3,C01_G00_H05,candidate,0.46575922013626986,0.6292632877058619,0.5475112539210659,0.9215612974161628,0.8876344007008554,0.11442827489019239,0.07843870258383723,4ed6c266e9a5bc09b89a6d22e852bc4c56f9d30c6251867c5888f6069e6f747d
p22,3,C02_DUAL_ARITHMETIC_MEAN,candidate,0.47865792936774476,0.6322068177618403,0.5554323735647926,0.9094777350192413,0.8682682372613679,0.13290277005642287,0.09052226498075866,64d47d6c5fffc870f01ff947c7d43ae78eafd4131f094bfe5f73c5cd836f4e87
p22,3,C03_DUAL_ELEMENTWISE_MAX,candidate,0.49109119331517304,0.6383375304936714,0.5647143619044221,0.9021330401319406,0.8585911069677638,0.14250246317776222,0.09786695986805938,0c1b7ef3035c83159276d5c7e72f800bce9d80abf8867b3fcdef7f4e2d0a1ed7
p22,3,C04_DUAL_ELEMENTWISE_MIN,candidate,0.418558279048669,0.5920297237846888,0.5052940014166789,0.9252006597031336,0.9065729322113482,0.09846429838140847,0.07479934029686641,aacac55c89afa8f2f09c4db8a5e3171cbc672b8eef84798413a30751dd5d239e
p22,3,C05_DUAL_HARMONIC_INTERSECTION,candidate,0.4244511776629921,0.5979330200644526,0.5111920988637224,0.9288070368334249,0.9105918639190046,0.09412930070941682,0.07119296316657509,5b7832608a9cb3c85813ccaaef63e8dc2acd4e0321907de625407743b6881c89
p22,3,C06_DUAL_ROW_STOCHASTIC_MEAN,candidate,0.4916391271904599,0.6439426378413265,0.5677908825158933,0.9087960417811984,0.8676094036715245,0.13378804602882324,0.09120395821880156,444ac772f08a60ddb0aff13c6bdf206a1b7a4407da7bb760b867d6b798bcf0b7
p22,3,C07_DUAL_LOCAL_RELIABILITY,candidate,0.48121444904710853,0.6356000661853994,0.558407257616254,0.9106212204507972,0.8700953387724089,0.13110416734320865,0.08937877954920281,805940f69cce3ec777c039db312b9a43d53cac9c68808155186a6eb39510ca79
p22,3,C08_SIX_VIEW_SUPPORT_MEDIAN,candidate,0.4813031047351396,0.6341294678921121,0.5577162863136258,0.9088949972512369,0.867302891482731,0.13384986759317372,0.0911050027487631,9485473453c496591115f3b7f43a69ae6f983efe38dd7f5fe3d769c884befefa
p22,3,C09_DUAL_SPARSE_SNF10,candidate,0.3711942275978827,0.5154194764312553,0.443306852014569,0.9487190764156129,0.9446687852087821,0.05746472287616565,0.05128092358438707,3946886d39ec6de92887292f068263cbb52cafb699159a324771ddfed6b18f26
p22,3,C10_DUAL_MEAN_SPATIAL05,candidate,0.49422593457441,0.6473351773260043,0.5707805559502072,0.9104672897196262,0.8733142182915797,0.12823797586250213,0.0895327102803738,6d8382a564e25f8a05c472a92a0a26f079960e8b08f380cfd835dc8bfc47cbb6
p22,3,C11_DUAL_MEAN_SPATIAL10,candidate,0.49699053197766224,0.6503806665351892,0.5736855992564257,0.9117976910390324,0.8772604437120304,0.1243006325592365,0.08820230896096759,b2214310cd091ad63d68fcc1f0e362e0cd7773bd41594b0497efbbe78e0a79aa
p22,3,REFERENCE_G00_H00,reference,0.4322762031281098,0.5679853965767001,0.5001307998524049,0.8249917537108301,0.7741837613090086,0.226313748558519,0.1750082462891699,ae29e7bd63b72bc4093b39decc4ea981c3813abeb53d767f389a875483f5112f
p22,4,C00_G04_H05_CONFIRMED,candidate,0.4602328518736244,0.6169391428177579,0.5385859973456911,0.9050467289719626,0.853948894475063,0.14671777894846988,0.09495327102803741,0af0176a661dcc66f7d5889c295e9fa45901a9007806edde0db098ff4d330f15
p22,4,C01_G00_H05,candidate,0.46256425262798656,0.6278567802977477,0.5452105164628671,0.9183397471137988,0.8775031827690102,0.12454149125631332,0.08166025288620116,8d9700f15a0e5e8c5bbd63113512f05f53c93e9eb49e3d7556edba373471ff9b
p22,4,C02_DUAL_ARITHMETIC_MEAN,candidate,0.4614933256997109,0.6234157577426179,0.5424545417211644,0.9122264980758659,0.867019329201541,0.13375998399071054,0.08777350192413413,ae2be919ba835a9df5c2534d531bc928927723c59a1af8b1d3c257782318ecbc
p22,4,C03_DUAL_ELEMENTWISE_MAX,candidate,0.4622223636595951,0.6203792215257455,0.5413007925926703,0.9071357888949972,0.856713944737702,0.1440516159615312,0.09286421110500276,3059692d227522e4c09d711470dbdc676e70aa92a69ed92a58f4e2a1e0f24b96
p22,4,C04_DUAL_ELEMENTWISE_MIN,candidate,0.4378487217365528,0.6102660666222596,0.5240573941794062,0.925365585486531,0.9018136146631655,0.1024395410672209,0.07463441451346897,1c4d7605f1c6336d12c639c337f93b93ddfd320b755d0dc1d910c87764f7ebaf
p22,4,C05_DUAL_HARMONIC_INTERSECTION,candidate,0.43631746530832277,0.6094493809535705,0.5228834231309466,0.9251126992853216,0.902757295646627,0.10132483383921172,0.07488730071467842,2d3a6606e25c4aaa281d2d95df9485f05bbf7e79b8a7b4dabc3cd761825dd823
p22,4,C06_DUAL_ROW_STOCHASTIC_MEAN,candidate,0.4715943766053382,0.628626208172451,0.5501102923888945,0.9130401319406267,0.8709386343017159,0.1301717805297511,0.08695986805937328,e73504d3c011d9e9b2ecbc1c8589881bbf1182d345777997195457d580d02195
p22,4,C07_DUAL_LOCAL_RELIABILITY,candidate,0.4683741119487145,0.6277496079444755,0.548061859946595,0.9129081913139088,0.8715793270803555,0.1297225370638259,0.08709180868609123,67120d5f60a0a09b32261a53756a91f6cf230a61a5681882ef14e11ce16a06fa
p22,4,C08_SIX_VIEW_SUPPORT_MEDIAN,candidate,0.461341935618132,0.6239139407164106,0.5426279381672713,0.9120395821880154,0.8677275429008379,0.13310952313273408,0.0879604178119846,9c194d23fab8a99bc1fd3078d6b15c23606afdfbe3a01b115047103739cf5421
p22,4,C09_DUAL_SPARSE_SNF10,candidate,0.33332241192907824,0.512821803502062,0.42307210771557013,0.9468389224848818,0.9418417865758841,0.06034022539022767,0.05316107751511823,b761c2fccbdaefd4100173e6d4af2a2ea52b00c174aaf093c0b269b81faf616b
p22,4,C10_DUAL_MEAN_SPATIAL05,candidate,0.4784387041179108,0.6348937224458004,0.5566662132818556,0.9108851017042331,0.8684860415956468,0.13320785267024185,0.08911489829576691,957282d40b51efdb4e8f1997a4d726082791f28a3d4f4f6b8710925bec656d1a
p22,4,C11_DUAL_MEAN_SPATIAL10,candidate,0.47490359419238415,0.6384582995563018,0.556680946874343,0.9174051676745465,0.8834349354793133,0.11910784727420953,0.0825948323254535,4f41333e56e8248b2951f753b7352c79b1faf1bb8a98eb7668218fd86dd286b6
p22,4,REFERENCE_G00_H00,reference,0.4217132346582532,0.552389523979953,0.48705137931910314,0.8162616822429907,0.7622927779580954,0.23935322792006078,0.18373831775700933,b3f64f41056d75904a583da05e1dbcd89a2b3cf3ab694656023549735aff36e4
p22,5,C00_G04_H05_CONFIRMED,candidate,0.45307040343631905,0.6052176507727846,0.5291440271045518,0.8930291368884002,0.8410479111434799,0.15974788125999928,0.10697086311159976,f4237e02f59e7bbdb6dafe1727ea48ee49ee91b5352e320a52abe44e103dd35e
p22,5,C01_G00_H05,candidate,0.3980443974167639,0.5807516559262688,0.48939802667151633,0.9102363936228697,0.8685946479897074,0.13484478078467962,0.08976360637713032,2c50ce70bb9192c238df8c653861a23259a65592a816ed95af944435f66f1f69
p22,5,C02_DUAL_ARITHMETIC_MEAN,candidate,0.4558944906067662,0.6144603276350548,0.5351774091209105,0.9044200109950522,0.8573346328075079,0.14353303739572276,0.0955799890049478,d64aea1c8ed29f621d5357595d9e03a6410b0933f50b7e8b8f2ebe59aa672607
p22,5,C03_DUAL_ELEMENTWISE_MAX,candidate,0.456195006883182,0.6075638458266791,0.5318794263549306,0.8965915338097856,0.8465106409414093,0.15403576576938097,0.10340846619021438,8945f03fbcbea9c8498810988d5bfd59fa1a0e3ccfa43302c39c9d32125ef013
p22,5,C04_DUAL_ELEMENTWISE_MIN,candidate,0.430370128667006,0.5993776453991382,0.5148738870330721,0.9271467839472237,0.9075976485140345,0.09856190489908408,0.07285321605277628,a8cc2b4347e5587bcf45cfa3bb37d66032e31c3cb36898d406cd10b483387df9
p22,5,C05_DUAL_HARMONIC_INTERSECTION,candidate,0.42698450795545156,0.5981147016916123,0.512549604823532,0.9275645959318307,0.9071659194106326,0.09874947940401706,0.07243540406816928,d64472a7b3a8ecaf026b98f5d08d77d2a6dd230a6793a64c6a093de5a94ee4c5
p22,5,C06_DUAL_ROW_STOCHASTIC_MEAN,candidate,0.47306917254264297,0.6242509791749319,0.5486600758587874,0.9061352391423859,0.8647892782359695,0.13642779334974417,0.09386476085761408,000f6e4ac336e254fe2a643aad3316f3b38de32912990be67fdee0d457b93ae2
p22,5,C07_DUAL_LOCAL_RELIABILITY,candidate,0.41375887915053383,0.5847103395963799,0.4992346093734569,0.905145684442001,0.8625844759237794,0.13954298591509157,0.09485431555799895,51996c615019c39eedf7847e2f4fe8a52b86a7a9a8310cdc7e41c7ee52a0af59
p22,5,C08_SIX_VIEW_SUPPORT_MEDIAN,candidate,0.45489257477269274,0.613413500258731,0.5341530375157119,0.9042550852116548,0.857217505758561,0.14366924851339682,0.09574491478834524,9fdd3fb5809b1bfc21cdbc8290d51d4fddeba764ceea23352f7da811761e204f
p22,5,C09_DUAL_SPARSE_SNF10,candidate,0.33360209358413956,0.5153259127748725,0.42446400317950606,0.9476195711929631,0.9418330012747419,0.05998431687698923,0.05238042880703686,8f9d2446916604ce1538e8a02055e97f819be96d2f6d356040da1f98fa4513dc
p22,5,C10_DUAL_MEAN_SPATIAL05,candidate,0.48049357668739606,0.6313725233664472,0.5559330500269216,0.9062781748213304,0.8655930917145866,0.13563508920351547,0.09372182517866956,9d6790f5f156f4370778aa7617a1140e1c5cae93c4a2e7bfb787978f456f0fcf
p22,5,C11_DUAL_MEAN_SPATIAL10,candidate,0.48413284228990655,0.6353338465128564,0.5597333444013814,0.9077844969763607,0.8667175031356651,0.13453234574784764,0.09221550302363934,a4f9849d2f7c1ae4a5050da32c113a734b89f5b9e4f1c1333437cf99713c8096
p22,5,REFERENCE_G00_H00,reference,0.39554738136346096,0.5359725333067215,0.46575995733509123,0.8041011544804838,0.7665046918314125,0.23945385791559362,0.1958988455195162,68caee84b2899bfd9c5e6f59c48c745f3d90035d08e5ce46d93a0f9a78c8ec85
p22,6,C00_G04_H05_CONFIRMED,candidate,0.4095243408998225,0.5876923466461128,0.49860834377296764,0.8959208356239692,0.8429703038051719,0.158405472731678,0.10407916437603082,b5be75c1a96441d9e51b46dbf5c8c4165797540c1d8450420a88e824c05becef
p22,6,C01_G00_H05,candidate,0.406200904024301,0.5917090038048526,0.4989549539145768,0.9159318306761957,0.876879615827569,0.1257746394017777,0.08406816932380434,386f092387f8f8b900a02a94378b1d67b6358c9887123f1c89bbd1eb3748ef9c
p22,6,C02_DUAL_ARITHMETIC_MEAN,candidate,0.44223041244674605,0.6096376313919857,0.5259340219193659,0.9097196261682243,0.8636746560650426,0.1374134937284515,0.09028037383177567,c173cb4413cbd90cf6ed899ee1008daf89cdb8b3e6a9778406e9c9f8612ab8b8
p22,6,C03_DUAL_ELEMENTWISE_MAX,candidate,0.45277660921508717,0.6117068003742492,0.5322417047946681,0.8997910940076965,0.8498878660856135,0.15084522126679747,0.10020890599230348,548d60ea6a01f724870716074ff5d93159708b18c369084ba020fc064ba61f16
p22,6,C04_DUAL_ELEMENTWISE_MIN,candidate,0.43638383192587354,0.6066979996652901,0.5215409157955818,0.9295107201759208,0.9100329084338884,0.09497791302652928,0.07048927982407915,214c65ed60331e6803e3fedefe9c28a541faf10e589e6804a33d64ee077ff23a
p22,6,C05_DUAL_HARMONIC_INTERSECTION,candidate,0.4339136785549493,0.6056077614116686,0.519760719983309,0.9270918086860913,0.9059181184479357,0.09856277776471602,0.07290819131390869,50b6a1e26f5004833b819e0f51708ea2b433a0deb17ef0158411a01bfdbeb7de
p22,6,C06_DUAL_ROW_STOCHASTIC_MEAN,candidate,0.47050567950482275,0.6240926194399882,0.5472991494724054,0.9089059923034635,0.8657719784799791,0.13570094466375704,0.09109400769653653,4baa7b80c6846d563d9500b2f9ec098c1099afda527541cfc87ad7dd725d68b6
p22,6,C07_DUAL_LOCAL_RELIABILITY,candidate,0.4078941159616513,0.5906136767327647,0.49925389634720796,0.9092688290269378,0.8636662373665865,0.1379554736981073,0.09073117097306216,6472074543c0f621cc29a047b41c7f1e94379391146d330c97a502cb2f823d10
p22,6,C08_SIX_VIEW_SUPPORT_MEDIAN,candidate,0.4262028382152741,0.6001814544074501,0.5131921463113621,0.9099725123694338,0.8638508282542265,0.1374398946379567,0.09002748763056623,68c3991f52860e8a837f1692c5282b82f5ac384d4e725526750815b4694e06bf
p22,6,C09_DUAL_SPARSE_SNF10,candidate,0.33009464235333696,0.49524185103694873,0.41266824669514285,0.9470148433205058,0.9433853792955568,0.05914872947023101,0.052985156679494216,85bb8a50d9bb377fdab4b7a2fed6d8d7324c0185eeef5e07b73aa265c7de0dad
p22,6,C10_DUAL_MEAN_SPATIAL05,candidate,0.47396243851145037,0.6283811934301825,0.5511718159708164,0.9094117647058824,0.869591730826891,0.13178351941779654,0.09058823529411764,1793aa48fce61e651f0bcf4212b9b69e27c968206844aaff13265a99f6e5ec24
p22,6,C11_DUAL_MEAN_SPATIAL10,candidate,0.48023983151743066,0.6326700978885257,0.5564549647029782,0.9098185816382628,0.872758450530533,0.12874418078416996,0.09018141836173721,cd310d445be2574d15d004766b0b84f05484878262854a2aa2bf4feeb54c2ed7
p22,6,REFERENCE_G00_H00,reference,0.39275121944678315,0.5329896992971136,0.4628704593719484,0.8033644859813084,0.7656925139658823,0.24036309671061,0.19663551401869162,c9691aa15677645adab1f546e4a0a955d3c91132ff3a3c3124a486ae302a9e4f
p22,7,C00_G04_H05_CONFIRMED,candidate,0.45307708534032387,0.6142439836786321,0.533660534509478,0.9005827377680043,0.8490723250659653,0.15144152311606207,0.09941726223199565,b2843e61424f16252c1336f0fcd94f49271a41f10d4e1f2e8bc46e67bc1f43a2
p22,7,C01_G00_H05,candidate,0.45004429325840345,0.6169969348150883,0.5335206140367459,0.9207916437603079,0.8863118770986742,0.1158838385352826,0.07920835623969213,e7029b3384c6fb6f514801b97582b61e717ae36ce6d572d497d02f95348bcc5a
p22,7,C02_DUAL_ARITHMETIC_MEAN,candidate,0.4596461119887779,0.6232267102145098,0.5414364111016439,0.9133150082462892,0.8706053640995823,0.13031993820980503,0.0866849917537108,805a48c72f20c411a714d864a0b35091ff51e8002339a441f4b57fbe5997dddb
p22,7,C03_DUAL_ELEMENTWISE_MAX,candidate,0.45980474563619217,0.6204283881369489,0.5401165668865705,0.9050797141286421,0.8562889181325126,0.1443979489930457,0.09492028587135792,f08abc18c2de26bac34413682f345e76e7547148abd15bcc8943ea0c17ccad06
p22,7,C04_DUAL_ELEMENTWISE_MIN,candidate,0.4269011143587978,0.6016761733374608,0.5142886438481293,0.9322594832325454,0.9150664885734354,0.09068029403014019,0.06774051676745463,13f836662d83327b8d3f4e6a42eeab69a12058cc79225e9aeec1039a1d473b3f
p22,7,C05_DUAL_HARMONIC_INTERSECTION,candidate,0.4259122575107225,0.6018193389974688,0.5138657982540956,0.9314898295766905,0.9139917622157273,0.09180422906042209,0.06851017042330954,880f5466e6b61c444a421efbf8ec8a76ef7cfa095446d71c4f5545ff1be73ebd
p22,7,C06_DUAL_ROW_STOCHASTIC_MEAN,candidate,0.4771557091515973,0.6315065879373946,0.5543311485444959,0.911105002748763,0.8723505622162725,0.12870015738619967,0.08889499725123695,e0c1ba61e9f46c12c523573da7dd5cfbf7866dc97ac1e84a78fdb592b248d64f
p22,7,C07_DUAL_LOCAL_RELIABILITY,candidate,0.47079671719598815,0.6279352256257017,0.549365971410845,0.9141616272677295,0.8743069050076964,0.12699549948279304,0.08583837273227046,0ccfd6ecdef773a36e244cef5f81beea262b0e60560910cef68dd603883b3d67
p22,7,C08_SIX_VIEW_SUPPORT_MEDIAN,candidate,0.471305561276383,0.6284363735583596,0.5498709674173713,0.9132600329851567,0.8735616617425406,0.1276509965503091,0.08673996701484332,23d3cac83ed22c87f2ea4026108d73a8228bf0de703a1a8242e9e1ee9c8e44b2
p22,7,C09_DUAL_SPARSE_SNF10,candidate,0.35965381375233574,0.5143341494666055,0.4369939816094706,0.9468389224848818,0.9425508147655326,0.05986349821017986,0.05316107751511823,d65ddc417c9441ead6b9cb14e9c811a006cd24d0afb968525d01d4618fc53cc0
p22,7,C10_DUAL_MEAN_SPATIAL05,candidate,0.48205490208287527,0.635960766914315,0.5590078344985951,0.9099285321605277,0.8687348535163892,0.13252650622915418,0.09007146783947229,c360a551d8a88c05132bf26b28fc71e8a0c85c6d85ca0a8bc8bc676da1483d4e
p22,7,C11_DUAL_MEAN_SPATIAL10,candidate,0.4839421324880057,0.6384091834430727,0.5611756579655393,0.9104672897196262,0.8726722644467055,0.1286181133756825,0.0895327102803738,d4e2613592afb12cb11938bc06d5e06a01d47d99707ec440720ffd335b8dbea4
p22,7,REFERENCE_G00_H00,reference,0.3996390159697861,0.536349713049568,0.4679943645096771,0.7900384826827928,0.7479736586711214,0.2581889385631551,0.20996151731720725,da723e537d3dc0325b43fe498f708e1c740dbfc09f1123277f0123872b4a0994
p22,8,C00_G04_H05_CONFIRMED,candidate,0.3985024417919459,0.5792151252292156,0.48885878351058076,0.8978889499725123,0.8440455412596529,0.15555053008309852,0.10211105002748766,859f6de1b8b14010446ede7622bc24d4a1820411bce8709e1a5f5616ef31403b
p22,8,C01_G00_H05,candidate,0.46530826165548955,0.6244254586975257,0.5448668601765077,0.9212864211105003,0.8853681816057389,0.11661572708602974,0.0787135788894997,d364f5730baa09feced630017e1a42de14bc34a32a72a2e4b2125c482f41c3e0
p22,8,C02_DUAL_ARITHMETIC_MEAN,candidate,0.4741746789470741,0.6266824854346711,0.5504285821908725,0.9097746014293568,0.8684384059796842,0.13253275763595843,0.09022539857064316,be81446d4a3cd526fc9b078219f2e2705bbe04b78e1b192896dfe02385f686f2
p22,8,C03_DUAL_ELEMENTWISE_MAX,candidate,0.4734188288370559,0.6237774142381306,0.5485981215375932,0.9032765255634965,0.8594163174915175,0.1415448365645975,0.09672347443650353,40071ebca5460c8f0fa5fa9a7009046c37a93072a9d7ba5f1449fcee7de97693
p22,8,C04_DUAL_ELEMENTWISE_MIN,candidate,0.44207635851542937,0.6120494961105142,0.5270629273129718,0.9266959868059373,0.9031967548993062,0.10045456630613074,0.07330401319406266,21181b530f22b153810c284fe5a073b2c6019586b3b9b8a919c0d684bd268fda
p22,8,C05_DUAL_HARMONIC_INTERSECTION,candidate,0.43748656102435873,0.6085688228899544,0.5230276919571566,0.9273227047828477,0.9053634746808792,0.09812130226159234,0.07267729521715227,c3515d3062afeaf30cc3b5eb0bb2cddeac85804c201bda7b3dfbf4ef65daad7f
p22,8,C06_DUAL_ROW_STOCHASTIC_MEAN,candidate,0.4828139873998994,0.630663896329819,0.5567389418648592,0.908521165475536,0.8698524037515776,0.13099604221490554,0.09147883452446404,db410f96269d5c02c9eb232b7ab797479586df4051013e4527573751ddffd511
p22,8,C07_DUAL_LOCAL_RELIABILITY,candidate,0.47258880267713366,0.6255687370151964,0.549078769846165,0.9104123144584937,0.8693603313506318,0.13174045728751016,0.08958768554150631,6a63b263087695ba0ed594442a5f3de9bc3652b2b1ca4d2c3896b8db5a1fde1d
p22,8,C08_SIX_VIEW_SUPPORT_MEDIAN,candidate,0.47319553010724913,0.6264587730274793,0.5498271515673643,0.9090159428257284,0.8680072976036726,0.13301405496117794,0.0909840571742716,ed5e45afc7e82c58ba3d5cf694c95698e2070eee212fc5348b3ce6b96e7aecee
p22,8,C09_DUAL_SPARSE_SNF10,candidate,0.3220784788193183,0.48826680451736054,0.40517264166833944,0.9475316107751511,0.9424163080606497,0.05951993683730472,0.052468389224848866,51c95dcb947796fb5310f518c7a7c8ddb211982d9cba71a95b1274f7e47f180d
p22,8,C10_DUAL_MEAN_SPATIAL05,candidate,0.4882487147921611,0.6357664028002306,0.5620075587961958,0.9092248488180319,0.8726004494448981,0.12809790956358308,0.0907751511819681,ffef938a3fd858756bdc06a340d04c750d58b1367410aa24f4da859ea8b6fe0f
p22,8,C11_DUAL_MEAN_SPATIAL10,candidate,0.49080199810430336,0.6394785495976717,0.5651402738509875,0.9107421660252886,0.8736958500528851,0.12721311385219713,0.08925783397471143,0a3c2ffed396e7fa9b1a665de0d6533a41ac87d3e75c85b5ee5c285d618a450e
p22,8,REFERENCE_G00_H00,reference,0.39871896087532255,0.5387530362590747,0.4687359985671986,0.8072457394172622,0.7679705393806221,0.2376308212823784,0.1927542605827378,7c7cea60a75622cdad87e6d82728e7d7e1f7f75b102af92a2476861ad5e868b1
p22,9,C00_G04_H05_CONFIRMED,candidate,0.46057249829339975,0.6147209739345133,0.5376467361139565,0.894040681693238,0.8400194534034144,0.16025404305247892,0.10595931830676197,e47a3710eff60ec6eae1b760d419d3b13ea958eb042765c7ef9abf67c3a0d111
p22,9,C01_G00_H05,candidate,0.4640093376725348,0.628295493035055,0.5461524153537949,0.9151072017592083,0.8753222502986072,0.1266427341338327,0.08489279824079166,74856dcb2b6ab73697ffbc37a367faf8afb9bd9808b16e8771f60a671ebc1a6e
p22,9,C02_DUAL_ARITHMETIC_MEAN,candidate,0.45624766179032317,0.6264277537754495,0.5413377077828863,0.9097965915338098,0.8664351094544044,0.13497015757117903,0.09020340846619024,f0cd86731fc383bd78470af15a6d2a849adc5b6a59d17b68ed4f314463b0caad
p22,9,C03_DUAL_ELEMENTWISE_MAX,candidate,0.49433313163252596,0.6417298015445225,0.5680314665885242,0.8987135788894998,0.8521822940077567,0.14869107470388712,0.10128642111050024,b3764c8b394afd166007aac200af225262618a0363539d9aacdca54bec5cf465
p22,9,C04_DUAL_ELEMENTWISE_MIN,candidate,0.43303016577973436,0.6043902623641254,0.5187102140719299,0.9250577240241891,0.90395494442625,0.10183797294235014,0.07494227597581093,cc0bdc1f23095a9754beff86a0310580925c52cef5dea1825eee4242b7c50b9e
p22,9,C05_DUAL_HARMONIC_INTERSECTION,candidate,0.42555323716313365,0.5967219109630488,0.5111375740630912,0.9217702034084662,0.8922031946706777,0.11211001716414055,0.07822979659153384,2a8f12b99aab7841dfc8c55cacbc31754a08eb2a89b093c8854e17c6bac4a1da
p22,9,C06_DUAL_ROW_STOCHASTIC_MEAN,candidate,0.47590966674767343,0.6368766061881521,0.5563931364679128,0.9094667399670149,0.8714705201591233,0.1301809179166242,0.09053326003298512,9bf2163e4b1789bb9df027e08c31118f87d4cdca06bba5add1dc7840b66b1708
p22,9,C07_DUAL_LOCAL_RELIABILITY,candidate,0.4698253886721557,0.6335504094124228,0.5516878990422892,0.9139967014843321,0.876465709608242,0.12532011681692123,0.0860032985156679,f4b155336fc542f9ea09ff03161817b62200b916daab774a0d09bb490aab9857
p22,9,C08_SIX_VIEW_SUPPORT_MEDIAN,candidate,0.46719695078568896,0.6317124473950663,0.5494546990903776,0.9112479384277076,0.8727638243435016,0.129053879612397,0.08875206157229243,9f71a36ad112b48bd0e42643c220b776ab7e3661d1f728487482b25eef52d99c
p22,9,C09_DUAL_SPARSE_SNF10,candidate,0.3135093053863123,0.4728378073987109,0.3931735563925116,0.948829026937878,0.9442227618138477,0.05765580318570386,0.05117097306212204,ede60494ebef1222a37b2188cdf8e87b198405dad9185cb1e6cb9aa09eb94ce1
p22,9,C10_DUAL_MEAN_SPATIAL05,candidate,0.4788080557717557,0.6396358239461692,0.5592219398589625,0.911786695986806,0.8755832937055199,0.12602798758665845,0.08821330401319405,fa67c8bd9807ad7633e41e43da09ce6b48865457bee37629a072cd41828888c0
p22,9,C11_DUAL_MEAN_SPATIAL10,candidate,0.4821283455509032,0.6426583205694978,0.5623933330602005,0.914084661902144,0.8792711174379253,0.12280713183773234,0.08591533809785601,2213f27362e43c481564edf907f69ee4a7384b8a9a989bc246b1a2807cfc1613
p22,9,REFERENCE_G00_H00,reference,0.4026354873447909,0.5422001904608634,0.4724178389028272,0.8092798240791643,0.7749547174206683,0.23067834693210484,0.19072017592083568,c4f6e710c14fc0f81caba6a27d5f8e978c1cb8d52900b71c7638a7dead455d11
tonsil,0,C00_G04_H05_CONFIRMED,candidate,0.1522327250963723,0.2733283147344344,0.21278051991540337,0.7200811826841025,0.5741961814432107,0.42301700226000316,0.2799188173158975,2bf2da2dfbee6c2b2c0d5d2436176476542689ce9a96ae12d6c225631f3e4166
tonsil,0,C01_G00_H05,candidate,0.14810278930250037,0.2537581586384203,0.20093047397046032,0.7166678198297931,0.5860242763753023,0.41070089714057956,0.2833321801702069,d02b8879a304a2e67a405aff5a5edc031de1cfec61ae952422cf20d8e2d204af
tonsil,0,C02_DUAL_ARITHMETIC_MEAN,candidate,0.14345051239765086,0.26820600121069194,0.20582825680417138,0.7208653336100925,0.5806281559533121,0.4167118515361976,0.27913466638990747,6dfc3ac707d87e8527b93cd1743f3e0de49b513e36dc4cf89705a869ad6dbee7
tonsil,0,C03_DUAL_ELEMENTWISE_MAX,candidate,0.14556841732173456,0.2685212973928836,0.2070448573573091,0.7195046011208746,0.5786799803219042,0.4186904615443359,0.28049539887912545,f1c0eb51d80f9fd79d822882d97de0b479ab5a8ec53aa84285226f01cc9fe438
tonsil,0,C04_DUAL_ELEMENTWISE_MIN,candidate,0.13877737239764254,0.2634165647086101,0.2010969685531263,0.7237251781637031,0.5841028703782569,0.41304100617951467,0.2762748218362969,d237ea8847cae25f43423e24d2f316d7d386cacbfaa2043fef94007dc101721b
tonsil,0,C05_DUAL_HARMONIC_INTERSECTION,candidate,0.13950359437723095,0.2643105852977605,0.20190708983749572,0.722341382411956,0.5833345868335525,0.41364626486344386,0.277658617588044,11bfd904c425d49fd85bd309754d4f8984d54493a88eed015b26750fa4fbf556
tonsil,0,C06_DUAL_ROW_STOCHASTIC_MEAN,candidate,0.15077472169228043,0.2714040964604334,0.21108940907635693,0.7080652229064324,0.5725648993703495,0.4242060469026758,0.29193477709356763,eda33de7c466f10dee2c0c17944a9236b250711874d49241474231cd3eba7172
tonsil,0,C07_DUAL_LOCAL_RELIABILITY,candidate,0.1429732876508634,0.2675385898635322,0.20525593875719778,0.7208192070850342,0.5811038974242468,0.4162399897115552,0.2791807929149658,0264200b4943b15d9b4d4e57d8fc89f4109d471e994af606b96332898807b3a5
tonsil,0,C08_SIX_VIEW_SUPPORT_MEDIAN,candidate,0.14392809218700608,0.26845851724830094,0.2061933047176535,0.7207038907723886,0.5802490396295232,0.417106873528478,0.2792961092276114,27a1984be0b3e105d6631c65c2edc5b303a95f5177f887931e676c9d543d7457
tonsil,0,C09_DUAL_SPARSE_SNF10,candidate,0.14077930723556717,0.26550893457190183,0.20314412090373452,0.7215341682234369,0.5818197907388092,0.41503858469656485,0.27846583177656314,b6d036d2b56de0bd701977348950127fab1e242f0e5b9d1250f58ba322b8c513
tonsil,0,C10_DUAL_MEAN_SPATIAL05,candidate,0.18885881139159616,0.2782210774789796,0.2335399444352879,0.7135542793883622,0.6129874434081244,0.38600059216065236,0.28644572061163776,0585b0a34d8e056f35a880d343e78a2a4f438a1397cad98221ee4d1417911ac7
tonsil,0,C11_DUAL_MEAN_SPATIAL10,candidate,0.19010988229397946,0.27806432440156337,0.2340871033477714,0.7222260660993104,0.6232286873372623,0.37586354497491153,0.2777739339006896,747fc1a10fdc397ed838933722e6aba1035c051f7f63f4a3559a6976d6b33b55
tonsil,0,REFERENCE_G00_H00,reference,0.08839312285471572,0.16267057025354578,0.12553184655413074,0.6760995410410757,0.5446298691849103,0.4535532049519613,0.3239004589589243,257d19004ba695914c88ea51036097e36f8c1de6f84b67e0fbfcca867b36ad62
tonsil,1,C00_G04_H05_CONFIRMED,candidate,0.14861514560681205,0.2701300690467603,0.20937260732678617,0.7227565211374801,0.5785466906620068,0.41858951690633706,0.2772434788625199,51705075e5e6ee47dcc4d5fe95e01b3ed11b349eb724a910ee2600ef95914efd
tonsil,1,C01_G00_H05,candidate,0.14559862683029934,0.26888735706881606,0.2072429919495577,0.7258469983163819,0.5859064329414547,0.4114653652355932,0.2741530016836181,a42465dfce6ae7dbe8bb9ebe61c25fc58f0c656e558b48255c756a2631479dc2
tonsil,1,C02_DUAL_ARITHMETIC_MEAN,candidate,0.14710126070229917,0.2703806805961192,0.20874097064920918,0.7243940127770474,0.5830779749272779,0.4143059986013597,0.2756059872229526,4abd798dfb5d365f9dfa0b3d8c2adec8b70aba17c5e7b0e2d88e93a89aea9c31
tonsil,1,C03_DUAL_ELEMENTWISE_MAX,candidate,0.14966900910894562,0.27162397168234,0.21064649039564282,0.7219954334740193,0.5808948906958553,0.41661771442439693,0.2780045665259807,c366b4b8ad42e391ff6c682491e0d006110de61e751679eafa5e377ce706a2f6
tonsil,1,C04_DUAL_ELEMENTWISE_MIN,candidate,0.14364810904121939,0.2667055286359262,0.2051768188385728,0.7261698839917895,0.5855412618082754,0.4117144521926771,0.2738301160082105,3e58792124fea383ac9329d6c4e53dc60d1df0549082b5c85cb33ed067edbd4b
tonsil,1,C05_DUAL_HARMONIC_INTERSECTION,candidate,0.1430738255510885,0.2661320225222471,0.2046029240366678,0.7263543900920224,0.586370019433534,0.4108709901136694,0.2736456099079776,9fe8df2fe49ef87757dbf1b77a1a5c3fb4c6ccc5df7a4958de7f53442d64f0a7
tonsil,1,C06_DUAL_ROW_STOCHASTIC_MEAN,candidate,0.14575963467641015,0.26772525461107305,0.20674244464374159,0.7257778085287945,0.5844601342299227,0.41255498344893243,0.2742221914712055,fe56abe38eaf796e379478b8860d6011d5748de68a1dc1db5603c82484572809
tonsil,1,C07_DUAL_LOCAL_RELIABILITY,candidate,0.14732878592774779,0.27047697893567246,0.20890288243171012,0.7245785188772804,0.5837588760932455,0.41354940051199446,0.2754214811227196,cefc7bc2f74e08c01823fa17859a95690cbf0c3000e02d94c2c7d6d8e1c1fcd9
tonsil,1,C08_SIX_VIEW_SUPPORT_MEDIAN,candidate,0.14725339737838605,0.2704538677753298,0.20885363257685793,0.7245785188772804,0.5832049145052287,0.41417444658629277,0.2754214811227196,dad226de70863e2a7779ead463caf24a2d4cc168d5288d44b1eb0913734c7b11
tonsil,1,C09_DUAL_SPARSE_SNF10,candidate,0.14348559725100343,0.26801727749643045,0.20575143737371693,0.7317511935238359,0.5873479636993127,0.4094123459318179,0.2682488064761641,96b5ad9a6e0c196709935c860f1dff2bc0f038d2cee51a142801b2e0af6e7ab4
tonsil,1,C10_DUAL_MEAN_SPATIAL05,candidate,0.13626914512354102,0.26261483292234866,0.19944198902294485,0.7281763878318227,0.592511983083476,0.4044806095367387,0.2718236121681773,4425a8f7354e77c0d00d3b4964c427c7a6bae2038b3296facad640a9b0707f2a
tonsil,1,C11_DUAL_MEAN_SPATIAL10,candidate,0.11766773550212184,0.22358146103412155,0.1706245982681217,0.7812680181738508,0.6634676699606447,0.33345091084342604,0.21873198182614917,b7f5c1e6b40ba7cec981a69b0e44bdc5388e633f0802d59dc5383ec7e25bdaac
tonsil,1,REFERENCE_G00_H00,reference,0.06415882065105331,0.15656844151785188,0.1103636310844526,0.7587352106829032,0.5805747152517059,0.4169991961582921,0.24126478931709683,1b948ce0d9ee5b0baca188c9b9605364f4906b37a6d283cc94d085ebc304e052
tonsil,2,C00_G04_H05_CONFIRMED,candidate,0.1553315607124325,0.2730142678484609,0.2141729142804467,0.7206116377222722,0.5759348312096273,0.4216963132599873,0.2793883622777278,8008eba54a4e3c7751aec4fd97ac3dc96c3e04bf4b2970bfbc5272ad9a675610
tonsil,2,C01_G00_H05,candidate,0.15287590965258077,0.27403418478683705,0.21345504721970893,0.7262390737793768,0.5856814111701214,0.41213310651956825,0.2737609262206232,fee43a8713f850e28c9c4160d98c8ed01ff8b6ef73dce99d9e9c8b8fa96824e5
tonsil,2,C02_DUAL_ARITHMETIC_MEAN,candidate,0.1523254214640502,0.27268249972515907,0.21250396059460464,0.7226642680873636,0.5809927128047704,0.41674641475636254,0.2773357319126364,fb33d19cec158167e5e2451417fc7936eabf6cfd5966dfddaa4ecd8c5357f46d
tonsil,2,C03_DUAL_ELEMENTWISE_MAX,candidate,0.15546773949063594,0.2743085905514517,0.2148881650210438,0.7218339906363154,0.5798874998910989,0.417942610105293,0.27816600936368463,aab0869c76531db93381cebdf3d690bd49beaf78c25f37d4934352a0901243ab
tonsil,2,C04_DUAL_ELEMENTWISE_MIN,candidate,0.1472229767082102,0.2680278724093328,0.20762542455877148,0.7281302613067645,0.587682785810625,0.40945687030545697,0.2718697386932355,c6f53876c44d7a467e6ba84f627e394757840ebfb17a9523455ae73ceaff3ebc
tonsil,2,C05_DUAL_HARMONIC_INTERSECTION,candidate,0.14673616266333445,0.26714988732708933,0.2069430249952119,0.7273691736433036,0.5875129586874177,0.4098098921342924,0.27263082635669644,6418955be45046cb047f404a278704f6cedd700e365b353fe770f0e8ccfc878d
tonsil,2,C06_DUAL_ROW_STOCHASTIC_MEAN,candidate,0.1520580615530925,0.2716152413578658,0.21183665145547914,0.7242325699393436,0.5823688416242586,0.415074507391891,0.2757674300606564,160437e3219aff1a889349f265a9df0a472933bc416e895b76190be4be1e6684
tonsil,2,C07_DUAL_LOCAL_RELIABILITY,candidate,0.15225479354190805,0.27259446919943603,0.21242463137067202,0.7231947231255333,0.5820786340968721,0.4156938096754352,0.27680527687446665,1188654e6645c8855e0c987270a7e35968dcb833802c263379f39d1da8cee1ac
tonsil,2,C08_SIX_VIEW_SUPPORT_MEDIAN,candidate,0.15281137609298387,0.27294090536960997,0.2128761407312969,0.7223183191494269,0.5804354971929702,0.4173167483307466,0.2776816808505731,669d8dfb7aa960e3b7eb105568bf52b852c012c83a21cb123e20007ee2ddf7ca
tonsil,2,C09_DUAL_SPARSE_SNF10,candidate,0.1410861218065228,0.26151137613219655,0.20129874896935968,0.7206347009848013,0.5848719294649135,0.4123381878540051,0.2793652990151987,1ce000ecf603546f66c4e58eed3af8964f6c2eb2b95f71a09b58281b760aff4c
tonsil,2,C10_DUAL_MEAN_SPATIAL05,candidate,0.14037678278593332,0.2635390897834894,0.20195793628471137,0.7258931248414401,0.5924709154760387,0.4050170578888447,0.2741068751585599,b320e304a9a517ce69333fd644c38e92e51a284d8334651dff7ac3ed19eaa61e
tonsil,2,C11_DUAL_MEAN_SPATIAL10,candidate,0.16735379670476666,0.23994900615336182,0.20365140142906424,0.70917225950783,0.5927506669239626,0.40457562195461644,0.29082774049217,2cbd01049e8672c9a90ffcfe9b48cc436b5b0a6a87059d33614e3c5b5188ed65
tonsil,2,REFERENCE_G00_H00,reference,0.052746499186793305,0.14749844294196854,0.10012247106438092,0.7589427800456653,0.6019348510391738,0.3961879485666948,0.2410572199543347,9fbaf7f0b9132e6823c562e3dfc8baa9a38df299a7c44a6e1fd03fd1e09508e7
tonsil,3,C00_G04_H05_CONFIRMED,candidate,0.15463883708914133,0.27374193978974287,0.2141903884394421,0.7216033580110243,0.5778897913902156,0.4191514111759904,0.27839664198897573,76ca94a14a5c79a3d60b02b278abe40f2af96d81c811d276dc6c9b4281d21dcb
tonsil,3,C01_G00_H05,candidate,0.15279192396908806,0.2710043756247364,0.21189814979691224,0.724509329089693,0.586580965970781,0.41134370449623503,0.275490670910307,56137466d97cee73a9856896414e17c6fc083934eef565a9417720b921056160
tonsil,3,C02_DUAL_ARITHMETIC_MEAN,candidate,0.15297977187116055,0.27214385271432634,0.21256181229274346,0.7219723702114901,0.5823833360342426,0.41522060824505536,0.2780276297885099,3b9f8a24942a438b07cb4282ca12b99b2895a173d5ad8673e18bae3c537704cd
tonsil,3,C03_DUAL_ELEMENTWISE_MAX,candidate,0.15696430095097014,0.2752883486967027,0.21612632482383642,0.7208883968726216,0.5802612758817811,0.4177193698723749,0.27911160312737837,d9a78bb1cbfdac6db793a9a06298cfe2c2b6b8cd6e84b4f8e586fece1772bc39
tonsil,3,C04_DUAL_ELEMENTWISE_MIN,candidate,0.14736137509287048,0.2678637407959442,0.20761255794440736,0.7271154777554832,0.586915961690158,0.41002611766316366,0.27288452224451676,80e63b3830b55a9bfd959dbbb6e3005a9489448e065559749620524f7b808e2a
tonsil,3,C05_DUAL_HARMONIC_INTERSECTION,candidate,0.14661072632594274,0.26532945249471157,0.20597008941032716,0.7265388961922553,0.5872507905884619,0.4096840059598925,0.2734611038077447,8052ebd46703e45007ec66b11bef8bbff395e074f3e2f11a029dec98dbb2d54f
tonsil,3,C06_DUAL_ROW_STOCHASTIC_MEAN,candidate,0.152131061040026,0.27200983129566586,0.21207044616784593,0.7232408496505915,0.5819443351559701,0.4152350674050268,0.27675915034940846,7277876ce65ce5fc08eeb95a8f8ddf62190bb2458bc993e8e2390f10be2bb422
tonsil,3,C07_DUAL_LOCAL_RELIABILITY,candidate,0.1525781574568823,0.2717563676927885,0.2121672625748354,0.7220415599990775,0.58247882439703,0.41513469196322644,0.2779584400009225,f5fc03a98c2a1aa4b51172ac28ebf1a4505127a458d985c111d059f104868563
tonsil,3,C08_SIX_VIEW_SUPPORT_MEDIAN,candidate,0.15268217255703806,0.2720431141275121,0.21236264334227506,0.7218570538988446,0.5818251518663794,0.4155897687634531,0.2781429461011554,89ebd6e9b670392b766c42e3e9652df0aee716a2739cbc2178ddd72f7ecd070d
tonsil,3,C09_DUAL_SPARSE_SNF10,candidate,0.1380299796433782,0.2615514667877231,0.19979072321555066,0.7228487741875966,0.586678411355962,0.4107283699142493,0.27715122581240337,066d936789ee523799b815c2001ff8a241aaddbbf790bafc5850330776f6c922
tonsil,3,C10_DUAL_MEAN_SPATIAL05,candidate,0.1380799781088743,0.26142801513703656,0.19975399662295543,0.7246938351899259,0.5917117937904041,0.40576532796375075,0.2753061648100741,5a86670016c14731dc576fe6ee958b42a7bd550499ccaf91a14d3ad71819a592
tonsil,3,C11_DUAL_MEAN_SPATIAL10,candidate,0.15915599063279195,0.2414221021256505,0.20028904637922124,0.7448050001153164,0.6376184182342661,0.3607880907660295,0.25519499988468364,864e17c4bfb69dbad0e98e6a2c29bad290461fe70e1e3556bea340732d90ae3b
tonsil,3,REFERENCE_G00_H00,reference,0.06768095771223619,0.15346051424656165,0.11057073597939893,0.7543301275398417,0.5844221152369531,0.41311425116509115,0.24566987246015826,4ab58c3f9b24e19538dcf37719795c4a9a446d9959e996c6cc4a7434379c9554
tonsil,4,C00_G04_H05_CONFIRMED,candidate,0.15395375517720053,0.27339873762538497,0.21367624640129274,0.7214419151733205,0.5766686516004614,0.4208211001475613,0.27855808482667954,849066d1794437486810e4dfcc5c042796b87d908b5a83a238cbf17e4f2c76c8
tonsil,4,C01_G00_H05,candidate,0.1451390536151097,0.26501000102576294,0.20507452732043632,0.7277151225812404,0.5898727704999444,0.4077899653672882,0.2722848774187596,2efe43fecdb62438195292843313819b8c2ed78034fa784cf89bbb87cd419f1e
tonsil,4,C02_DUAL_ARITHMETIC_MEAN,candidate,0.1497542647020278,0.27034107137507324,0.21004766803855052,0.7228026476625383,0.5828351288590777,0.4148914775783717,0.2771973523374617,d6ffed1e037d3fdd5e853ef7363973a21f8412e4cde0ab61c20371d72e716d64
tonsil,4,C03_DUAL_ELEMENTWISE_MAX,candidate,0.15414399487065503,0.2718540056169568,0.2129990002438059,0.7238635577388778,0.5817944773422887,0.41602376039712097,0.2761364422611222,e23629eea23f57c9ec0a8e41ae86994428cb5bc907d6d93ced8ba0b00d7b960e
tonsil,4,C04_DUAL_ELEMENTWISE_MIN,candidate,0.14374882663303862,0.26176259432186966,0.20275571047745414,0.7289374754952835,0.589717017780394,0.40759386240116713,0.27106252450471646,4a353e0133a31f0b88a424fa6fa5cf1dd57d8df025d7083edb4ffb22ea2388b3
tonsil,4,C05_DUAL_HARMONIC_INTERSECTION,candidate,0.14149179842062704,0.2603613496656133,0.20092657404312017,0.7288913489702253,0.5904517426302114,0.40678079713273685,0.27110865102977466,f8d893441563da51bf400ac5d545b1a8188668367a94af9ca9b1ad85bd804259
tonsil,4,C06_DUAL_ROW_STOCHASTIC_MEAN,candidate,0.14595136266692144,0.2657042225796957,0.20582779262330858,0.724509329089693,0.58601891645596,0.4116833793497159,0.275490670910307,1b8da30b7bddcf3c97b641aff6ef1fb180d0aead8e5ae30cc05d123a8a032e4d
tonsil,4,C07_DUAL_LOCAL_RELIABILITY,candidate,0.14953307835771015,0.2695641928032003,0.20954863558045522,0.7229871537627712,0.5828787254073204,0.4147929337442747,0.27701284623722877,43b4c71f23defa94debdc0aa7a6ca0642121fb350ea31f5fa5cb1c0f64c9ae17
tonsil,4,C08_SIX_VIEW_SUPPORT_MEDIAN,candidate,0.1501703236317395,0.27118590759389927,0.21067811561281938,0.7232177863880624,0.5832616274127773,0.41446893657123396,0.27678221361193756,1d762afff5a99288d54479941127f3887fce4d28b59d3e7327c50bb0267910fe
tonsil,4,C09_DUAL_SPARSE_SNF10,candidate,0.15053228559720183,0.26717374316192294,0.20885301437956239,0.7225950782997763,0.5818808085325765,0.4162670351900496,0.2774049217002237,e34f4862acd1ad284471dc6a5bb3a251b5f4e6b898e33000c95ddedeff432e33
tonsil,4,C10_DUAL_MEAN_SPATIAL05,candidate,0.14019047464736883,0.2644625009261394,0.2023264877867541,0.7195968541709911,0.5867699426097439,0.41019120641846607,0.28040314582900894,1b149b38e905cd622f2086a0bcdcf8d0fd02bd34defe9ff36df57625d7d26e3f
tonsil,4,C11_DUAL_MEAN_SPATIAL10,candidate,0.19010258874386426,0.27489905851565594,0.2325008236297601,0.7324892179247676,0.6340660316847447,0.36468713405627884,0.2675107820752324,e0de6d80d48bbcf7a06bfcf9d351676e554663270662c7bf7772f5a22857d4d7
tonsil,4,REFERENCE_G00_H00,reference,0.15490667531387664,0.24803360145707906,0.20147013838547784,0.7265388961922553,0.5884382685954972,0.4115388242505582,0.2734611038077447,07305603e349d91f7d0dafba094211976ecbf66b966f633c51f14e954f0b9ff4
