lane,run_id,arm,config_id,ari,nmi,ami,fmi,neighbor_agreement,moran_macro_ovr,geary_macro_ovr,min_cluster_size,cluster_sizes,partition_sha256,representation_sha256,training_seed,evaluator_label_reads
P22_K9,BASELINE__FROZEN_RETAINED,FROZEN_RETAINED_SAME_HEAD,BASELINE,0.3893208525073957,0.5784037483938195,0.5776923150201647,0.47587557030383065,0.8573291745602739,0.8384116403956239,0.16174153243553338,708,"[1009,1491,1232,708,894,1604,711,736,811]",9f4d2239dd47e1d3c735ee2e6e6be9d8f1b0a91dc92be15b6148349f9fb530b9,0c67c0eebbcea4da157ec7cab84026052137394bb2646c6db9516f63a6ecd74f,0,1
P22_K9,BASELINE__FULL_BANK_SMOOTH,FULL_BANK_SMOOTH_REFERENCE,BASELINE,0.3937991931056464,0.5846575177192107,0.5839565457229017,0.47978395089014936,0.8703888428060156,0.8523203053878176,0.14786265833635018,705,"[1591,1496,1260,731,715,705,892,805,1001]",a1f29cf43cef9c98c8b423b2835762d048d747f4a719a5639355ec3c216c1c1d,4882ca09328fdadce05ec5221633fc939ae165d07fc56cc7497cd63b252577b1,0,1
P22_K9,BASELINE__UNBIASED_SMOOTH,UNBIASED_SMOOTH_REFERENCE,BASELINE,0.3939005260086102,0.5847127109962361,0.5840118106458233,0.47987581633807175,0.8707363913503743,0.8526836847419972,0.1475004784784751,706,"[1586,1501,1264,734,713,706,894,799,999]",613df5bc94428ac10b95c9e12b813654dd08e7335d07cf297ce791df8a22558f,d40843517bed7a57c3789506691c75ff39fa9c69fa4e7add6812a5ab00a63f15,0,1
P22_K9,BASELINE__ZERO_RESIDUAL,ZERO_RESIDUAL_CONTROL,BASELINE,0.3939005260086102,0.5847127109962361,0.5840118106458233,0.47987581633807175,0.8707363913503743,0.8526836847419972,0.1475004784784751,706,"[1586,1501,1264,734,713,706,894,799,999]",613df5bc94428ac10b95c9e12b813654dd08e7335d07cf297ce791df8a22558f,d40843517bed7a57c3789506691c75ff39fa9c69fa4e7add6812a5ab00a63f15,0,1
P22_K9,Z01_CONSERVATIVE__UNBIASED_FULL__S0,UNBIASED_FULL,Z01_CONSERVATIVE,0.4816499442278457,0.6104992867596107,0.6098376225342028,0.5570932532447512,0.8802007115384207,0.8532782008745178,0.1470351522610261,718,"[2221,1090,1012,718,745,910,917,763,820]",081eff87514ca87bbcd5847f7b006ed689d2248328b0062703ec7af9d2ef653d,41a0a4240b1cda18dfb167cb5e85863dec58e13f021c4be11d3db82ffc59dc99,0,1
P22_K9,Z01_CONSERVATIVE__UNWEIGHTED_RELATION__S0,UNWEIGHTED_RELATION,Z01_CONSERVATIVE,0.48127008787549835,0.6102940888917708,0.6096320124616053,0.5567812504322159,0.8791688323259924,0.8520186441432154,0.1482939071328614,717,"[820,761,744,717,1011,916,2224,912,1091]",4b47e322d5d4a47d4f36820c0a306e55b25d156179f036279334146dc35b1ee7,1e03796c33e920258b24c2ff663f213f5b8e4f98b38f63252a9353576fc761c4,0,1
P22_K9,Z01_CONSERVATIVE__FULL_BANK_SENSITIVITY__S0,FULL_BANK_SENSITIVITY,Z01_CONSERVATIVE,0.4395435633247822,0.5891565014829923,0.5884519300440525,0.5223089742640288,0.890302372006882,0.8612749483738491,0.1391023694934392,489,"[865,2219,1264,489,765,716,753,646,1479]",524851bbf41200d8f7cb0bd05767b54d2bea5d06a051520e39b9f1b7a9492593,2c8229e0a312a37638a1fec85ad2b74d1da04dedd57014128a9b591ac08e2513,0,1
P22_K9,Z01_CONSERVATIVE__PERMUTED_RELATION__S0,PERMUTED_RELATION,Z01_CONSERVATIVE,0.3923849820084918,0.5835342847254942,0.5828311638840344,0.4786148060517183,0.8682743814346601,0.8495925790445669,0.15056094380426,702,"[1507,1608,712,800,882,702,1258,741,986]",62d033a25bb923d41355f1a56e9ad074d175924cc604ccebb39749ccdac6c7bb,710a7faac3428c94342665bc3476b29f252f42153fc081200cdf12123715000f,0,1
P22_K9,Z01_CONSERVATIVE__ONE_RAW_VIEW1_ADAPTER__S0,ONE_RAW_VIEW1_ADAPTER,Z01_CONSERVATIVE,0.4821441354316583,0.6105304245084724,0.6098686895224191,0.5575409471089654,0.879443985972892,0.8520775883697497,0.14825193285428256,716,"[763,918,1112,2222,1015,745,716,813,892]",1b07d9621333a86b3839b394656c6e69b618d2d545130d1150170cf7c8fe5f81,38e5fa713fdedea6cdb7068ecb365bc8686d11853a00379c3e94a4682615f344,0,1
P22_K9,Z01_CONSERVATIVE__ONE_RAW_VIEW2_ADAPTER__S0,ONE_RAW_VIEW2_ADAPTER,Z01_CONSERVATIVE,0.4796636974096999,0.6089474186175687,0.6082832969810115,0.5553413080688321,0.8797227991420807,0.8527579756473611,0.14756712312946602,720,"[920,2212,1004,1094,775,816,720,911,744]",e30b36a121ac0e362cb5b717105b0e1b1df7c296a9055a2dccd3bb68c03a35d8,b731cf6ed1f5de5eb267a677a96ccea72b79f46c4796fa0a78454df1965b812a,0,1
P22_K9,Z02_BALANCED__UNBIASED_FULL__S0,UNBIASED_FULL,Z02_BALANCED,0.46223336033131585,0.5964757340212893,0.5957912982490267,0.5401328300879996,0.8737451551107085,0.8476793357929179,0.15262980185383782,725,"[2175,949,892,753,725,906,1102,804,890]",6f38916537d9cb28c71d1dc06b2578bf88d34e87f5aa6f326f312dbbe3aae90c,f101359e74155ef2c6e4eab27ec13587d41e24bea1f13eccb9ae0d3d7b1a1697,0,1
P22_K9,Z02_BALANCED__UNWEIGHTED_RELATION__S0,UNWEIGHTED_RELATION,Z02_BALANCED,0.46300211902461413,0.5968780647755348,0.5961943418425202,0.5407915573781468,0.8731622303356366,0.8473235288382431,0.15299608816711455,726,"[726,950,2176,913,888,1088,753,801,901]",fb2ecebb429b262f8edba298a06e0e4acdb93a6c3d6c84d60df81769ab01cada,6081189c88a2284207ed9147d3c8f820d284809fac837f3df0b0a245411135e7,0,1
P22_K9,Z02_BALANCED__FULL_BANK_SENSITIVITY__S0,FULL_BANK_SENSITIVITY,Z02_BALANCED,0.44036923028905667,0.5895523714694315,0.5888501897894737,0.5225139259188948,0.8922212345637107,0.865753995091015,0.1346474000939095,499,"[499,2181,1392,861,726,759,1298,791,689]",bd88727a027a926abb06b8aa885d10eb499ddd6962c193bb3a16fa0d7ebb4f26,a9c92c1f62d9011df031685bb050ca5f88d00dbbe121f8ddb1ad26f7609ba1d1,0,1
P22_K9,Z02_BALANCED__PERMUTED_RELATION__S0,PERMUTED_RELATION,Z02_BALANCED,0.4237994674236704,0.5746834383566906,0.5739560180393891,0.508300804570541,0.866330114368027,0.8346710368505013,0.16559211089162823,553,"[553,2171,695,1501,775,623,913,814,1151]",7f079e227d05c202c333608e92cbb805193ecf2d2fd1dac3a35976091eb566cd,b93c3c3327848ea83fab6aa02e281babc8b5d535ea07becf86d061d99b9fd6e1,0,1
P22_K9,Z02_BALANCED__ONE_RAW_VIEW1_ADAPTER__S0,ONE_RAW_VIEW1_ADAPTER,Z02_BALANCED,0.4793265370028142,0.6092325474585794,0.608569517798545,0.5549172121401417,0.8816852047104946,0.8564973730272845,0.14384094575007167,715,"[869,2186,756,715,1058,877,793,1027,915]",402258d9508b382edf658a039bef9bebc11342a936a0af8a68d5f427d63160de,be530842518418369817f9e246fa21da8a695e134320d04f4363698fe4568a0e,0,1
P22_K9,Z02_BALANCED__ONE_RAW_VIEW2_ADAPTER__S0,ONE_RAW_VIEW2_ADAPTER,Z02_BALANCED,0.4679352213130265,0.6000221501721992,0.5993442176740311,0.5449543727512076,0.8758269990007913,0.8505398173248989,0.1497670123571594,737,"[890,821,758,970,1003,976,878,2163,737]",b0a898a5ef4507ca7fdbe448d7daccbdb56698c1e12b4c180cff37cbe81b1db3,d41706f0e85f06013b2aba42aeccdc9645caf7b5d3bc54884c00bf619d5af02a,0,1
P22_K9,Z03_ACTIVE__UNBIASED_FULL__S0,UNBIASED_FULL,Z03_ACTIVE,0.42892463177578793,0.5752907093975921,0.5745689171104816,0.511587159737138,0.8556942166819058,0.8287949032707466,0.17183305255789202,615,"[1156,2127,894,837,759,615,703,1215,890]",8c06e8ea64e6d9c81524de1fc470b19319b8df820b120afe4ea5c45a4b6bcc39,7b25b0fb89c5228c745a231f2fbe3e770d9f62b7f3b13338975e6a269da63583,0,1
P22_K9,Z03_ACTIVE__UNWEIGHTED_RELATION__S0,UNWEIGHTED_RELATION,Z03_ACTIVE,0.42778967016550007,0.5761280319875123,0.5754076580935586,0.5106185415971219,0.8552814862115564,0.829039567876679,0.17154083577007573,644,"[1202,836,2124,1212,644,758,706,838,876]",fc86a172872d6ffe43fc8a4e975559c8f9a8038a4bf80ea8eda7791193793dfc,8001128e8f289d1beaf1cd8d3789fb86d4e02c6528c6b7d662eede46c05dfe69,0,1
P22_K9,Z03_ACTIVE__FULL_BANK_SENSITIVITY__S0,FULL_BANK_SENSITIVITY,Z03_ACTIVE,0.4376408548920458,0.5883574025054257,0.5876544541224562,0.5197976972453785,0.8902769144605228,0.864235365335188,0.13612406499177693,509,"[2137,509,1327,762,1332,875,723,827,704]",b450845dface878fb82ac062cf490df7e12fe44ddf12a7d63990092c7e6c04db,19621b6e72d0a650d50176c4da6a05aefc54230c7d5117f4657b79826f335e57,0,1
P22_K9,Z03_ACTIVE__PERMUTED_RELATION__S0,PERMUTED_RELATION,Z03_ACTIVE,0.3719002890447365,0.5540510338159895,0.5533016869570416,0.4600397347823492,0.7603615395875453,0.7391954959798858,0.2608636141195438,689,"[1243,1495,787,1014,709,1222,689,997,1040]",c7be433a9ed5ba8852235efaa694a33b9bc45514d0399557e971f70f28e287ff,7fa2553fb9e5acb4afdc2cc451a07a34c59d4c3f5c1279786d7d4ba7810bb31f,0,1
P22_K9,Z03_ACTIVE__ONE_RAW_VIEW1_ADAPTER__S0,ONE_RAW_VIEW1_ADAPTER,Z03_ACTIVE,0.45222095557522246,0.5905732605795011,0.5898775318820364,0.531688379071259,0.8734012130520841,0.848895422186037,0.15165123838824568,641,"[943,2161,698,641,769,947,1197,1035,805]",126c9528519f0fd3fc7208a0d62f192ffc63216cf0b99aed08f8893e18665bb4,fed50248ed6b284c03dce1303ddf2b7615d35ec8144a709e110ca7ccee90d57c,0,1
P22_K9,Z03_ACTIVE__ONE_RAW_VIEW2_ADAPTER__S0,ONE_RAW_VIEW2_ADAPTER,Z03_ACTIVE,0.4588629840347203,0.5933558396765717,0.5926672299712407,0.5369819403633725,0.8695452433635359,0.8444351578793828,0.15586386064992838,735,"[2128,949,735,853,1003,905,994,771,858]",78a454006593e94a4d79dec98727bc24c1c757493955952f270932f10db9ff8e,29bc77a273ce029cc8d51fa7be8468f7733a9c14b86301a5dd7228f57369912a,0,1
MISAR_K7,BASELINE__FROZEN_RETAINED,FROZEN_RETAINED_SAME_HEAD,BASELINE,0.3611133493142985,0.5371715938517067,0.5347566088080864,0.4827788366729388,0.922318008046878,0.904387359733862,0.09506461800879741,183,"[367,401,264,183,248,214,272]",3add99e4cdb08d99017e747da6c12dc0ea3151e551b5b0bc26997df0c8b2ecd6,359216b6a6d78645e9c4a2988e87b365d84ed212ac85f70b0e4d5882c3bd3977,0,1
MISAR_K7,BASELINE__FULL_BANK_SMOOTH,FULL_BANK_SMOOTH_REFERENCE,BASELINE,0.360033848124176,0.5383170873378517,0.535906951865165,0.4819340364974421,0.9256538338943161,0.9085258508689841,0.09092432699245197,174,"[174,404,219,271,250,364,267]",2455297ac2b6d9852de6cba0731ab859902e6c1dc879e69761d8fbf4a8f45d0f,1ee170b027f4658339d5a6bd1b965d67644bdd12a59b53cfefda2ebba4cf2021,0,1
MISAR_K7,BASELINE__UNBIASED_SMOOTH,UNBIASED_SMOOTH_REFERENCE,BASELINE,0.3601774063031095,0.5383578064348719,0.5359475698775771,0.4820722488075806,0.9256538338943161,0.9084710846093882,0.09097243892444115,173,"[404,219,273,265,173,365,250]",d3987ed7153661937f3f1ace611b0eaeff8baabe1e14323315ba02ee79ae3fcd,14fd5e235cfd689b6698c55bf69fbea1b1b90bda93e9bc0e73c2330449dc66e0,0,1
MISAR_K7,BASELINE__ZERO_RESIDUAL,ZERO_RESIDUAL_CONTROL,BASELINE,0.3601774063031095,0.5383578064348719,0.5359475698775771,0.4820722488075806,0.9256538338943161,0.9084710846093882,0.09097243892444115,173,"[404,219,273,265,173,365,250]",d3987ed7153661937f3f1ace611b0eaeff8baabe1e14323315ba02ee79ae3fcd,14fd5e235cfd689b6698c55bf69fbea1b1b90bda93e9bc0e73c2330449dc66e0,0,1
MISAR_K7,Z01_CONSERVATIVE__UNBIASED_FULL__S0,UNBIASED_FULL,Z01_CONSERVATIVE,0.36371391381529505,0.5409742092460456,0.5385776010331369,0.485002395721311,0.9245760554260295,0.9068837668243611,0.09253032653614046,170,"[283,363,401,265,247,220,170]",100f3ddc1e3ee1371265ee3458b9f2c852dbe208571918d580040e473c74a47f,aeb9a9abacd22aa743d495db7ee7734a61cd49a60bf756f08cd64b2732f52018,0,1
MISAR_K7,Z01_CONSERVATIVE__UNWEIGHTED_RELATION__S0,UNWEIGHTED_RELATION,Z01_CONSERVATIVE,0.3632813767372993,0.5411522837199728,0.538757458437277,0.48459793930404027,0.9258077574990928,0.9086561112308761,0.09074635473709823,173,"[246,400,364,264,173,223,279]",5c08ed91f2b5449e56e3ca0741fee0d7ac4fcf1d803042250ca1cad03ddc4d1f,b35cc87ca1c2be887aba6081617e357b2e06110d29603403dbd55559340a179a,0,1
MISAR_K7,Z01_CONSERVATIVE__FULL_BANK_SENSITIVITY__S0,FULL_BANK_SENSITIVITY,Z01_CONSERVATIVE,0.36390125580663013,0.5396398365784081,0.5372374941218636,0.4850905179365144,0.9248326574142939,0.9077654726271663,0.09165767034028115,175,"[285,362,399,220,246,262,175]",ba11ffb0ca3a841b95aa8ed9c2b10a0cd74f7ba5eb393175c500b07838c07b1d,e5a81c77ccb10fce3d659a68af3c9998367702c56d4a7fc5265c863af87c6ba5,0,1
MISAR_K7,Z01_CONSERVATIVE__PERMUTED_RELATION__S0,PERMUTED_RELATION,Z01_CONSERVATIVE,0.3612066829210437,0.5381501487012194,0.5357416416284924,0.48277045703345994,0.9242168377012471,0.9069549186461854,0.09251346563152,185,"[273,253,363,219,400,256,185]",bf8e42d640377283b44a1269958e459ebfc9100697e0741ad1a56e3b4656a2b7,88c76f7dbaf2227bfe2efa75f3fed9a2efd2d28051ee591047c07debe9e2739a,0,1
MISAR_K7,Z01_CONSERVATIVE__ONE_RAW_VIEW1_ADAPTER__S0,ONE_RAW_VIEW1_ADAPTER,Z01_CONSERVATIVE,0.3626591272242304,0.5405562070054317,0.5381579372104537,0.4841008218845705,0.9258590653673519,0.9087250782918007,0.09069344880071029,173,"[220,401,268,364,277,173,246]",56fec37059dddfbb90ef082c91df41dadd265fc7da7e9d5efa62beb6e66dbb34,6afb2cafaf902b2feddfee0b2fee3fb41f04186d0a5e7c873fbefc8e8774e5c3,0,1
MISAR_K7,Z01_CONSERVATIVE__ONE_RAW_VIEW2_ADAPTER__S0,ONE_RAW_VIEW2_ADAPTER,Z01_CONSERVATIVE,0.3642606699423451,0.5413626010044927,0.5389691276546226,0.48539460333175777,0.9245248102047403,0.9070006918425217,0.09241013120207407,173,"[363,279,173,399,265,248,222]",a13e3f59995f166f93c9e8bb1755f71917b7ed4d843f298ff0fe5030b7dbd7b4,cc339841f928a7a5378c2651c6b963e2d95438b1f038a6ffa50809d3ce731061,0,1
MISAR_K7,Z02_BALANCED__UNBIASED_FULL__S0,UNBIASED_FULL,Z02_BALANCED,0.3625397520813272,0.542464226011461,0.5400748035434976,0.4840162517937671,0.9196151671822095,0.9015296954592152,0.09793755036885424,159,"[356,255,401,159,284,263,231]",a9ddda3fda8debc53c1bd8bff870c5125679c8467be1ef3c6bda70e470a862d8,4d4b9153c8fcb5f14b577df65b02b524e5c51e45241e2b48e8c7f89be18fe997,0,1
MISAR_K7,Z02_BALANCED__UNWEIGHTED_RELATION__S0,UNWEIGHTED_RELATION,Z02_BALANCED,0.35944291028673586,0.5363310324634697,0.5339098448339907,0.48140639606817837,0.9189821821994398,0.9012073821289291,0.09828061712580949,158,"[397,158,285,259,259,233,358]",7c50a50803bf2d94c51e0f2eeed178c005f4e1f98af563a3e2c608959f39495f,6f6507c990066387855ee968bc51f234e15c8c43f929b74e72f1aee22a115872,0,1
MISAR_K7,Z02_BALANCED__FULL_BANK_SENSITIVITY__S0,FULL_BANK_SENSITIVITY,Z02_BALANCED,0.3597476109789526,0.5307937844828553,0.5283521474989885,0.4811984816929526,0.9206757177338035,0.902821768987167,0.0966885079847799,191,"[355,276,191,380,265,256,226]",950305fac8b59ed2e74b53d9a778d121a2fdf561c3dded4547d426d4910f7f57,08beba8ecb79db2543398de9ecfedc64387616c9a6d2069c494480ae5622504f,0,1
MISAR_K7,Z02_BALANCED__PERMUTED_RELATION__S0,PERMUTED_RELATION,Z02_BALANCED,0.36344205391896084,0.5352366141629455,0.5328150456680775,0.48446684318659455,0.9207954987400442,0.9036184307370326,0.09582375671264864,183,"[283,221,384,183,247,270,361]",4b88b3076bcafeac67b903e14a5d87087bb8db88de45272f56d002040a21ca8f,40ff7dcb6e38458c41b64768be84d30c651f79f060a6f6094372a7e1a497492a,0,1
MISAR_K7,Z02_BALANCED__ONE_RAW_VIEW1_ADAPTER__S0,ONE_RAW_VIEW1_ADAPTER,Z02_BALANCED,0.3644365395520831,0.5462665267469046,0.5438964796116491,0.4856283867651759,0.9209836275903269,0.9027387552154551,0.09664860631393989,160,"[357,247,400,160,291,225,269]",c08c49711f8cfaa873da380c2484ef6923b1c5a1f3d7a58005abce29111e3a8d,6c044a605b90afaf52838934a0957b46bf82cd45507e32e1a31879a7d303650b,0,1
MISAR_K7,Z02_BALANCED__ONE_RAW_VIEW2_ADAPTER__S0,ONE_RAW_VIEW2_ADAPTER,Z02_BALANCED,0.3656226519725278,0.5455482834735152,0.5431758410513193,0.4865410181061226,0.9226088152806484,0.9048683592364813,0.09458900134387026,162,"[233,285,357,257,256,162,399]",ed6a4923226da5061667f186a259eda7779f67f646dbfcc1b2f94669d56616ba,f33e3084c12522b9409515f32e780c667233f9f817b6017089f5de46bdba0939,0,1
MISAR_K7,Z03_ACTIVE__UNBIASED_FULL__S0,UNBIASED_FULL,Z03_ACTIVE,0.3590457997407431,0.5348490457415732,0.5324246727481913,0.48082927381154894,0.9128750423493516,0.8929375343610699,0.10666416850015172,174,"[283,392,236,352,174,245,267]",22377f06db4c57cc86975d277ac7c202888d00f96620269695bb5f62ce19147f,2ebb63f7bc4fdd014c20516639b09ebb40e40250f31eb8899cc4acfcdb1ee3d5,0,1
MISAR_K7,Z03_ACTIVE__UNWEIGHTED_RELATION__S0,UNWEIGHTED_RELATION,Z03_ACTIVE,0.3564093419868357,0.5342006182319108,0.5317721935347633,0.4786867625951835,0.9114209435335296,0.8914527233865364,0.10818526192230969,174,"[278,350,243,243,261,400,174]",4e87132c8916c9cccd0f712ca3ac31f43916c79cf8cbf2716f37779cb45918ec,8c1424ac1ab51da964439095ccbdd5fbf10e00b19608e430dc6eda3c7fb189ee,0,1
MISAR_K7,Z03_ACTIVE__FULL_BANK_SENSITIVITY__S0,FULL_BANK_SENSITIVITY,Z03_ACTIVE,0.35744877820206783,0.5274213012675424,0.5249624994198571,0.4792475797821465,0.918468978222911,0.8999803366364099,0.09954580670080834,189,"[232,270,353,189,267,380,258]",c63ab184b20b615a47bcaea2d5873b63242367c38b8331aa43776a2fa910306d,dcdd3fc79f2f3bc5066ad05d403e3348dece562028b20de284aa1c704f2c7cf5,0,1
MISAR_K7,Z03_ACTIVE__PERMUTED_RELATION__S0,PERMUTED_RELATION,Z03_ACTIVE,0.3606573632855418,0.5281076605322848,0.5256505233548469,0.4820222744306022,0.9128750423493516,0.8956077737874093,0.10384383797727346,183,"[247,221,289,360,183,278,371]",98ca70f12908aca310c0bb37162b2e3c8b0ea509267e3ab5ad230a7f224286dd,9c900feaa2fa6261bd1ffb146db36953928fac710d4cc485af9e5b709957472d,0,1
MISAR_K7,Z03_ACTIVE__ONE_RAW_VIEW1_ADAPTER__S0,ONE_RAW_VIEW1_ADAPTER,Z03_ACTIVE,0.36355067663399004,0.5467008890045376,0.5443342139412941,0.48480163788520386,0.9178188906173884,0.8994859338315341,0.09993750038666317,159,"[354,273,395,159,250,228,290]",2af8e0b51615efbe69efce4bdcd9dc3239b93acb8e888174208ffb2bea99e467,7d3acdc0f81d44c03c65cf2cb02245fb8bc9a8f0036c700a229d155e80150020,0,1
MISAR_K7,Z03_ACTIVE__ONE_RAW_VIEW2_ADAPTER__S0,ONE_RAW_VIEW2_ADAPTER,Z03_ACTIVE,0.36028551499146727,0.5360047392909051,0.5335849574460119,0.4819612933756839,0.9119683527555645,0.892227548049437,0.10733838654535452,172,"[358,280,238,265,241,395,172]",3c7c632e1a6076558332b20f90d8ce2d738dba69e180fc2c67f11b2ee3aca371,47309d2186b76dd6f7af1a67be822a7ea059e2b0e7d80bc4cf0dfa2eb09092a9,0,1
HUMAN_HIPPOCAMPUS_K7,BASELINE__FROZEN_RETAINED,FROZEN_RETAINED_SAME_HEAD,BASELINE,0.12891280649086256,0.1869376236949035,0.18365635770089142,0.2892076226212045,0.3283118783877826,0.24106271060285195,0.7587954787347255,141,"[442,141,496,207,456,348,410]",58ab5247008ec34afd9c69c5660cd3daf76f77e0429e38570b70157a0b903aff,1f610ae69afd42cc985b452622b1367dfe851b9e6d6c4ad16a7ed8bf41bd0aa6,0,1
HUMAN_HIPPOCAMPUS_K7,BASELINE__FULL_BANK_SMOOTH,FULL_BANK_SMOOTH_REFERENCE,BASELINE,0.1957367242579947,0.27823448863635836,0.2752095798911524,0.35393019792377134,0.4567843338809779,0.43072784923990887,0.5655553156071809,49,"[602,240,164,497,541,407,49]",e3f324343dafa6e5f9f710aa6fac4441745f51d0b2d5f17acf6017a738dec26c,bd9d9ee3fa9ff2cfe5fdeb3a512770fd8831c6784eb59b0686f06704374b7eda,0,1
HUMAN_HIPPOCAMPUS_K7,BASELINE__UNBIASED_SMOOTH,UNBIASED_SMOOTH_REFERENCE,BASELINE,0.19516105524843821,0.2712210274967669,0.26816611935240203,0.3533007602878385,0.4591984918244028,0.4291200990665373,0.5670818374880013,49,"[161,544,436,230,512,568,49]",0bfb5a5452acad9c0cc6b12e68297ffbd96e13b13fc5b588cf9d9a2e133120c5,975c1ac3711087c9596a8253fb625e662b3826c422b1c6bec09dc9c2c5464c90,0,1
HUMAN_HIPPOCAMPUS_K7,BASELINE__ZERO_RESIDUAL,ZERO_RESIDUAL_CONTROL,BASELINE,0.19516105524843821,0.2712210274967669,0.26816611935240203,0.3533007602878385,0.4591984918244028,0.4291200990665373,0.5670818374880013,49,"[161,544,436,230,512,568,49]",0bfb5a5452acad9c0cc6b12e68297ffbd96e13b13fc5b588cf9d9a2e133120c5,975c1ac3711087c9596a8253fb625e662b3826c422b1c6bec09dc9c2c5464c90,0,1
HUMAN_HIPPOCAMPUS_K7,Z01_CONSERVATIVE__UNBIASED_FULL__S0,UNBIASED_FULL,Z01_CONSERVATIVE,0.20961933782755815,0.2792051836720784,0.2761793678885168,0.3655412352487619,0.4660393530945415,0.43895811560475584,0.5573529290698966,49,"[49,235,558,155,562,400,541]",93df68ea7013c7dbdfd43c9cc2fdb590f7e8119410660e9fb353dde4fe4f5960,665f390379c8c474f85ec0e3150e76cd5e6e4d469b05dcccee75e911d7a401ec,0,1
HUMAN_HIPPOCAMPUS_K7,Z01_CONSERVATIVE__UNWEIGHTED_RELATION__S0,UNWEIGHTED_RELATION,Z01_CONSERVATIVE,0.20325420257655327,0.27676505671440527,0.27372769317295537,0.3606289181691307,0.46614140657216097,0.44003053292170724,0.55628021417916,49,"[49,225,544,159,569,400,554]",76567e4f73a0545e7b8a3de1cb39a063450316d7d7bf72ab8160b0aca4e89bb1,8be5466ee82c3fa4624a5eaed1d028265d7efe53ec691468f107cbbf758d6b7c,0,1
HUMAN_HIPPOCAMPUS_K7,Z01_CONSERVATIVE__FULL_BANK_SENSITIVITY__S0,FULL_BANK_SENSITIVITY,Z01_CONSERVATIVE,0.20195756685433894,0.2780277849159595,0.2749967313640407,0.35950952196143315,0.4728055295046088,0.44596752460498007,0.5502650550057424,49,"[49,231,544,159,540,583,394]",e703a430b11f89cdeb4cc7cd1e7711e6509204c06a1c183f51df7a19c07b6999,a264cafca8e82c62699812d2b3a26723ab480a0ce97a0a69a6f8d0f79a564348,0,1
HUMAN_HIPPOCAMPUS_K7,Z01_CONSERVATIVE__PERMUTED_RELATION__S0,PERMUTED_RELATION,Z01_CONSERVATIVE,0.1867082476031167,0.2515409008981036,0.24839683320829153,0.34752845194086657,0.4201441054033073,0.39264303457526056,0.6029388020067911,49,"[480,389,248,151,49,587,596]",5cf1c4b4fe66e7d8d2b5fe8660ab14ec4b72bb50fb421ab17778c8669920b421,aed1b67fae416aacdb380d1bd64a5f5a03f493519a4286b40a9a1591bb145dfd,0,1
HUMAN_HIPPOCAMPUS_K7,Z01_CONSERVATIVE__ONE_RAW_VIEW1_ADAPTER__S0,ONE_RAW_VIEW1_ADAPTER,Z01_CONSERVATIVE,0.20366909659994067,0.27753239402856905,0.2744969931603324,0.36112654465569977,0.4628041292219963,0.4367331989508725,0.5596933093985692,49,"[49,224,546,158,576,397,550]",ad4cb4f8673932763131fa1dfea8b6db998504fcb1e28d2b67b21f4ed0701c74,5de62f01f4b08fa30eb92cd44e9ed485a1245d253218a59a88a311ee2c6ffef1,0,1
HUMAN_HIPPOCAMPUS_K7,Z01_CONSERVATIVE__ONE_RAW_VIEW2_ADAPTER__S0,ONE_RAW_VIEW2_ADAPTER,Z01_CONSERVATIVE,0.1893768218236401,0.2596523206216551,0.2565440861517238,0.3492479797695078,0.4586436821906031,0.4294963806390239,0.566718484222647,49,"[561,224,158,546,546,416,49]",c3397255ffd93e84f7a7b7d62ac96a2187c2d0bfae7d52b59f3e1bfff9b248b2,a7aa08bdff5ae511413503a7cc759c9e8f4cbff0805003413a98e507c9151c68,0,1
HUMAN_HIPPOCAMPUS_K7,Z02_BALANCED__UNBIASED_FULL__S0,UNBIASED_FULL,Z02_BALANCED,0.19020109226419007,0.278432113878316,0.27539728433876326,0.35107905278273893,0.45122519823971363,0.43332108673101494,0.5623571075518607,48,"[307,669,314,521,147,48,494]",c3fc0d86bd371c14060f849493421804918ae908b556482ec8ff0fb677f61b8b,d9398f182b3b90d1062dcaa3391cdeeabfe50ef441b52a0a95389bcf8a1e8012,0,1
HUMAN_HIPPOCAMPUS_K7,Z02_BALANCED__UNWEIGHTED_RELATION__S0,UNWEIGHTED_RELATION,Z02_BALANCED,0.22932463400420616,0.28961914248740533,0.28659829708052353,0.3871244926571923,0.4883831611188119,0.453897778125924,0.5418717054315251,48,"[147,696,210,639,48,438,322]",16fd3a2a27ad13b4d724c5a2249aece697eb95a59130e7e2c480b91869444cb3,9f946a748947f77ebe6fbcd48924ecbfe6f28e178d7b9b1306f904aeb4893332,0,1
HUMAN_HIPPOCAMPUS_K7,Z02_BALANCED__FULL_BANK_SENSITIVITY__S0,FULL_BANK_SENSITIVITY,Z02_BALANCED,0.19951952807893394,0.275548025004364,0.27250326998755525,0.3581086925751544,0.4681959140297918,0.44579438050667886,0.5498104072948621,48,"[148,309,486,575,48,309,625]",958ae42be881c6bec52d3938b51db208ce229696bffbc676c99da9467aa885c5,5eb61414b23595b1170cdb2730db556cb5f831da3a65281f05062ac10c4c4355,0,1
HUMAN_HIPPOCAMPUS_K7,Z02_BALANCED__PERMUTED_RELATION__S0,PERMUTED_RELATION,Z02_BALANCED,0.18400725434914186,0.2618447781533461,0.25880856725623713,0.33983701363241164,0.4241591230934343,0.37105932509997724,0.6276854477474952,89,"[567,146,361,452,89,494,391]",f5e08645fc86630b5fdcc5ea6eeafc4497e4a754c07c50c81ed6a04bd8fa4fd2,be7bfeb655861732e42a6c4946d88932943cadc8948ea67799addfa672eeeb63,0,1
HUMAN_HIPPOCAMPUS_K7,Z02_BALANCED__ONE_RAW_VIEW1_ADAPTER__S0,ONE_RAW_VIEW1_ADAPTER,Z02_BALANCED,0.19496681131769658,0.2748456714354301,0.271765141680868,0.35941523930055824,0.4585001154286713,0.4325704731285969,0.563726321989871,49,"[49,500,541,148,731,329,202]",7866b974de565665412528fae384a7217bd208bd25f92c29c4b6647a51647b4e,5e4fbdab035c23feb93643ca9c49c161ecf9fa0aca181a83dc91beef9bbe01e4,0,1
HUMAN_HIPPOCAMPUS_K7,Z02_BALANCED__ONE_RAW_VIEW2_ADAPTER__S0,ONE_RAW_VIEW2_ADAPTER,Z02_BALANCED,0.20788885903478907,0.2799361885168909,0.2769186928974699,0.3635758891655586,0.4622820071836719,0.442184646290869,0.5537503671570202,49,"[319,49,147,501,589,566,329]",a5fc9d5155ca688c8a9e21be8e0a732fc8e0788f8063c7359bd1237f6df06f68,8a9e34d64129025028b08adb0fa95a624e32afb128fc2d13d9fbb24ecc22df93,0,1
HUMAN_HIPPOCAMPUS_K7,Z03_ACTIVE__UNBIASED_FULL__S0,UNBIASED_FULL,Z03_ACTIVE,0.18894587021645626,0.261579431302748,0.25845596729435444,0.3522186550014017,0.4496211920092533,0.4281012017925857,0.5676418693951191,46,"[465,667,46,601,143,314,264]",e2b8ded54d195f7546928f939dd35559194a654d8a509a0018311b8b63a8f9b7,62710229b2af1292f6d4915e5a57a066a8dc08d65b0cf470c3c81e71856ef0d8,0,1
HUMAN_HIPPOCAMPUS_K7,Z03_ACTIVE__UNWEIGHTED_RELATION__S0,UNWEIGHTED_RELATION,Z03_ACTIVE,0.2051402815800817,0.26818581484548737,0.2650457246512952,0.372074451767543,0.48550198329806493,0.4483514263366192,0.5471753747161122,46,"[732,46,262,699,397,142,222]",e863a340b6224c200472a0c05552aee48c6a469c05978a76be3f37c8001fc34e,5ff869a65594c2efda9e5a714ca9c956e2abc93fdbf899d2e0c1d2bea79ec4fc,0,1
HUMAN_HIPPOCAMPUS_K7,Z03_ACTIVE__FULL_BANK_SENSITIVITY__S0,FULL_BANK_SENSITIVITY,Z03_ACTIVE,0.18903938378460855,0.26148522269883584,0.2584941654129482,0.34104558029368387,0.4386082718650041,0.3690427590080364,0.6302414371845819,146,"[599,497,392,345,278,146,243]",e0c5a2f730680b0fa1eb569deb9222baf396b821ede104de20ca674d7e8cdbc8,c6cb5b0a97b9f2a9e21d8fcc87f1ddb02ba1538d1a807ba34e9ea59e2231a37d,0,1
HUMAN_HIPPOCAMPUS_K7,Z03_ACTIVE__PERMUTED_RELATION__S0,PERMUTED_RELATION,Z03_ACTIVE,0.15768598900230213,0.2269967617497366,0.22376705474081887,0.32183352203915694,0.3975486696280377,0.3757751763940157,0.6202051545822391,49,"[535,606,341,150,450,369,49]",db5c49d887d611e0a74a884081e36304ae7810cb483a12df5013e5e8a82a4421,9f2211ae40a9ab64c0e23044ea5c1b4d38772f130fb5d7e02c0a1fda15d37318,0,1
HUMAN_HIPPOCAMPUS_K7,Z03_ACTIVE__ONE_RAW_VIEW1_ADAPTER__S0,ONE_RAW_VIEW1_ADAPTER,Z03_ACTIVE,0.1954584666648627,0.27863354522987105,0.27557606453391215,0.35948505720242,0.46880120983377216,0.4440739791228557,0.551924267904222,50,"[148,283,260,50,447,576,736]",b947827c3a36d2455cbb1129916dc44680c4db59c0eaedcd71e46c0d0b240715,2af57d6a0955399b4c8bac84c73e00109c25f173a7f2137b3b0c9f2e7b79295c,0,1
HUMAN_HIPPOCAMPUS_K7,Z03_ACTIVE__ONE_RAW_VIEW2_ADAPTER__S0,ONE_RAW_VIEW2_ADAPTER,Z03_ACTIVE,0.16867742165382207,0.2438785572331492,0.24067579106393427,0.3375853400347768,0.4565303389364179,0.42784383049933233,0.5681988394906318,50,"[437,142,604,281,277,50,709]",fe0abc5de15ea4411df4181eb5d01bc0f657bcaf404d1ff57a2f8d63cbaee77e,769fd69784a66c1fa0b0df931403aecdee046b9dfed79ef0cffb8f90594d2fc5,0,1
MELANOMA_TUMOR_K2,BASELINE__FROZEN_RETAINED,FROZEN_RETAINED_SAME_HEAD,BASELINE,0.0010738720936544898,0.001299734329643142,0.00039184383965993653,0.529314631337771,0.5178110130904661,0.03774730891778144,0.9637216392462133,407,"[426,407]",a31f80d318c3235443bbce43057ece6daa9bd2f0b0302c1c2951d72a9597bcfe,41ec098e607b1c3ad5c5082c3d580a2423ca9f048f4d1e7463638fea62641a2e,0,1
MELANOMA_TUMOR_K2,BASELINE__FULL_BANK_SMOOTH,FULL_BANK_SMOOTH_REFERENCE,BASELINE,0.980592993201504,0.9533690320353946,0.9533246297693849,0.991439206272521,0.9807691437523599,0.9080982849297535,0.04350854728714095,274,"[559,274]",38bb1274cecabd18e346ff3a714cefe88be0548e88268b6d97c444973f999bd4,f8d2dcac4f5d55e312a751c5cfedcdee2ae4a39bb6e9aeb05ea8227ff3f8e4ed,0,1
MELANOMA_TUMOR_K2,BASELINE__UNBIASED_SMOOTH,UNBIASED_SMOOTH_REFERENCE,BASELINE,0.980592993201504,0.9533690320353946,0.9533246297693849,0.991439206272521,0.9807691437523599,0.9080982849297535,0.04350854728714095,274,"[559,274]",38bb1274cecabd18e346ff3a714cefe88be0548e88268b6d97c444973f999bd4,fac0ffa0e83c0aaf3b8edd1d941f9da2d5da17c375f61448509f87a97215d903,0,1
MELANOMA_TUMOR_K2,BASELINE__ZERO_RESIDUAL,ZERO_RESIDUAL_CONTROL,BASELINE,0.980592993201504,0.9533690320353946,0.9533246297693849,0.991439206272521,0.9807691437523599,0.9080982849297535,0.04350854728714095,274,"[559,274]",38bb1274cecabd18e346ff3a714cefe88be0548e88268b6d97c444973f999bd4,fac0ffa0e83c0aaf3b8edd1d941f9da2d5da17c375f61448509f87a97215d903,0,1
MELANOMA_TUMOR_K2,Z01_CONSERVATIVE__UNBIASED_FULL__S0,UNBIASED_FULL,Z01_CONSERVATIVE,0.9757753080872872,0.9444507097974936,0.944397851435796,0.989305143770885,0.9807691437524065,0.9067627308923569,0.04342802315911401,275,"[558,275]",be1d28c50e0227443351e676f30972d5b75b765d22e9657a4c097f8ec70796e6,8a0ba36041fed9c15ac61b920170e8b758ac7f3c4371b6253be7f0a9f984f389,0,1
MELANOMA_TUMOR_K2,Z01_CONSERVATIVE__UNWEIGHTED_RELATION__S0,UNWEIGHTED_RELATION,Z01_CONSERVATIVE,0.980592993201504,0.9533690320353946,0.9533246297693849,0.991439206272521,0.9807691437523599,0.9080982849297535,0.04350854728714095,274,"[559,274]",38bb1274cecabd18e346ff3a714cefe88be0548e88268b6d97c444973f999bd4,52ba3f793be54c21285f0e88638ff16d02ef4faa034a43aed3d6ea16e3eb4a27,0,1
MELANOMA_TUMOR_K2,Z01_CONSERVATIVE__FULL_BANK_SENSITIVITY__S0,FULL_BANK_SENSITIVITY,Z01_CONSERVATIVE,0.9757848088024815,0.9492340175167553,0.9491857756263662,0.9892938345252791,0.9820651037250373,0.9116106774051111,0.04035363306995738,277,"[556,277]",058ba1da121ff2b499ae5cfaa87d3a94d7b862bd85f229a740e58328db9c93a0,3577d99a6ade8c9c793955182d2f6ddf5ef85a8c0a71d6f8aa12e16d12c3dcd5,0,1
MELANOMA_TUMOR_K2,Z01_CONSERVATIVE__PERMUTED_RELATION__S0,PERMUTED_RELATION,Z01_CONSERVATIVE,0.9805852117117931,0.9523233589472033,0.9522778983836622,0.991450787888788,0.9799682446347303,0.90839148101358,0.045491009510433986,272,"[561,272]",ddffa025106063790b9c7a1507cecbfd36e4162de12b742e484db2c0faf39489,c501ab6da29cad09ad26e18fa05bc0b43679065423248feda751284132ae9def,0,1
MELANOMA_TUMOR_K2,Z01_CONSERVATIVE__ONE_RAW_VIEW1_ADAPTER__S0,ONE_RAW_VIEW1_ADAPTER,Z01_CONSERVATIVE,0.980592993201504,0.9533690320353946,0.9533246297693849,0.991439206272521,0.9807691437523599,0.9080982849297535,0.04350854728714095,274,"[559,274]",38bb1274cecabd18e346ff3a714cefe88be0548e88268b6d97c444973f999bd4,b0810c885b33c54f79a4904df3ae9051b53ba9eeb0074d983d1664a748cfc318,0,1
MELANOMA_TUMOR_K2,Z01_CONSERVATIVE__ONE_RAW_VIEW2_ADAPTER__S0,ONE_RAW_VIEW2_ADAPTER,Z01_CONSERVATIVE,0.9757753080872872,0.9444507097974936,0.944397851435796,0.989305143770885,0.9844062682852662,0.9177799117500743,0.035214497645117165,275,"[558,275]",47198c87f3b0b853cd65ef0db33b21a4763dd93b5964aa9f9793633e91a3401b,7c5af83be7349fdbe2c8dbc3fa0a8f5086d82b43bb6459fca9b2bd57d47e31ce,0,1
MELANOMA_TUMOR_K2,Z02_BALANCED__UNBIASED_FULL__S0,UNBIASED_FULL,Z02_BALANCED,0.12292854781273711,0.2363679309524012,0.23565629815488878,0.6013286761253281,0.7289285331120396,0.4674003151226997,0.5786170755426885,311,"[311,522]",9ce7c2c9ddef8f64be0bae0faa6235f07b61ed109bd96964c4130b2dfbe24c6a,67263184cb1fd244f6db4b694a64de69cfc6c82cb4982420ced3fec0718957f4,0,1
MELANOMA_TUMOR_K2,Z02_BALANCED__UNWEIGHTED_RELATION__S0,UNWEIGHTED_RELATION,Z02_BALANCED,-0.01473958601064704,0.10636670525020937,0.10547857395320342,0.5769043141868776,0.701814269584881,0.34700469224423236,0.7596096801388685,223,"[610,223]",ebf2b8a5330e7563fd83c91e04c2c6493200ef2e8770d33e61b11cec11969d31,dfac0794c3a5bec3c15d12e5b009d5adbe7713f38489632bde6cd03f146af2c8,0,1
MELANOMA_TUMOR_K2,Z02_BALANCED__FULL_BANK_SENSITIVITY__S0,FULL_BANK_SENSITIVITY,Z02_BALANCED,0.07456895778387786,0.18144164875264415,0.18067193754710495,0.5845957394921835,0.7589682803236881,0.5380354302579379,0.5270798767937162,294,"[539,294]",9648ff0cc4ca63369b44e06453132ace84f7abb3233f5b5694727145bae0496a,ea68a90d209dcfd715a2b8efefe1ea774f899c7fd0560a4a6faa4070325e9611,0,1
MELANOMA_TUMOR_K2,Z02_BALANCED__PERMUTED_RELATION__S0,PERMUTED_RELATION,Z02_BALANCED,0.9805852117117931,0.9523233589472033,0.9522778983836622,0.991450787888788,0.9799682446347303,0.90839148101358,0.045491009510433986,272,"[561,272]",ddffa025106063790b9c7a1507cecbfd36e4162de12b742e484db2c0faf39489,11908b125a40386bc0b3067cf8342c50752355630807ebc4f325245a88e36833,0,1
MELANOMA_TUMOR_K2,Z02_BALANCED__ONE_RAW_VIEW1_ADAPTER__S0,ONE_RAW_VIEW1_ADAPTER,Z02_BALANCED,0.9283402052010555,0.8725773028196874,0.8724568378672872,0.9681126888725199,0.9691907403901493,0.8859174621895893,0.06835875985454137,285,"[548,285]",3f4c3227cb02f65353d87e215e832d2e988d4c9cff3d4bb8895525e7028b1c40,360e001ba9c67bf6aad39adf04a179c955b81640ea294abe49bd58b088269ea9,0,1
MELANOMA_TUMOR_K2,Z02_BALANCED__ONE_RAW_VIEW2_ADAPTER__S0,ONE_RAW_VIEW2_ADAPTER,Z02_BALANCED,0.2220750257640726,0.2997640258434701,0.29912241553912916,0.6379064628678419,0.7312544462478019,0.4713877597216859,0.5484174219174243,356,"[356,477]",8924c734442a3126797a5e1f7ca956db1dafa65274be52b07fc13c277018b108,0b7c91b53df51280e09cc4f3b2f373577401f40b2ad76638b5b51ebafeb802d6,0,1
MELANOMA_TUMOR_K2,Z03_ACTIVE__UNBIASED_FULL__S0,UNBIASED_FULL,Z03_ACTIVE,0.072019055625613,0.19123231604379154,0.19046865219990755,0.5858393844427119,0.7180859095268238,0.46048422303691355,0.6234197773065357,287,"[287,546]",bc1235e5ae7c32e481d8585bf17c851bf9b9db34d6192f7ae4f92dd69aa3d7ba,1236b1129622ecbae87438ea60bb87bf99378a071364f55fc6d0cd5086d596ef,0,1
MELANOMA_TUMOR_K2,Z03_ACTIVE__UNWEIGHTED_RELATION__S0,UNWEIGHTED_RELATION,Z03_ACTIVE,-0.036504842363597786,0.07017392565709958,0.06921700591179793,0.5860739283925409,0.7166598317467673,0.36401978969144977,0.7977874888232594,192,"[192,641]",6f470e2ed5c3cb1a2cd92edda0c03ea62f0a35583c943abe876f01791490613a,e507269be1d1ecf45c45c71133cc062ec15b885bf06cc9120677deb82627e850,0,1
MELANOMA_TUMOR_K2,Z03_ACTIVE__FULL_BANK_SENSITIVITY__S0,FULL_BANK_SENSITIVITY,Z03_ACTIVE,0.05638101396369233,0.16935188726547767,0.16856510953561535,0.5806707894844131,0.7533487476603252,0.5342758703485349,0.5500737869943932,282,"[551,282]",fd2bfb27a4e79c2b191e6c91f0ef4d7e62393229e8ca6b48fd36c88b7b8241e4,3931b07f47652b5f299aead206b04452e93522dcf3f2dbdcb27e057a078611e1,0,1
MELANOMA_TUMOR_K2,Z03_ACTIVE__PERMUTED_RELATION__S0,PERMUTED_RELATION,Z03_ACTIVE,0.9805852117117931,0.9523233589472033,0.9522778983836622,0.991450787888788,0.9799682446347303,0.90839148101358,0.045491009510433986,272,"[561,272]",ddffa025106063790b9c7a1507cecbfd36e4162de12b742e484db2c0faf39489,db74dbc5940e7ba3b56ae3be471d8455d1375a060b1756686e2c9d5534521ffb,0,1
MELANOMA_TUMOR_K2,Z03_ACTIVE__ONE_RAW_VIEW1_ADAPTER__S0,ONE_RAW_VIEW1_ADAPTER,Z03_ACTIVE,0.17975865006576439,0.2614003097516938,0.26072090611478554,0.6202667100199584,0.7413129292952552,0.5022489481628236,0.5333629632722897,343,"[490,343]",007405a65b6b802f5ba3ce11bba1310f43a27c2b557b858ae498958f34415a90,e983c39e1e37d8fe3755f7d5bb78e30ec14c61fe1c4e76a9d90dd8ed0114bf01,0,1
MELANOMA_TUMOR_K2,Z03_ACTIVE__ONE_RAW_VIEW2_ADAPTER__S0,ONE_RAW_VIEW2_ADAPTER,Z03_ACTIVE,0.08763742537662156,0.20981780301396133,0.20907434643163236,0.5907914292645421,0.708337485475334,0.43003889614427815,0.6387892038503569,293,"[540,293]",7ff94c955dfa9f52b6ea29c0d459f8d2272f36b2f598b5e5453c67cf6ffde5dd,f0a8acefdee8eb7ccd26c448e46266d8a4fcc31511d04f519a731553b9ce2a09,0,1
