lane,representation_source,candidate_id,candidate_partition_sha256,ari,nmi,ami,fmi,homogeneity,v_measure,n_total,n_eval,observed_k_full,min_cluster_size_full,cluster_sizes_full,min_cluster_size_eval,cluster_sizes_eval,neighbor_agreement,moran_indicator_macro,geary_indicator_macro,label_access,start_candidate,training_seed,family,candidate_bank_sha256,checkpoint_bank_sha256,changed_spots_vs_start
A1_K10,RETAINED_CARRIER,INPUT_GEOMETRY_START,41369d537dcab2cbc7c0c5ea32661c1b43d23b29dc65b903c1e5f5a2d0220235,0.26806593463595035,0.39594080155513667,0.39213729607494496,0.40299711450814574,0.4563278450575884,0.3959408015551366,3484,3484,10,118,118|183|217|264|319|342|391|468|588|594,118,118|183|217|264|319|342|391|468|588|594,0.5874629394324439,0.5433928183039223,0.4623782874790254,independent_evaluator_after_bank_lock,GEOM_FEATURE_NCUT_K24,0,RNA_PROTEIN,5c7461d8641e68b76174e0aab501e3a8644e6df2dab6faf0376da49a5fc5d808,fa1a2fc97b5a8ead286e65511a33b4b8347cccf35281fc326ab2a867f7416001,0
A1_K10,RETAINED_CARRIER,J01_GRAPH_LEAN__EMISSION_ONLY__S0,41369d537dcab2cbc7c0c5ea32661c1b43d23b29dc65b903c1e5f5a2d0220235,0.26806593463595035,0.39594080155513667,0.39213729607494496,0.40299711450814574,0.4563278450575884,0.3959408015551366,3484,3484,10,118,118|183|217|264|319|342|391|468|588|594,118,118|183|217|264|319|342|391|468|588|594,0.5874629394324439,0.5433928183039223,0.4623782874790254,independent_evaluator_after_bank_lock,GEOM_FEATURE_NCUT_K24,0,RNA_PROTEIN,5c7461d8641e68b76174e0aab501e3a8644e6df2dab6faf0376da49a5fc5d808,fa1a2fc97b5a8ead286e65511a33b4b8347cccf35281fc326ab2a867f7416001,0
A1_K10,RETAINED_CARRIER,J01_GRAPH_LEAN__SHARED_GRAPH_ONLY__S0,7f001afa48b5c001245df8bbc6aee8fac467fd4919c8ae00bbe05e5f379dd0ba,0.26993833320330474,0.4066622902107453,0.4029111670167481,0.4051542298459714,0.46669016621518594,0.40666229021074535,3484,3484,10,109,109|181|198|254|307|321|419|460|614|621,109,109|181|198|254|307|321|419|460|614|621,0.650571791613723,0.6149580597322009,0.3913217849955104,independent_evaluator_after_bank_lock,GEOM_FEATURE_NCUT_K24,0,RNA_PROTEIN,5c7461d8641e68b76174e0aab501e3a8644e6df2dab6faf0376da49a5fc5d808,fa1a2fc97b5a8ead286e65511a33b4b8347cccf35281fc326ab2a867f7416001,217
A1_K10,RETAINED_CARRIER,J01_GRAPH_LEAN__CLUSTER_GRAPH_ONLY__S0,62a35052499a6eeced842a62f8831000fa5abdf3e8a11e1a2b1f14b016c46e3c,0.26940256389023437,0.3981676766461811,0.3943654013001696,0.4045708246899058,0.45725113281229635,0.3981676766461811,3484,3484,10,110,110|175|199|254|320|334|400|477|601|614,110,110|175|199|254|320|334|400|477|601|614,0.602287166454892,0.5597934164856777,0.44630260490385315,independent_evaluator_after_bank_lock,GEOM_FEATURE_NCUT_K24,0,RNA_PROTEIN,5c7461d8641e68b76174e0aab501e3a8644e6df2dab6faf0376da49a5fc5d808,fa1a2fc97b5a8ead286e65511a33b4b8347cccf35281fc326ab2a867f7416001,113
A1_K10,RETAINED_CARRIER,J01_GRAPH_LEAN__ADDITIVE_SHARED__S0,4fab2545da092f56cfea683f9ea7cbf469169716d36ee05a842097128303a645,0.27111560794314715,0.4070187839740413,0.4032695897255896,0.40619744967838195,0.46705591484836584,0.40701878397404123,3484,3484,10,109,109|180|196|254|309|323|415|464|612|622,109,109|180|196|254|309|323|415|464|612|622,0.6471833968657349,0.6111521646275676,0.39512444254245094,independent_evaluator_after_bank_lock,GEOM_FEATURE_NCUT_K24,0,RNA_PROTEIN,5c7461d8641e68b76174e0aab501e3a8644e6df2dab6faf0376da49a5fc5d808,fa1a2fc97b5a8ead286e65511a33b4b8347cccf35281fc326ab2a867f7416001,205
A1_K10,RETAINED_CARRIER,J01_GRAPH_LEAN__FULL__S0,1993805d760f158c15b845ee734f50fde1189980487bb8677a6463dbefe93bab,0.2690691256921273,0.39787993675526734,0.3940757084913516,0.40428295421600113,0.45690479813699103,0.3978799367552674,3484,3484,10,110,110|175|199|254|320|334|400|475|603|614,110,110|175|199|254|320|334|400|475|603|614,0.6024283495693915,0.5598370749971671,0.44625903288573554,independent_evaluator_after_bank_lock,GEOM_FEATURE_NCUT_K24,0,RNA_PROTEIN,5c7461d8641e68b76174e0aab501e3a8644e6df2dab6faf0376da49a5fc5d808,fa1a2fc97b5a8ead286e65511a33b4b8347cccf35281fc326ab2a867f7416001,112
A1_K10,RETAINED_CARRIER,J02_BALANCED__EMISSION_ONLY__S0,41369d537dcab2cbc7c0c5ea32661c1b43d23b29dc65b903c1e5f5a2d0220235,0.26806593463595035,0.39594080155513667,0.39213729607494496,0.40299711450814574,0.4563278450575884,0.3959408015551366,3484,3484,10,118,118|183|217|264|319|342|391|468|588|594,118,118|183|217|264|319|342|391|468|588|594,0.5874629394324439,0.5433928183039223,0.4623782874790254,independent_evaluator_after_bank_lock,GEOM_FEATURE_NCUT_K24,0,RNA_PROTEIN,5c7461d8641e68b76174e0aab501e3a8644e6df2dab6faf0376da49a5fc5d808,fa1a2fc97b5a8ead286e65511a33b4b8347cccf35281fc326ab2a867f7416001,0
A1_K10,RETAINED_CARRIER,J02_BALANCED__SHARED_GRAPH_ONLY__S0,06cffc78d524e61429a509d3de342debf3dec5598c5068dc420cb4d881cd09a9,0.27249285560407577,0.40788757072743004,0.40414601104890824,0.4073406725273536,0.4683452790149722,0.40788757072743,3484,3484,10,111,111|180|199|255|310|325|411|465|612|616,111,111|180|199|255|310|325|411|465|612|616,0.6428067203162502,0.6071343051385794,0.39904679485337496,independent_evaluator_after_bank_lock,GEOM_FEATURE_NCUT_K24,0,RNA_PROTEIN,5c7461d8641e68b76174e0aab501e3a8644e6df2dab6faf0376da49a5fc5d808,fa1a2fc97b5a8ead286e65511a33b4b8347cccf35281fc326ab2a867f7416001,183
A1_K10,RETAINED_CARRIER,J02_BALANCED__CLUSTER_GRAPH_ONLY__S0,b8ca6f4fe7dcf76f73325bb09a2660cbe390f8afc423e059094f4b0f54399b52,0.26956351530155276,0.39899615752023837,0.3952014035916052,0.4046417312210615,0.4584941814323885,0.39899615752023837,3484,3484,10,111,111|176|201|260|320|334|400|470|600|612,111,111|176|201|260|320|334|400|470|600|612,0.5998870535084004,0.5580135139605352,0.4480511009838943,independent_evaluator_after_bank_lock,GEOM_FEATURE_NCUT_K24,0,RNA_PROTEIN,5c7461d8641e68b76174e0aab501e3a8644e6df2dab6faf0376da49a5fc5d808,fa1a2fc97b5a8ead286e65511a33b4b8347cccf35281fc326ab2a867f7416001,86
A1_K10,RETAINED_CARRIER,J02_BALANCED__ADDITIVE_SHARED__S0,468a67b9565374be1da3afb8a407a9fed2e08bb8aa2554922c22098c7c9b64b2,0.2722994442920077,0.40685257711715717,0.40310492317931435,0.40715289204786254,0.4672115223574725,0.4068525771171572,3484,3484,10,111,111|178|201|255|313|325|412|463|606|620,111,111|178|201|255|313|325|412|463|606|620,0.636312297049273,0.6013328217949064,0.40486449012498155,independent_evaluator_after_bank_lock,GEOM_FEATURE_NCUT_K24,0,RNA_PROTEIN,5c7461d8641e68b76174e0aab501e3a8644e6df2dab6faf0376da49a5fc5d808,fa1a2fc97b5a8ead286e65511a33b4b8347cccf35281fc326ab2a867f7416001,165
A1_K10,RETAINED_CARRIER,J02_BALANCED__FULL__S0,7f420c4ff052fabdb80564f36b4f7262cac83fe5f11e4b7fba1ed17a5b384d3b,0.2696883599628288,0.3990524543497661,0.395258925534862,0.4047267175557355,0.458676546255442,0.39905245434976616,3484,3484,10,112,112|177|203|258|320|335|398|471|601|609,112,112|177|203|258|320|335|398|471|601|609,0.5988987717069039,0.556871796996565,0.449133481153875,independent_evaluator_after_bank_lock,GEOM_FEATURE_NCUT_K24,0,RNA_PROTEIN,5c7461d8641e68b76174e0aab501e3a8644e6df2dab6faf0376da49a5fc5d808,fa1a2fc97b5a8ead286e65511a33b4b8347cccf35281fc326ab2a867f7416001,82
A1_K10,RETAINED_CARRIER,J03_EMISSION_LEAN__EMISSION_ONLY__S0,e0981f5c2597e4588fdda6eb93e37eeae2de3625d3b4f04ad884e03ba62ffc79,0.26791581643755813,0.3954270750968489,0.39162006702930324,0.40287006521581203,0.4556952813074619,0.3954270750968489,3484,3484,10,117,117|183|217|264|319|342|392|468|588|594,117,117|183|217|264|319|342|392|468|588|594,0.5876041225469434,0.5435940566191233,0.4622090468463028,independent_evaluator_after_bank_lock,GEOM_FEATURE_NCUT_K24,0,RNA_PROTEIN,5c7461d8641e68b76174e0aab501e3a8644e6df2dab6faf0376da49a5fc5d808,fa1a2fc97b5a8ead286e65511a33b4b8347cccf35281fc326ab2a867f7416001,1
A1_K10,RETAINED_CARRIER,J03_EMISSION_LEAN__SHARED_GRAPH_ONLY__S0,bb4c6b7822e08ad0583b1ec761c9fed78101df6208f47d9b8c2f3ac2c2c330ca,0.27132993810324446,0.4051301014064948,0.4013738934609245,0.40622139255601275,0.465535535142356,0.4051301014064948,3484,3484,10,112,112|178|205|257|314|327|410|462|606|613,112,112|178|205|257|314|327|410|462|606|613,0.6317944373852887,0.5957617956450827,0.4103683936899561,independent_evaluator_after_bank_lock,GEOM_FEATURE_NCUT_K24,0,RNA_PROTEIN,5c7461d8641e68b76174e0aab501e3a8644e6df2dab6faf0376da49a5fc5d808,fa1a2fc97b5a8ead286e65511a33b4b8347cccf35281fc326ab2a867f7416001,140
A1_K10,RETAINED_CARRIER,J03_EMISSION_LEAN__CLUSTER_GRAPH_ONLY__S0,d05d0f12271a820288c4c330a6303aaf0321f602597f83ea64bc67cad3e0b696,0.26832908012324125,0.3971835934607491,0.3933802247948375,0.4034620673313184,0.4567761989212321,0.3971835934607491,3484,3484,10,113,113|178|205|260|321|335|399|469|600|604,113,113|178|205|260|321|335|399|469|600|604,0.5976281236764083,0.5554450812337615,0.45046820251912695,independent_evaluator_after_bank_lock,GEOM_FEATURE_NCUT_K24,0,RNA_PROTEIN,5c7461d8641e68b76174e0aab501e3a8644e6df2dab6faf0376da49a5fc5d808,fa1a2fc97b5a8ead286e65511a33b4b8347cccf35281fc326ab2a867f7416001,69
A1_K10,RETAINED_CARRIER,J03_EMISSION_LEAN__ADDITIVE_SHARED__S0,d459104443ad2f4d5d388f46156461e62fddce45fd19e171e7ebbf87a33d55d9,0.2719585365411752,0.4047734696728477,0.40101543939148643,0.40676150838255376,0.46517965532276745,0.4047734696728477,3484,3484,10,112,112|179|204|259|314|326|409|465|600|616,112,112|179|204|259|314|326|409|465|600|616,0.6278413101793026,0.590855039728844,0.41523533443157357,independent_evaluator_after_bank_lock,GEOM_FEATURE_NCUT_K24,0,RNA_PROTEIN,5c7461d8641e68b76174e0aab501e3a8644e6df2dab6faf0376da49a5fc5d808,fa1a2fc97b5a8ead286e65511a33b4b8347cccf35281fc326ab2a867f7416001,130
A1_K10,RETAINED_CARRIER,J03_EMISSION_LEAN__FULL__S0,7212d012af983948c185271c7cd29f66952393d42e917421b9544739e4159da1,0.2698383744873397,0.399980991141294,0.3961954334376567,0.40479769933373067,0.46002404117853857,0.399980991141294,3484,3484,10,114,114|178|207|259|320|335|395|470|599|607,114,114|178|207|259|320|335|395|470|599|607,0.5983340392489058,0.5557747359378593,0.4501282534642369,independent_evaluator_after_bank_lock,GEOM_FEATURE_NCUT_K24,0,RNA_PROTEIN,5c7461d8641e68b76174e0aab501e3a8644e6df2dab6faf0376da49a5fc5d808,fa1a2fc97b5a8ead286e65511a33b4b8347cccf35281fc326ab2a867f7416001,66
A1_K10,RETAINED_CARRIER,INPUT_GEOMETRY_START,e367c0a4541ec15c5b80cf90d1d2d4cbbfa928fe43305aae83d3ea72741e8988,0.2628398625298799,0.384972236638401,0.3810137018838378,0.4025657224341812,0.4329506167588187,0.384972236638401,3484,3484,10,66,66|167|199|229|261|266|311|509|705|771,66,66|167|199|229|261|266|311|509|705|771,0.6135818156148525,0.5710329905908964,0.43680421553031124,independent_evaluator_after_bank_lock,GEOM_LEIDEN_FEATURE,0,RNA_PROTEIN,9d2ce46b8c042aa76ee0e65db0d27095e4a807f84b7146c937a0f4d1ca030334,d0e0db508f8c6e25423f3f3c8d3cb34d816fd67a9da943f76408332d3cc1b124,0
A1_K10,RETAINED_CARRIER,J01_GRAPH_LEAN__EMISSION_ONLY__S0,e367c0a4541ec15c5b80cf90d1d2d4cbbfa928fe43305aae83d3ea72741e8988,0.2628398625298799,0.384972236638401,0.3810137018838378,0.4025657224341812,0.4329506167588187,0.384972236638401,3484,3484,10,66,66|167|199|229|261|266|311|509|705|771,66,66|167|199|229|261|266|311|509|705|771,0.6135818156148525,0.5710329905908964,0.43680421553031124,independent_evaluator_after_bank_lock,GEOM_LEIDEN_FEATURE,0,RNA_PROTEIN,9d2ce46b8c042aa76ee0e65db0d27095e4a807f84b7146c937a0f4d1ca030334,d0e0db508f8c6e25423f3f3c8d3cb34d816fd67a9da943f76408332d3cc1b124,0
A1_K10,RETAINED_CARRIER,J01_GRAPH_LEAN__SHARED_GRAPH_ONLY__S0,b4bd81b1953351da205a2b24f101363dd79db7372b009dae29ae08eecb4f9a59,0.2635855747131109,0.39632278192012016,0.39243645533173493,0.40326143500499706,0.4456634928517912,0.3963227819201201,3484,3484,10,67,67|161|220|231|254|258|300|513|709|771,67,67|161|220|231|254|258|300|513|709|771,0.6507129747282225,0.6235400794286112,0.384882028898763,independent_evaluator_after_bank_lock,GEOM_LEIDEN_FEATURE,0,RNA_PROTEIN,9d2ce46b8c042aa76ee0e65db0d27095e4a807f84b7146c937a0f4d1ca030334,d0e0db508f8c6e25423f3f3c8d3cb34d816fd67a9da943f76408332d3cc1b124,144
A1_K10,RETAINED_CARRIER,J01_GRAPH_LEAN__CLUSTER_GRAPH_ONLY__S0,fcf5ef4c9af450535a6650fa94a7636b8d0cf0b61e43f768523ec2f44c5c025b,0.2625010361887509,0.3874312747263827,0.3834845149294257,0.40252345175919874,0.43516913954720227,0.3874312747263828,3484,3484,10,64,64|164|198|227|259|265|309|512|712|774,64,64|164|198|227|259|265|309|512|712|774,0.6155583792178455,0.5754229181087341,0.43272811765385705,independent_evaluator_after_bank_lock,GEOM_LEIDEN_FEATURE,0,RNA_PROTEIN,9d2ce46b8c042aa76ee0e65db0d27095e4a807f84b7146c937a0f4d1ca030334,d0e0db508f8c6e25423f3f3c8d3cb34d816fd67a9da943f76408332d3cc1b124,17
A1_K10,RETAINED_CARRIER,J01_GRAPH_LEAN__ADDITIVE_SHARED__S0,fb8f2b1a6dd86ed72507b83740744e87693c8b77640b03daae2389f6f985facd,0.26291744269039213,0.3961471588750047,0.3922596547589344,0.4027059731937868,0.44546350195996787,0.3961471588750047,3484,3484,10,67,67|162|221|230|254|258|299|511|710|772,67,67|162|221|230|254|258|299|511|710|772,0.650571791613723,0.6231249901302737,0.38524411362552013,independent_evaluator_after_bank_lock,GEOM_LEIDEN_FEATURE,0,RNA_PROTEIN,9d2ce46b8c042aa76ee0e65db0d27095e4a807f84b7146c937a0f4d1ca030334,d0e0db508f8c6e25423f3f3c8d3cb34d816fd67a9da943f76408332d3cc1b124,142
A1_K10,RETAINED_CARRIER,J01_GRAPH_LEAN__FULL__S0,09e1a2adf3368eb9d514e5bd9cddce98ebb5de374e95a16ee0ae3fe606d63de4,0.262658713414572,0.3874967613187251,0.3835502214155593,0.40266753520630827,0.4352201342120817,0.3874967613187252,3484,3484,10,64,64|164|198|227|258|265|309|513|712|774,64,64|164|198|227|258|265|309|513|712|774,0.615981928561344,0.5758946015325079,0.43225849566159613,independent_evaluator_after_bank_lock,GEOM_LEIDEN_FEATURE,0,RNA_PROTEIN,9d2ce46b8c042aa76ee0e65db0d27095e4a807f84b7146c937a0f4d1ca030334,d0e0db508f8c6e25423f3f3c8d3cb34d816fd67a9da943f76408332d3cc1b124,18
A1_K10,RETAINED_CARRIER,J02_BALANCED__EMISSION_ONLY__S0,e367c0a4541ec15c5b80cf90d1d2d4cbbfa928fe43305aae83d3ea72741e8988,0.2628398625298799,0.384972236638401,0.3810137018838378,0.4025657224341812,0.4329506167588187,0.384972236638401,3484,3484,10,66,66|167|199|229|261|266|311|509|705|771,66,66|167|199|229|261|266|311|509|705|771,0.6135818156148525,0.5710329905908964,0.43680421553031124,independent_evaluator_after_bank_lock,GEOM_LEIDEN_FEATURE,0,RNA_PROTEIN,9d2ce46b8c042aa76ee0e65db0d27095e4a807f84b7146c937a0f4d1ca030334,d0e0db508f8c6e25423f3f3c8d3cb34d816fd67a9da943f76408332d3cc1b124,0
A1_K10,RETAINED_CARRIER,J02_BALANCED__SHARED_GRAPH_ONLY__S0,a7151fc0590c4ae4be40c7fa9b129c77b655478369fc4753e836522190ae957b,0.26409725030909303,0.39534981527932483,0.39146068988037186,0.4034950530136734,0.44496875221224585,0.3953498152793249,3484,3484,10,67,67|163|225|230|254|260|302|514|701|768,67,67|163|225|230|254|260|302|514|701|768,0.6426655372017507,0.6153350293313241,0.3929215970559218,independent_evaluator_after_bank_lock,GEOM_LEIDEN_FEATURE,0,RNA_PROTEIN,9d2ce46b8c042aa76ee0e65db0d27095e4a807f84b7146c937a0f4d1ca030334,d0e0db508f8c6e25423f3f3c8d3cb34d816fd67a9da943f76408332d3cc1b124,106
A1_K10,RETAINED_CARRIER,J02_BALANCED__CLUSTER_GRAPH_ONLY__S0,abd1908c868a4dc56a94ad42bdac7d8a0aced327a8cdb6958bd454ddaefe7809,0.2624781987678542,0.38712660131176063,0.383178680094294,0.4024535188600871,0.43491472449855917,0.3871266013117607,3484,3484,10,64,64|164|198|227|260|265|311|512|709|774,64,64|164|198|227|260|265|311|512|709|774,0.615981928561344,0.5757358163059793,0.4324108190963223,independent_evaluator_after_bank_lock,GEOM_LEIDEN_FEATURE,0,RNA_PROTEIN,9d2ce46b8c042aa76ee0e65db0d27095e4a807f84b7146c937a0f4d1ca030334,d0e0db508f8c6e25423f3f3c8d3cb34d816fd67a9da943f76408332d3cc1b124,14
A1_K10,RETAINED_CARRIER,J02_BALANCED__ADDITIVE_SHARED__S0,ef7e3a71c3780e134701cb24deafde630fb130398bd4b5ecb7f7ba7f54e625ef,0.2641830985883146,0.39531839985757755,0.3914284299534142,0.40360897817337943,0.4448602642577035,0.3953183998575776,3484,3484,10,67,67|163|223|229|257|259|302|512|702|770,67,67|163|223|229|257|259|302|512|702|770,0.6442185514612452,0.6159225855111204,0.3923095924876752,independent_evaluator_after_bank_lock,GEOM_LEIDEN_FEATURE,0,RNA_PROTEIN,9d2ce46b8c042aa76ee0e65db0d27095e4a807f84b7146c937a0f4d1ca030334,d0e0db508f8c6e25423f3f3c8d3cb34d816fd67a9da943f76408332d3cc1b124,111
A1_K10,RETAINED_CARRIER,J02_BALANCED__FULL__S0,5acde15d0c0bf2348b902acb93cde0044898e89b83ed0e9d693d32eb38af7cef,0.2632665631787875,0.3878030713208083,0.3838588002561,0.4031654372457487,0.4355966893867254,0.3878030713208084,3484,3484,10,64,64|164|198|227|258|266|309|513|711|774,64,64|164|198|227|258|266|309|513|711|774,0.6155583792178455,0.5756633034725792,0.4324715918792898,independent_evaluator_after_bank_lock,GEOM_LEIDEN_FEATURE,0,RNA_PROTEIN,9d2ce46b8c042aa76ee0e65db0d27095e4a807f84b7146c937a0f4d1ca030334,d0e0db508f8c6e25423f3f3c8d3cb34d816fd67a9da943f76408332d3cc1b124,18
A1_K10,RETAINED_CARRIER,J03_EMISSION_LEAN__EMISSION_ONLY__S0,1bb3747a36ed375440c98e7069acfe82546a72e7acc9174a3223610e96316d9f,0.2625829261404206,0.3847310706582012,0.3807711459596292,0.4023417324388188,0.43269815146271345,0.3847310706582012,3484,3484,10,66,66|167|201|228|261|266|310|509|705|771,66,66|167|201|228|261|266|310|509|705|771,0.6138641818438515,0.5717291318567226,0.4361252764566861,independent_evaluator_after_bank_lock,GEOM_LEIDEN_FEATURE,0,RNA_PROTEIN,9d2ce46b8c042aa76ee0e65db0d27095e4a807f84b7146c937a0f4d1ca030334,d0e0db508f8c6e25423f3f3c8d3cb34d816fd67a9da943f76408332d3cc1b124,2
A1_K10,RETAINED_CARRIER,J03_EMISSION_LEAN__SHARED_GRAPH_ONLY__S0,4469c0676b398f6287308f21310545a4e27e4de48927cbc57d6e7e79d407e226,0.2644626020773537,0.3947860888932999,0.39089179697232207,0.403875790417782,0.44415339854609315,0.39478608889329997,3484,3484,10,67,67|162|223|223|255|261|306|517|702|768,67,67|162|223|223|255|261|306|517|702|768,0.6370182126217704,0.6083810085619221,0.3999170242021196,independent_evaluator_after_bank_lock,GEOM_LEIDEN_FEATURE,0,RNA_PROTEIN,9d2ce46b8c042aa76ee0e65db0d27095e4a807f84b7146c937a0f4d1ca030334,d0e0db508f8c6e25423f3f3c8d3cb34d816fd67a9da943f76408332d3cc1b124,85
A1_K10,RETAINED_CARRIER,J03_EMISSION_LEAN__CLUSTER_GRAPH_ONLY__S0,548d997526fa0b3656975a9dd6e327d13b7a83d8c5551f95d47c86aa56ce7ee5,0.26230007946601125,0.38647866860518104,0.3825274302311156,0.4022455901200934,0.43432939602341003,0.386478668605181,3484,3484,10,65,65|164|198|229|260|265|311|511|707|774,65,65|164|198|229|260|265|311|511|707|774,0.615699562332345,0.5749288643906026,0.4331317345720911,independent_evaluator_after_bank_lock,GEOM_LEIDEN_FEATURE,0,RNA_PROTEIN,9d2ce46b8c042aa76ee0e65db0d27095e4a807f84b7146c937a0f4d1ca030334,d0e0db508f8c6e25423f3f3c8d3cb34d816fd67a9da943f76408332d3cc1b124,10
A1_K10,RETAINED_CARRIER,J03_EMISSION_LEAN__ADDITIVE_SHARED__S0,afb270b041d6e4d2f16c95ff90d13eadcdc4053923a21e11ef9f194ca453d087,0.26390621591442565,0.39414306991054704,0.3902461146324497,0.403330935139568,0.4436478659343141,0.39414306991054704,3484,3484,10,68,68|164|222|228|256|260|304|512|701|769,68,68|164|222|228|256|260|304|512|701|769,0.6367358463927715,0.6073946290271142,0.40081518747646794,independent_evaluator_after_bank_lock,GEOM_LEIDEN_FEATURE,0,RNA_PROTEIN,9d2ce46b8c042aa76ee0e65db0d27095e4a807f84b7146c937a0f4d1ca030334,d0e0db508f8c6e25423f3f3c8d3cb34d816fd67a9da943f76408332d3cc1b124,89
A1_K10,RETAINED_CARRIER,J03_EMISSION_LEAN__FULL__S0,8340e5eaaf4007f5c382a5cfecf1a1b683c9475fdf2fa4558a6283e596b30f6a,0.2628893455273273,0.3873885918561139,0.3834426510163307,0.40278522251599974,0.43529125076917025,0.3873885918561139,3484,3484,10,65,65|164|200|228|259|265|308|512|708|775,65,65|164|200|228|259|265|308|512|708|775,0.615981928561344,0.5756322564343921,0.43244959179965453,independent_evaluator_after_bank_lock,GEOM_LEIDEN_FEATURE,0,RNA_PROTEIN,9d2ce46b8c042aa76ee0e65db0d27095e4a807f84b7146c937a0f4d1ca030334,d0e0db508f8c6e25423f3f3c8d3cb34d816fd67a9da943f76408332d3cc1b124,15
P22_K9,RETAINED_CARRIER,INPUT_GEOMETRY_START,48c5940faa70dbff75be90ea60aaf2a2a187b2fd78e8cbc21a9c3975b2e3ac08,0.47633967387899295,0.6293803654615128,0.6287424646592623,0.55433701597936,0.6409325966536805,0.6293803654615127,9196,9196,9,446,446|627|673|683|700|1022|1335|1456|2254,446,446|627|673|683|700|1022|1335|1456|2254,0.9179939733103745,0.8970532315769092,0.10515316798542756,independent_evaluator_after_bank_lock,GEOM_FEATURE_NCUT_K24,0,RNA_CHROMATIN,0ee02ba52fd1d40cc9fb1709b5c33867c5f5ee85c451679e798292fe0267b099,7518b34c797c78a74552997dd9d83e0e3f8795ad333315030cc9e99a08ce9ecd,0
P22_K9,RETAINED_CARRIER,J01_GRAPH_LEAN__EMISSION_ONLY__S0,48c5940faa70dbff75be90ea60aaf2a2a187b2fd78e8cbc21a9c3975b2e3ac08,0.47633967387899295,0.6293803654615128,0.6287424646592623,0.55433701597936,0.6409325966536805,0.6293803654615127,9196,9196,9,446,446|627|673|683|700|1022|1335|1456|2254,446,446|627|673|683|700|1022|1335|1456|2254,0.9179939733103745,0.8970532315769092,0.10515316798542756,independent_evaluator_after_bank_lock,GEOM_FEATURE_NCUT_K24,0,RNA_CHROMATIN,0ee02ba52fd1d40cc9fb1709b5c33867c5f5ee85c451679e798292fe0267b099,7518b34c797c78a74552997dd9d83e0e3f8795ad333315030cc9e99a08ce9ecd,0
P22_K9,RETAINED_CARRIER,J01_GRAPH_LEAN__SHARED_GRAPH_ONLY__S0,12935ee7654e3c4563eca31c2879f4bccfdfdfec46fea835067a210511854d26,0.4765306193472933,0.6326265791231412,0.6319933745906678,0.5547435539585213,0.6433807051279512,0.6326265791231411,9196,9196,9,426,426|618|665|672|699|1028|1343|1479|2266,426,426|618|665|672|699|1028|1343|1479|2266,0.9283792509685751,0.9097211566010147,0.09258768239003883,independent_evaluator_after_bank_lock,GEOM_FEATURE_NCUT_K24,0,RNA_CHROMATIN,0ee02ba52fd1d40cc9fb1709b5c33867c5f5ee85c451679e798292fe0267b099,7518b34c797c78a74552997dd9d83e0e3f8795ad333315030cc9e99a08ce9ecd,113
P22_K9,RETAINED_CARRIER,J01_GRAPH_LEAN__CLUSTER_GRAPH_ONLY__S0,13700f69fa40652ebfa1dc168c99dede8bd7d9d5451dc285103cbf65f8ab35f7,0.47745174979514,0.6342127242282877,0.6335825013078159,0.5554548041672753,0.6452337961289285,0.6342127242282878,9196,9196,9,432,432|627|658|671|701|1030|1352|1464|2261,432,432|627|658|671|701|1030|1352|1464|2261,0.9304778303917348,0.9126785726821686,0.08971849464171419,independent_evaluator_after_bank_lock,GEOM_FEATURE_NCUT_K24,0,RNA_CHROMATIN,0ee02ba52fd1d40cc9fb1709b5c33867c5f5ee85c451679e798292fe0267b099,7518b34c797c78a74552997dd9d83e0e3f8795ad333315030cc9e99a08ce9ecd,105
P22_K9,RETAINED_CARRIER,J01_GRAPH_LEAN__ADDITIVE_SHARED__S0,5b91fb919758e9ed34cf8d8a7c556d3e4c44814a7b0cb951756697d0dd19a38d,0.4763317223150444,0.6326226089225783,0.6319894350169777,0.5545665379400609,0.6434119666962753,0.6326226089225782,9196,9196,9,427,427|619|665|674|699|1023|1345|1478|2266,427,427|619|665|674|699|1023|1345|1478|2266,0.9281102023245803,0.9094491708616458,0.09284465080821709,independent_evaluator_after_bank_lock,GEOM_FEATURE_NCUT_K24,0,RNA_CHROMATIN,0ee02ba52fd1d40cc9fb1709b5c33867c5f5ee85c451679e798292fe0267b099,7518b34c797c78a74552997dd9d83e0e3f8795ad333315030cc9e99a08ce9ecd,111
P22_K9,RETAINED_CARRIER,J01_GRAPH_LEAN__FULL__S0,5eea7744c8bfe0a2ff97153c0e49a0102da26e00338f60767c81c77da064f11b,0.4772603568990052,0.6339938358949853,0.6333632953303325,0.5552737329859974,0.6450693853425886,0.6339938358949854,9196,9196,9,432,432|627|663|672|701|1023|1355|1464|2259,432,432|627|663|672|701|1023|1355|1464|2259,0.9297244941885493,0.9117164229180253,0.09064843409706846,independent_evaluator_after_bank_lock,GEOM_FEATURE_NCUT_K24,0,RNA_CHROMATIN,0ee02ba52fd1d40cc9fb1709b5c33867c5f5ee85c451679e798292fe0267b099,7518b34c797c78a74552997dd9d83e0e3f8795ad333315030cc9e99a08ce9ecd,97
P22_K9,RETAINED_CARRIER,J02_BALANCED__EMISSION_ONLY__S0,e7cfd884d3ee4c85230c27248df78866e0d4730fc014d2f94e5055f138fd51a7,0.4745080241414675,0.6270609011132012,0.6264191940654555,0.5527290520440211,0.638746551562432,0.6270609011132011,9196,9196,9,446,446|645|672|683|702|1005|1335|1456|2252,446,446|645|672|683|702|1005|1335|1456|2252,0.9178863538527766,0.8968145304791266,0.10536324300073269,independent_evaluator_after_bank_lock,GEOM_FEATURE_NCUT_K24,0,RNA_CHROMATIN,0ee02ba52fd1d40cc9fb1709b5c33867c5f5ee85c451679e798292fe0267b099,7518b34c797c78a74552997dd9d83e0e3f8795ad333315030cc9e99a08ce9ecd,27
P22_K9,RETAINED_CARRIER,J02_BALANCED__SHARED_GRAPH_ONLY__S0,3047ee0564e5d6fb5335b20a49026413ce3b33b8c20987f31f37d04f36e13f48,0.4764926015280254,0.6321279540200252,0.6314940129638624,0.5546695750135234,0.6429935202705922,0.6321279540200252,9196,9196,9,427,427|620|668|670|700|1030|1343|1476|2262,427,427|620|668|670|700|1030|1343|1476|2262,0.9278411536805854,0.909345559316182,0.0929602037583473,independent_evaluator_after_bank_lock,GEOM_FEATURE_NCUT_K24,0,RNA_CHROMATIN,0ee02ba52fd1d40cc9fb1709b5c33867c5f5ee85c451679e798292fe0267b099,7518b34c797c78a74552997dd9d83e0e3f8795ad333315030cc9e99a08ce9ecd,100
P22_K9,RETAINED_CARRIER,J02_BALANCED__CLUSTER_GRAPH_ONLY__S0,cad30d35b2c41c2eaa12d623570470b276ab40ce31197451efc4f65ea2856153,0.47744785231556724,0.6340555429997854,0.6334251050118871,0.555435928018063,0.6451279924581685,0.6340555429997855,9196,9196,9,433,433|625|662|672|701|1028|1351|1464|2260,433,433|625|662|672|701|1028|1351|1464|2260,0.9298321136461473,0.9120305911182474,0.09034379579996296,independent_evaluator_after_bank_lock,GEOM_FEATURE_NCUT_K24,0,RNA_CHROMATIN,0ee02ba52fd1d40cc9fb1709b5c33867c5f5ee85c451679e798292fe0267b099,7518b34c797c78a74552997dd9d83e0e3f8795ad333315030cc9e99a08ce9ecd,88
P22_K9,RETAINED_CARRIER,J02_BALANCED__ADDITIVE_SHARED__S0,d04d295a846b6e4a95904d5d09087304b2ac02966c3fa9d6f8a55cbe3543b21e,0.4763758653731274,0.6319352196812531,0.6313010642839608,0.5545321030752683,0.6429128600838886,0.631935219681253,9196,9196,9,426,426|624|667|679|700|1019|1349|1474|2258,426,426|624|667|679|700|1019|1349|1474|2258,0.9259040034438226,0.907206250473544,0.09505085638236749,independent_evaluator_after_bank_lock,GEOM_FEATURE_NCUT_K24,0,RNA_CHROMATIN,0ee02ba52fd1d40cc9fb1709b5c33867c5f5ee85c451679e798292fe0267b099,7518b34c797c78a74552997dd9d83e0e3f8795ad333315030cc9e99a08ce9ecd,84
P22_K9,RETAINED_CARRIER,J02_BALANCED__FULL__S0,f1c21274ee5013ad2ed6ff506621d10fc64af7e2b85b6f6c6289e0b77fdd8a44,0.4764130946105656,0.6324722179835202,0.6318390691280112,0.5545531476978769,0.6435320320925552,0.63247221798352,9196,9196,9,434,434|626|666|670|700|1022|1352|1466|2260,434,434|626|666|670|700|1022|1352|1466|2260,0.9290249677141628,0.9109895985630162,0.09135981362458577,independent_evaluator_after_bank_lock,GEOM_FEATURE_NCUT_K24,0,RNA_CHROMATIN,0ee02ba52fd1d40cc9fb1709b5c33867c5f5ee85c451679e798292fe0267b099,7518b34c797c78a74552997dd9d83e0e3f8795ad333315030cc9e99a08ce9ecd,83
P22_K9,RETAINED_CARRIER,J03_EMISSION_LEAN__EMISSION_ONLY__S0,5e825122bf492e19520f91a5bbf32459569c90c6014655994dd5975b0ba4f9fc,0.47330897750773954,0.6247124456557808,0.6240667998908231,0.5516808766715292,0.6364500669194114,0.6247124456557809,9196,9196,9,446,446|657|671|685|701|992|1335|1459|2250,446,446|657|671|685|701|992|1335|1459|2250,0.91562634524322,0.8937553031074873,0.10838930208077263,independent_evaluator_after_bank_lock,GEOM_FEATURE_NCUT_K24,0,RNA_CHROMATIN,0ee02ba52fd1d40cc9fb1709b5c33867c5f5ee85c451679e798292fe0267b099,7518b34c797c78a74552997dd9d83e0e3f8795ad333315030cc9e99a08ce9ecd,62
P22_K9,RETAINED_CARRIER,J03_EMISSION_LEAN__SHARED_GRAPH_ONLY__S0,308f664b0abcb0122702249ac3e960611b57d9f0e57316e420de53fd7f96ff0c,0.47605853263921183,0.6314733819824961,0.6308384268855781,0.5542592732783357,0.6424399145725345,0.631473381982496,9196,9196,9,426,426|625|669|673|698|1029|1348|1470|2258,426,426|625|669|673|698|1029|1348|1470|2258,0.9261192423590185,0.9077429655127044,0.0945506224624943,independent_evaluator_after_bank_lock,GEOM_FEATURE_NCUT_K24,0,RNA_CHROMATIN,0ee02ba52fd1d40cc9fb1709b5c33867c5f5ee85c451679e798292fe0267b099,7518b34c797c78a74552997dd9d83e0e3f8795ad333315030cc9e99a08ce9ecd,77
P22_K9,RETAINED_CARRIER,J03_EMISSION_LEAN__CLUSTER_GRAPH_ONLY__S0,fb6925efbc24602c3230f5f89c1f32eef7543376b3500ad412ba34cb6347c2b8,0.4768717802611911,0.6331219238130892,0.6324899244613889,0.5549342254726289,0.6442231229877043,0.6331219238130892,9196,9196,9,434,434|624|666|673|700|1026|1348|1465|2260,434,434|624|666|673|700|1026|1348|1465|2260,0.9289711579853638,0.9110334031738788,0.0913208220061995,independent_evaluator_after_bank_lock,GEOM_FEATURE_NCUT_K24,0,RNA_CHROMATIN,0ee02ba52fd1d40cc9fb1709b5c33867c5f5ee85c451679e798292fe0267b099,7518b34c797c78a74552997dd9d83e0e3f8795ad333315030cc9e99a08ce9ecd,76
P22_K9,RETAINED_CARRIER,J03_EMISSION_LEAN__ADDITIVE_SHARED__S0,9de17ab95e4378c6fafbc398ddcbebffc903149db850860392a64f30cac631f3,0.47634144148911267,0.6312802549539495,0.6306450231147386,0.5544880184447466,0.6422968695320315,0.6312802549539495,9196,9196,9,426,426|625|669|681|700|1015|1349|1474|2257,426,426|625|669|681|700|1015|1349|1474|2257,0.9242897115798536,0.9055590270272926,0.09668471785719948,independent_evaluator_after_bank_lock,GEOM_FEATURE_NCUT_K24,0,RNA_CHROMATIN,0ee02ba52fd1d40cc9fb1709b5c33867c5f5ee85c451679e798292fe0267b099,7518b34c797c78a74552997dd9d83e0e3f8795ad333315030cc9e99a08ce9ecd,78
P22_K9,RETAINED_CARRIER,J03_EMISSION_LEAN__FULL__S0,0bb8c36ba53746f89c6b647ae0026321ac531891a59c177d9ddac49b877b1616,0.4765340534726715,0.6326475829162407,0.6320147758393473,0.5546415616546506,0.643750094908138,0.6326475829162407,9196,9196,9,433,433|627|668|671|701|1018|1354|1466|2258,433,433|627|668|671|701|1018|1354|1466|2258,0.9281640120533793,0.910227379956443,0.09210617834701168,independent_evaluator_after_bank_lock,GEOM_FEATURE_NCUT_K24,0,RNA_CHROMATIN,0ee02ba52fd1d40cc9fb1709b5c33867c5f5ee85c451679e798292fe0267b099,7518b34c797c78a74552997dd9d83e0e3f8795ad333315030cc9e99a08ce9ecd,78
P22_K9,RETAINED_CARRIER,INPUT_GEOMETRY_START,9124f294818194d01333268def5e618babe8f27561b5d8b123284e17c9033a66,0.5034009988382184,0.641908045066574,0.6412735371803377,0.5798753235253394,0.6400183470002407,0.641908045066574,9196,9196,9,44,44|517|642|699|790|1338|1408|1452|2306,44,44|517|642|699|790|1338|1408|1452|2306,0.9455983641842445,0.918556393839952,0.08142298269227834,independent_evaluator_after_bank_lock,GEOM_LEIDEN_FEATURE,0,RNA_CHROMATIN,81b876e65acb51631fe12e6de8c0e5ec6e2b341e5e12cd767a7a923dd93c9680,faf95a75eaea88e91e9af6bda46847c0d371cb9e33d98530412f6f5dbb8b3e2a,0
P22_K9,RETAINED_CARRIER,J01_GRAPH_LEAN__EMISSION_ONLY__S0,d8791b5066666e637b36b82888474d14d9b6528db66d3240feaee7f17b9b9e30,0.5033933362993706,0.6418293625240351,0.641194695576839,0.5798760075442487,0.6399206337894708,0.6418293625240351,9196,9196,9,44,44|517|642|700|787|1338|1408|1454|2306,44,44|517|642|700|787|1338|1408|1454|2306,0.9451140766250538,0.9178972452398142,0.08207772760260379,independent_evaluator_after_bank_lock,GEOM_LEIDEN_FEATURE,0,RNA_CHROMATIN,81b876e65acb51631fe12e6de8c0e5ec6e2b341e5e12cd767a7a923dd93c9680,faf95a75eaea88e91e9af6bda46847c0d371cb9e33d98530412f6f5dbb8b3e2a,5
P22_K9,RETAINED_CARRIER,J01_GRAPH_LEAN__SHARED_GRAPH_ONLY__S0,a0e221531c929f99c81ca3b3cb0206252c62d7d1d88e3a511d78fb9a8da47af6,0.503116940771713,0.6413602031061826,0.6407248205940319,0.579704513195391,0.6394078373631714,0.6413602031061826,9196,9196,9,47,47|515|637|698|782|1336|1416|1454|2311,47,47|515|637|698|782|1336|1416|1454|2311,0.9471050365906156,0.9223334666876275,0.07766253934807807,independent_evaluator_after_bank_lock,GEOM_LEIDEN_FEATURE,0,RNA_CHROMATIN,81b876e65acb51631fe12e6de8c0e5ec6e2b341e5e12cd767a7a923dd93c9680,faf95a75eaea88e91e9af6bda46847c0d371cb9e33d98530412f6f5dbb8b3e2a,30
P22_K9,RETAINED_CARRIER,J01_GRAPH_LEAN__CLUSTER_GRAPH_ONLY__S0,5ace1d59d19e3a08ba5a6c2a692046be912ddafe5016ab5df4f3e85efdf33470,0.5044344891896317,0.6430564168111945,0.6424239662648816,0.5807406320970459,0.6411853998917512,0.6430564168111946,9196,9196,9,44,44|517|643|700|789|1334|1415|1449|2305,44,44|517|643|700|789|1334|1415|1449|2305,0.9478045630650022,0.9206186540745327,0.07936299305183493,independent_evaluator_after_bank_lock,GEOM_LEIDEN_FEATURE,0,RNA_CHROMATIN,81b876e65acb51631fe12e6de8c0e5ec6e2b341e5e12cd767a7a923dd93c9680,faf95a75eaea88e91e9af6bda46847c0d371cb9e33d98530412f6f5dbb8b3e2a,13
P22_K9,RETAINED_CARRIER,J01_GRAPH_LEAN__ADDITIVE_SHARED__S0,151fe3c944cc6628e3ca5f9c5fc6b134cf6ec41460aade3144d55c97423d1110,0.5039971980679132,0.6424634499567671,0.641830038836314,0.5804394391146689,0.6405243292535122,0.6424634499567671,9196,9196,9,47,47|515|639|698|779|1338|1419|1452|2309,47,47|515|639|698|779|1338|1419|1452|2309,0.9470512268618166,0.9222244579363428,0.07777004235172164,independent_evaluator_after_bank_lock,GEOM_LEIDEN_FEATURE,0,RNA_CHROMATIN,81b876e65acb51631fe12e6de8c0e5ec6e2b341e5e12cd767a7a923dd93c9680,faf95a75eaea88e91e9af6bda46847c0d371cb9e33d98530412f6f5dbb8b3e2a,39
P22_K9,RETAINED_CARRIER,J01_GRAPH_LEAN__FULL__S0,e1029060a100493695857ef0c5f810ac8d90ea789e2d63d11b7936bf21334f11,0.5044962321840883,0.6432141811596417,0.6425819847798946,0.5808000886574756,0.6413182731698785,0.6432141811596417,9196,9196,9,44,44|516|643|700|788|1337|1415|1448|2305,44,44|516|643|700|788|1337|1415|1448|2305,0.9475893241498062,0.9204088778032458,0.0795739033182663,independent_evaluator_after_bank_lock,GEOM_LEIDEN_FEATURE,0,RNA_CHROMATIN,81b876e65acb51631fe12e6de8c0e5ec6e2b341e5e12cd767a7a923dd93c9680,faf95a75eaea88e91e9af6bda46847c0d371cb9e33d98530412f6f5dbb8b3e2a,14
P22_K9,RETAINED_CARRIER,J02_BALANCED__EMISSION_ONLY__S0,50f51535694d83ba9c2a49f2b1b382f9ca60317494f353f0b26902b4d5c65101,0.502201073348873,0.639363942108269,0.6387259606711951,0.5787564947498572,0.6380384397920337,0.6393639421082691,9196,9196,9,53,53|517|646|700|777|1337|1409|1463|2294,53,53|517|646|700|777|1337|1409|1463|2294,0.9425312096427034,0.9021171750426432,0.09783803242380977,independent_evaluator_after_bank_lock,GEOM_LEIDEN_FEATURE,0,RNA_CHROMATIN,81b876e65acb51631fe12e6de8c0e5ec6e2b341e5e12cd767a7a923dd93c9680,faf95a75eaea88e91e9af6bda46847c0d371cb9e33d98530412f6f5dbb8b3e2a,34
P22_K9,RETAINED_CARRIER,J02_BALANCED__SHARED_GRAPH_ONLY__S0,f2369f809ff598a76cb070ec0c9084edfb041750f47ebd78ed04f585740560d6,0.5035493670006321,0.6417667639193931,0.6411321544488302,0.5800480565344222,0.6398648846415717,0.6417667639193931,9196,9196,9,47,47|515|638|698|784|1336|1415|1454|2309,47,47|515|638|698|784|1336|1415|1454|2309,0.9471050365906156,0.9223692427566105,0.07762451597399382,independent_evaluator_after_bank_lock,GEOM_LEIDEN_FEATURE,0,RNA_CHROMATIN,81b876e65acb51631fe12e6de8c0e5ec6e2b341e5e12cd767a7a923dd93c9680,faf95a75eaea88e91e9af6bda46847c0d371cb9e33d98530412f6f5dbb8b3e2a,27
P22_K9,RETAINED_CARRIER,J02_BALANCED__CLUSTER_GRAPH_ONLY__S0,d789e07941f17e2adb361566c401e89549eec4d28535a43622b0f7cb2818ceda,0.5040207620916316,0.6426084891859873,0.6419752205757494,0.5804004644974577,0.6407148918822525,0.6426084891859875,9196,9196,9,44,44|517|642|699|790|1335|1413|1450|2306,44,44|517|642|699|790|1335|1413|1450|2306,0.9469436074042187,0.9197400360324051,0.08024355679355392,independent_evaluator_after_bank_lock,GEOM_LEIDEN_FEATURE,0,RNA_CHROMATIN,81b876e65acb51631fe12e6de8c0e5ec6e2b341e5e12cd767a7a923dd93c9680,faf95a75eaea88e91e9af6bda46847c0d371cb9e33d98530412f6f5dbb8b3e2a,7
P22_K9,RETAINED_CARRIER,J02_BALANCED__ADDITIVE_SHARED__S0,717698ed34989945002f29795aac49d1777508e272ba8b525ff63e226c1e4f63,0.5035341942834318,0.641848693628879,0.6412142016370929,0.5800427889952536,0.6399196351300146,0.6418486936288791,9196,9196,9,47,47|515|639|698|779|1339|1416|1455|2308,47,47|515|639|698|779|1339|1416|1455|2308,0.9465131295738269,0.9217110661550839,0.07827891738891729,independent_evaluator_after_bank_lock,GEOM_LEIDEN_FEATURE,0,RNA_CHROMATIN,81b876e65acb51631fe12e6de8c0e5ec6e2b341e5e12cd767a7a923dd93c9680,faf95a75eaea88e91e9af6bda46847c0d371cb9e33d98530412f6f5dbb8b3e2a,38
P22_K9,RETAINED_CARRIER,J02_BALANCED__FULL__S0,717dc852861c2bd9a9429f2ecda7b960dcf32e0c01790f041db6b98b98cbf883,0.5039784210451065,0.642441281913094,0.6418076886385627,0.5803765608069171,0.6405202196572652,0.6424412819130939,9196,9196,9,44,44|517|642|699|788|1336|1413|1450|2307,44,44|517|642|699|788|1336|1413|1450|2307,0.9468897976754197,0.9196399323382349,0.0803436696715415,independent_evaluator_after_bank_lock,GEOM_LEIDEN_FEATURE,0,RNA_CHROMATIN,81b876e65acb51631fe12e6de8c0e5ec6e2b341e5e12cd767a7a923dd93c9680,faf95a75eaea88e91e9af6bda46847c0d371cb9e33d98530412f6f5dbb8b3e2a,11
P22_K9,RETAINED_CARRIER,J03_EMISSION_LEAN__EMISSION_ONLY__S0,ebb7491e519fb51ae3b8c3cc4e3827a6d5ac2e9a32a12ef9cd9cca584d17e7e7,0.5019198269971027,0.638966580900569,0.6383289082187785,0.5784144610539429,0.6382071058000846,0.6389665809005689,9196,9196,9,63,63|515|646|700|773|1342|1407|1466|2284,63,63|515|646|700|773|1342|1407|1466|2284,0.939840723202755,0.8916596565892017,0.10827463625795797,independent_evaluator_after_bank_lock,GEOM_LEIDEN_FEATURE,0,RNA_CHROMATIN,81b876e65acb51631fe12e6de8c0e5ec6e2b341e5e12cd767a7a923dd93c9680,faf95a75eaea88e91e9af6bda46847c0d371cb9e33d98530412f6f5dbb8b3e2a,67
P22_K9,RETAINED_CARRIER,J03_EMISSION_LEAN__SHARED_GRAPH_ONLY__S0,85d4b5f8faef7c404fbce1f3d9d52adc75ef76586988a1bce028bf6d545e50b4,0.5036382409174023,0.641963023308294,0.6413288321057193,0.5800927683127937,0.6401299363404143,0.641963023308294,9196,9196,9,47,47|515|639|698|787|1335|1415|1454|2306,47,47|515|639|698|787|1335|1415|1454|2306,0.9469436074042187,0.9222004363459758,0.07778889994750522,independent_evaluator_after_bank_lock,GEOM_LEIDEN_FEATURE,0,RNA_CHROMATIN,81b876e65acb51631fe12e6de8c0e5ec6e2b341e5e12cd767a7a923dd93c9680,faf95a75eaea88e91e9af6bda46847c0d371cb9e33d98530412f6f5dbb8b3e2a,20
P22_K9,RETAINED_CARRIER,J03_EMISSION_LEAN__CLUSTER_GRAPH_ONLY__S0,5083d623ca6c8f9aa040786432468dce92e5e2929c99780987ce966ebdd7a204,0.5038370533965638,0.6422318886042997,0.641597949727357,0.5802463959384525,0.6403364621542021,0.6422318886042997,9196,9196,9,44,44|517|642|699|790|1333|1413|1452|2306,44,44|517|642|699|790|1333|1413|1452|2306,0.9466745587602239,0.9195060150766076,0.08047612076817363,independent_evaluator_after_bank_lock,GEOM_LEIDEN_FEATURE,0,RNA_CHROMATIN,81b876e65acb51631fe12e6de8c0e5ec6e2b341e5e12cd767a7a923dd93c9680,faf95a75eaea88e91e9af6bda46847c0d371cb9e33d98530412f6f5dbb8b3e2a,5
P22_K9,RETAINED_CARRIER,J03_EMISSION_LEAN__ADDITIVE_SHARED__S0,4351f99931c2b6f8776e1fabf22744a87199b93da4abdf459adf928b17022c89,0.503671277082001,0.6419977505296671,0.6413635150941575,0.580156955419692,0.6400614083193773,0.6419977505296671,9196,9196,9,47,47|514|641|698|776|1339|1415|1460|2306,47,47|514|641|698|776|1339|1415|1460|2306,0.9458674128282394,0.921001157774135,0.07898118116136543,independent_evaluator_after_bank_lock,GEOM_LEIDEN_FEATURE,0,RNA_CHROMATIN,81b876e65acb51631fe12e6de8c0e5ec6e2b341e5e12cd767a7a923dd93c9680,faf95a75eaea88e91e9af6bda46847c0d371cb9e33d98530412f6f5dbb8b3e2a,44
P22_K9,RETAINED_CARRIER,J03_EMISSION_LEAN__FULL__S0,2cb688453e79ff5dd4dc9804c5630c0c11c86f849bbad62138efa7f62271e2ab,0.5032809038000554,0.6417404540885259,0.6411055942367458,0.5797963845404731,0.6397969074789723,0.641740454088526,9196,9196,9,44,44|518|642|699|784|1338|1408|1456|2307,44,44|518|642|699|784|1338|1408|1456|2307,0.9462440809298321,0.9190310025762953,0.0809433383766923,independent_evaluator_after_bank_lock,GEOM_LEIDEN_FEATURE,0,RNA_CHROMATIN,81b876e65acb51631fe12e6de8c0e5ec6e2b341e5e12cd767a7a923dd93c9680,faf95a75eaea88e91e9af6bda46847c0d371cb9e33d98530412f6f5dbb8b3e2a,17
PLACENTA_K10,RETAINED_CARRIER,INPUT_GEOMETRY_START,855bbf17a6e5e0533c67f2b75f43f239924ffc78ed14f38d348da5d51f7ca0cd,0.4634017685769465,0.5836917415201206,0.5783295418532798,0.5531578011848202,0.6307767613328216,0.5836917415201205,1662,1662,10,67,67|74|97|108|136|145|231|254|271|279,67,67|74|97|108|136|145|231|254|271|279,0.24530572941742898,0.1925159937320044,0.8199771142812861,independent_evaluator_after_bank_lock,GEOM_FEATURE_NCUT_K24,0,RNA_CHROMATIN,9fc448845a99459fa1eb470f7161c3fae49c3fb49ee1c977917d19d4bd87a9e4,800435cc9d3f48fb808df5aa52b7134825ca44d99e0dcfcb3fa8b7758cc180e9,0
PLACENTA_K10,RETAINED_CARRIER,J01_GRAPH_LEAN__EMISSION_ONLY__S0,855bbf17a6e5e0533c67f2b75f43f239924ffc78ed14f38d348da5d51f7ca0cd,0.4634017685769465,0.5836917415201206,0.5783295418532798,0.5531578011848202,0.6307767613328216,0.5836917415201205,1662,1662,10,67,67|74|97|108|136|145|231|254|271|279,67,67|74|97|108|136|145|231|254|271|279,0.24530572941742898,0.1925159937320044,0.8199771142812861,independent_evaluator_after_bank_lock,GEOM_FEATURE_NCUT_K24,0,RNA_CHROMATIN,9fc448845a99459fa1eb470f7161c3fae49c3fb49ee1c977917d19d4bd87a9e4,800435cc9d3f48fb808df5aa52b7134825ca44d99e0dcfcb3fa8b7758cc180e9,0
PLACENTA_K10,RETAINED_CARRIER,J01_GRAPH_LEAN__SHARED_GRAPH_ONLY__S0,2b22829af857e3bc66e4de249f4a2e18af7792cc5b0243f0b4c985e7693df5fc,0.4620802184644071,0.5903967459331585,0.5850728145383782,0.5518544598561993,0.6332586604490045,0.5903967459331585,1662,1662,10,59,59|72|90|105|107|142|238|261|285|303,59,59|72|90|105|107|142|238|261|285|303,0.27419354838709675,0.2328035720037569,0.7792662101807395,independent_evaluator_after_bank_lock,GEOM_FEATURE_NCUT_K24,0,RNA_CHROMATIN,9fc448845a99459fa1eb470f7161c3fae49c3fb49ee1c977917d19d4bd87a9e4,800435cc9d3f48fb808df5aa52b7134825ca44d99e0dcfcb3fa8b7758cc180e9,83
PLACENTA_K10,RETAINED_CARRIER,J01_GRAPH_LEAN__CLUSTER_GRAPH_ONLY__S0,05cbe405ed604e32169b912dbd1d4b2ce602dafc1546a0a79d1da59f91fad76b,0.4692600073273076,0.6038006267555805,0.5986493735400005,0.5580420869528916,0.6475421098445623,0.6038006267555805,1662,1662,10,62,62|71|87|104|108|141|240|258|287|304,62,62|71|87|104|108|141|240|258|287|304,0.26119402985074625,0.2153227788711945,0.7969360064025736,independent_evaluator_after_bank_lock,GEOM_FEATURE_NCUT_K24,0,RNA_CHROMATIN,9fc448845a99459fa1eb470f7161c3fae49c3fb49ee1c977917d19d4bd87a9e4,800435cc9d3f48fb808df5aa52b7134825ca44d99e0dcfcb3fa8b7758cc180e9,86
PLACENTA_K10,RETAINED_CARRIER,J01_GRAPH_LEAN__ADDITIVE_SHARED__S0,4814ded7d829338737167e20759585629b7ff413b6be92dcec4f6bfb0f336361,0.46308217265005797,0.5914914595681422,0.5861854626692345,0.5527181363832926,0.6347862605914016,0.5914914595681422,1662,1662,10,59,59|72|90|107|108|142|241|261|284|298,59,59|72|90|107|108|142|241|261|284|298,0.27395281656234954,0.2318736554617372,0.7806022959602243,independent_evaluator_after_bank_lock,GEOM_FEATURE_NCUT_K24,0,RNA_CHROMATIN,9fc448845a99459fa1eb470f7161c3fae49c3fb49ee1c977917d19d4bd87a9e4,800435cc9d3f48fb808df5aa52b7134825ca44d99e0dcfcb3fa8b7758cc180e9,79
PLACENTA_K10,RETAINED_CARRIER,J01_GRAPH_LEAN__FULL__S0,4040a4855096945bae19feb836625cf5238228949218a7f74fecc58b7753855e,0.4711563053985653,0.6062187653803471,0.6011009852869275,0.5596783623759438,0.6503401888919377,0.6062187653803472,1662,1662,10,62,62|71|87|104|110|141|241|257|287|302,62,62|71|87|104|110|141|241|257|287|302,0.2614347616754935,0.2152130994870883,0.797030563462739,independent_evaluator_after_bank_lock,GEOM_FEATURE_NCUT_K24,0,RNA_CHROMATIN,9fc448845a99459fa1eb470f7161c3fae49c3fb49ee1c977917d19d4bd87a9e4,800435cc9d3f48fb808df5aa52b7134825ca44d99e0dcfcb3fa8b7758cc180e9,84
PLACENTA_K10,RETAINED_CARRIER,J02_BALANCED__EMISSION_ONLY__S0,855bbf17a6e5e0533c67f2b75f43f239924ffc78ed14f38d348da5d51f7ca0cd,0.4634017685769465,0.5836917415201206,0.5783295418532798,0.5531578011848202,0.6307767613328216,0.5836917415201205,1662,1662,10,67,67|74|97|108|136|145|231|254|271|279,67,67|74|97|108|136|145|231|254|271|279,0.24530572941742898,0.1925159937320044,0.8199771142812861,independent_evaluator_after_bank_lock,GEOM_FEATURE_NCUT_K24,0,RNA_CHROMATIN,9fc448845a99459fa1eb470f7161c3fae49c3fb49ee1c977917d19d4bd87a9e4,800435cc9d3f48fb808df5aa52b7134825ca44d99e0dcfcb3fa8b7758cc180e9,0
PLACENTA_K10,RETAINED_CARRIER,J02_BALANCED__SHARED_GRAPH_ONLY__S0,a0858a5d37d18b773f6810a74b76916c75660b48f6ffd0ec84614e4ec52f259e,0.46403100153636023,0.5910143558960088,0.585707114851955,0.5535408016268696,0.6347445964710599,0.5910143558960088,1662,1662,10,59,59|72|91|107|112|142|241|260|283|295,59,59|72|91|107|112|142|241|260|283|295,0.27130476649013,0.2293852457772866,0.7836364252737285,independent_evaluator_after_bank_lock,GEOM_FEATURE_NCUT_K24,0,RNA_CHROMATIN,9fc448845a99459fa1eb470f7161c3fae49c3fb49ee1c977917d19d4bd87a9e4,800435cc9d3f48fb808df5aa52b7134825ca44d99e0dcfcb3fa8b7758cc180e9,69
PLACENTA_K10,RETAINED_CARRIER,J02_BALANCED__CLUSTER_GRAPH_ONLY__S0,8bd8f721f91692d5b94c7ad43555d1f6fcc9990246fc76d48c44e837625cc9d4,0.4693227053184391,0.6038769464597794,0.5987273312104282,0.5580965615135997,0.6476733779121807,0.6038769464597794,1662,1662,10,62,62|70|87|104|110|141|239|259|287|303,62,62|70|87|104|110|141|239|259|287|303,0.26047183437650456,0.21428434194714613,0.7979808165110833,independent_evaluator_after_bank_lock,GEOM_FEATURE_NCUT_K24,0,RNA_CHROMATIN,9fc448845a99459fa1eb470f7161c3fae49c3fb49ee1c977917d19d4bd87a9e4,800435cc9d3f48fb808df5aa52b7134825ca44d99e0dcfcb3fa8b7758cc180e9,80
PLACENTA_K10,RETAINED_CARRIER,J02_BALANCED__ADDITIVE_SHARED__S0,c6a6a3823fdc10988bf0276091309d53d5377eb0bdcf7fed01e48b7628400568,0.4644069276212047,0.5924512742848509,0.5871637454138332,0.5538666512795669,0.6364013946087838,0.5924512742848511,1662,1662,10,59,59|73|91|107|112|142|240|260|283|295,59,59|73|91|107|112|142|240|260|283|295,0.2698603755416466,0.22884911469627625,0.7843714960676481,independent_evaluator_after_bank_lock,GEOM_FEATURE_NCUT_K24,0,RNA_CHROMATIN,9fc448845a99459fa1eb470f7161c3fae49c3fb49ee1c977917d19d4bd87a9e4,800435cc9d3f48fb808df5aa52b7134825ca44d99e0dcfcb3fa8b7758cc180e9,67
PLACENTA_K10,RETAINED_CARRIER,J02_BALANCED__FULL__S0,7969fd3a2421aec847a13dcbde1d3bf84c2188ad5d73bfc58138fdabab415677,0.46746439789968924,0.599652958259705,0.5944490828427866,0.5564953148129608,0.6431806673574082,0.599652958259705,1662,1662,10,61,61|70|87|105|111|141|238|260|287|302,61,61|70|87|105|111|141|238|260|287|302,0.26095329802599904,0.21576540243013792,0.7966852301462097,independent_evaluator_after_bank_lock,GEOM_FEATURE_NCUT_K24,0,RNA_CHROMATIN,9fc448845a99459fa1eb470f7161c3fae49c3fb49ee1c977917d19d4bd87a9e4,800435cc9d3f48fb808df5aa52b7134825ca44d99e0dcfcb3fa8b7758cc180e9,76
PLACENTA_K10,RETAINED_CARRIER,J03_EMISSION_LEAN__EMISSION_ONLY__S0,855bbf17a6e5e0533c67f2b75f43f239924ffc78ed14f38d348da5d51f7ca0cd,0.4634017685769465,0.5836917415201206,0.5783295418532798,0.5531578011848202,0.6307767613328216,0.5836917415201205,1662,1662,10,67,67|74|97|108|136|145|231|254|271|279,67,67|74|97|108|136|145|231|254|271|279,0.24530572941742898,0.1925159937320044,0.8199771142812861,independent_evaluator_after_bank_lock,GEOM_FEATURE_NCUT_K24,0,RNA_CHROMATIN,9fc448845a99459fa1eb470f7161c3fae49c3fb49ee1c977917d19d4bd87a9e4,800435cc9d3f48fb808df5aa52b7134825ca44d99e0dcfcb3fa8b7758cc180e9,0
PLACENTA_K10,RETAINED_CARRIER,J03_EMISSION_LEAN__SHARED_GRAPH_ONLY__S0,f1ded7109aba2ad9e3d37dcdfd53818630a22f9ff293dc63469751ae62e1789b,0.4659695746676175,0.5935631331349166,0.5882953368079215,0.5552286790548019,0.6381036567726242,0.5935631331349165,1662,1662,10,59,59|73|91|107|117|142|243|262|280|288,59,59|73|91|107|117|142|243|262|280|288,0.2672123254694271,0.22567026791994255,0.7875596634890527,independent_evaluator_after_bank_lock,GEOM_FEATURE_NCUT_K24,0,RNA_CHROMATIN,9fc448845a99459fa1eb470f7161c3fae49c3fb49ee1c977917d19d4bd87a9e4,800435cc9d3f48fb808df5aa52b7134825ca44d99e0dcfcb3fa8b7758cc180e9,55
PLACENTA_K10,RETAINED_CARRIER,J03_EMISSION_LEAN__CLUSTER_GRAPH_ONLY__S0,f1e9c61bb7d6eca37616c6dbec4b383c6401fbf8b003ddb37776d071e258d057,0.46876275753502367,0.5966177677742831,0.5913838946944854,0.5576288048946387,0.6408798435014277,0.5966177677742832,1662,1662,10,62,62|71|87|105|117|142|240|261|286|291,62,62|71|87|105|117|142|240|261|286|291,0.2568608570052961,0.2113184365930517,0.8013639536444248,independent_evaluator_after_bank_lock,GEOM_FEATURE_NCUT_K24,0,RNA_CHROMATIN,9fc448845a99459fa1eb470f7161c3fae49c3fb49ee1c977917d19d4bd87a9e4,800435cc9d3f48fb808df5aa52b7134825ca44d99e0dcfcb3fa8b7758cc180e9,60
PLACENTA_K10,RETAINED_CARRIER,J03_EMISSION_LEAN__ADDITIVE_SHARED__S0,f5bcc0ec29714cf7a2b3b8b44cada01505cd6fc69393ef1938fdaf14b088b7a3,0.46562093199972826,0.5917414466951454,0.5864506160915781,0.5549274484570363,0.6361885146225001,0.5917414466951453,1662,1662,10,59,59|72|93|107|117|143|238|259|283|291,59,59|72|93|107|117|143|238|259|283|291,0.26576793452094366,0.22392594647533057,0.7895549542514615,independent_evaluator_after_bank_lock,GEOM_FEATURE_NCUT_K24,0,RNA_CHROMATIN,9fc448845a99459fa1eb470f7161c3fae49c3fb49ee1c977917d19d4bd87a9e4,800435cc9d3f48fb808df5aa52b7134825ca44d99e0dcfcb3fa8b7758cc180e9,52
PLACENTA_K10,RETAINED_CARRIER,J03_EMISSION_LEAN__FULL__S0,178d6a040dd4d7f61d55897818620b466d04928839c4d7ab818c82f4141afd70,0.46667617667089634,0.59701637492566,0.5917862972911488,0.5558240503002494,0.6411480494925147,0.59701637492566,1662,1662,10,61,61|71|87|106|116|142|240|260|283|296,61,61|71|87|106|116|142|240|260|283|296,0.2590274434280212,0.21442765028173358,0.7985635431429534,independent_evaluator_after_bank_lock,GEOM_FEATURE_NCUT_K24,0,RNA_CHROMATIN,9fc448845a99459fa1eb470f7161c3fae49c3fb49ee1c977917d19d4bd87a9e4,800435cc9d3f48fb808df5aa52b7134825ca44d99e0dcfcb3fa8b7758cc180e9,59
PLACENTA_K10,RETAINED_CARRIER,INPUT_GEOMETRY_START,7d4b403e0b18d5bfee69cd56a29878a62436e680a0363eaf133c9c9020fd30f2,0.5351464387496713,0.5920843173869431,0.586518004130109,0.6174613565940611,0.6092818192888247,0.5920843173869431,1662,1662,10,49,49|57|62|63|95|104|130|289|353|460,49,49|57|62|63|95|104|130|289|353|460,0.30765527202696197,0.20590821666621428,0.8020675404693982,independent_evaluator_after_bank_lock,GEOM_LEIDEN_FEATURE,0,RNA_CHROMATIN,bf2ab34feb993f375dc9b05b0db5e710800b566faf6e5f5f857d5701b90cf21d,e99bd6c15a99dff2f8e72657ad484b1e8323c91cfa5a58b0032b30ea799e252f,0
PLACENTA_K10,RETAINED_CARRIER,J01_GRAPH_LEAN__EMISSION_ONLY__S0,7d4b403e0b18d5bfee69cd56a29878a62436e680a0363eaf133c9c9020fd30f2,0.5351464387496713,0.5920843173869431,0.586518004130109,0.6174613565940611,0.6092818192888247,0.5920843173869431,1662,1662,10,49,49|57|62|63|95|104|130|289|353|460,49,49|57|62|63|95|104|130|289|353|460,0.30765527202696197,0.20590821666621428,0.8020675404693982,independent_evaluator_after_bank_lock,GEOM_LEIDEN_FEATURE,0,RNA_CHROMATIN,bf2ab34feb993f375dc9b05b0db5e710800b566faf6e5f5f857d5701b90cf21d,e99bd6c15a99dff2f8e72657ad484b1e8323c91cfa5a58b0032b30ea799e252f,0
PLACENTA_K10,RETAINED_CARRIER,J01_GRAPH_LEAN__SHARED_GRAPH_ONLY__S0,5340d6fb6bfc0fd9d5ea1c9d10d1042af4faf3bc54a67d4b074fc302d8b2976a,0.5352075661915441,0.6098148216473414,0.6044393761677033,0.6191968882465223,0.6221611909115199,0.6098148216473414,1662,1662,10,48,48|53|57|59|91|98|120|295|355|486,48,48|53|57|59|91|98|120|295|355|486,0.33269138180067404,0.2386847209048247,0.7721784827723356,independent_evaluator_after_bank_lock,GEOM_LEIDEN_FEATURE,0,RNA_CHROMATIN,bf2ab34feb993f375dc9b05b0db5e710800b566faf6e5f5f857d5701b90cf21d,e99bd6c15a99dff2f8e72657ad484b1e8323c91cfa5a58b0032b30ea799e252f,51
PLACENTA_K10,RETAINED_CARRIER,J01_GRAPH_LEAN__CLUSTER_GRAPH_ONLY__S0,bb664a9dc05f3df5e5e8505679cb4398bf6f41836e1424e5857cdc879691c956,0.5485070748717413,0.6281880368171037,0.6230557031259363,0.6305037620011537,0.639528906992424,0.6281880368171037,1662,1662,10,43,43|53|56|61|88|99|120|290|362|490,43,43|53|56|61|88|99|120|290|362|490,0.3247472315840154,0.22039558620884153,0.788034273803975,independent_evaluator_after_bank_lock,GEOM_LEIDEN_FEATURE,0,RNA_CHROMATIN,bf2ab34feb993f375dc9b05b0db5e710800b566faf6e5f5f857d5701b90cf21d,e99bd6c15a99dff2f8e72657ad484b1e8323c91cfa5a58b0032b30ea799e252f,66
PLACENTA_K10,RETAINED_CARRIER,J01_GRAPH_LEAN__ADDITIVE_SHARED__S0,4666405ca94ecbdcd554fdf09791f228c76cf8bbe54ea4886f6965c5ce1a9e89,0.536990604039835,0.6099975556156199,0.6046257794533868,0.6206303798704107,0.6224952442115665,0.60999755561562,1662,1662,10,48,48|54|57|59|91|98|120|293|356|486,48,48|54|57|59|91|98|120|293|356|486,0.33124699085219067,0.23736651521972366,0.773198434796359,independent_evaluator_after_bank_lock,GEOM_LEIDEN_FEATURE,0,RNA_CHROMATIN,bf2ab34feb993f375dc9b05b0db5e710800b566faf6e5f5f857d5701b90cf21d,e99bd6c15a99dff2f8e72657ad484b1e8323c91cfa5a58b0032b30ea799e252f,51
PLACENTA_K10,RETAINED_CARRIER,J01_GRAPH_LEAN__FULL__S0,8a299103339e7d5e988692e78938ee95efc07ca3acc74380d002272132ceb990,0.5499475674157077,0.630558755886357,0.625464230122129,0.6315110220388647,0.6425723843808075,0.6305587558863569,1662,1662,10,44,44|53|56|62|89|99|121|288|361|489,44,44|53|56|62|89|99|121|288|361|489,0.32402503610977373,0.21823575673357803,0.7890287231347237,independent_evaluator_after_bank_lock,GEOM_LEIDEN_FEATURE,0,RNA_CHROMATIN,bf2ab34feb993f375dc9b05b0db5e710800b566faf6e5f5f857d5701b90cf21d,e99bd6c15a99dff2f8e72657ad484b1e8323c91cfa5a58b0032b30ea799e252f,65
PLACENTA_K10,RETAINED_CARRIER,J02_BALANCED__EMISSION_ONLY__S0,7d4b403e0b18d5bfee69cd56a29878a62436e680a0363eaf133c9c9020fd30f2,0.5351464387496713,0.5920843173869431,0.586518004130109,0.6174613565940611,0.6092818192888247,0.5920843173869431,1662,1662,10,49,49|57|62|63|95|104|130|289|353|460,49,49|57|62|63|95|104|130|289|353|460,0.30765527202696197,0.20590821666621428,0.8020675404693982,independent_evaluator_after_bank_lock,GEOM_LEIDEN_FEATURE,0,RNA_CHROMATIN,bf2ab34feb993f375dc9b05b0db5e710800b566faf6e5f5f857d5701b90cf21d,e99bd6c15a99dff2f8e72657ad484b1e8323c91cfa5a58b0032b30ea799e252f,0
PLACENTA_K10,RETAINED_CARRIER,J02_BALANCED__SHARED_GRAPH_ONLY__S0,f872d77717455c152ce5c8b3324479f4e70425ab19e3601001fba028c8dd8552,0.5354721606412992,0.608931129202745,0.6035476352574799,0.6192834075019155,0.6217199283994101,0.608931129202745,1662,1662,10,48,48|54|58|59|91|98|121|293|355|485,48,48|54|58|59|91|98|121|293|355|485,0.3310062590274434,0.23678504578300824,0.773359828087848,independent_evaluator_after_bank_lock,GEOM_LEIDEN_FEATURE,0,RNA_CHROMATIN,bf2ab34feb993f375dc9b05b0db5e710800b566faf6e5f5f857d5701b90cf21d,e99bd6c15a99dff2f8e72657ad484b1e8323c91cfa5a58b0032b30ea799e252f,46
PLACENTA_K10,RETAINED_CARRIER,J02_BALANCED__CLUSTER_GRAPH_ONLY__S0,4d59c7deb335bc90b36f8ae9e5c8913313e0c42b91266f9a2fd421c963ce3a94,0.5440647441775383,0.6258746100165798,0.6207173076098172,0.6266072991524191,0.637909041236527,0.6258746100165798,1662,1662,10,43,43|53|56|62|89|99|123|290|360|487,43,43|53|56|62|89|99|123|290|360|487,0.32209918151179584,0.21638611006099712,0.7906730816907512,independent_evaluator_after_bank_lock,GEOM_LEIDEN_FEATURE,0,RNA_CHROMATIN,bf2ab34feb993f375dc9b05b0db5e710800b566faf6e5f5f857d5701b90cf21d,e99bd6c15a99dff2f8e72657ad484b1e8323c91cfa5a58b0032b30ea799e252f,54
PLACENTA_K10,RETAINED_CARRIER,J02_BALANCED__ADDITIVE_SHARED__S0,db319dfe8b5c26e267ad58590b77c5a9d71bfb0e9bac1fadb80639c65b77bbd8,0.5401174133492248,0.6112482834642304,0.6059045847467848,0.6228069597262861,0.6249084744865211,0.6112482834642304,1662,1662,10,48,48|54|59|60|92|98|123|292|356|480,48,48|54|59|60|92|98|123|292|356|480,0.32739528165623494,0.23356473261337976,0.7756912906182265,independent_evaluator_after_bank_lock,GEOM_LEIDEN_FEATURE,0,RNA_CHROMATIN,bf2ab34feb993f375dc9b05b0db5e710800b566faf6e5f5f857d5701b90cf21d,e99bd6c15a99dff2f8e72657ad484b1e8323c91cfa5a58b0032b30ea799e252f,40
PLACENTA_K10,RETAINED_CARRIER,J02_BALANCED__FULL__S0,be375f49cd320d655ba0c3a4417f03c4f49dbfaefcbafc63f16074ae5e5cf274,0.5487929027541869,0.6281569034845949,0.6230332964423263,0.6303840390697543,0.6405852484056436,0.6281569034845947,1662,1662,10,44,44|53|57|62|89|99|122|290|361|485,44,44|53|57|62|89|99|122|290|361|485,0.32137698603755416,0.21701791784602,0.7899139638058973,independent_evaluator_after_bank_lock,GEOM_LEIDEN_FEATURE,0,RNA_CHROMATIN,bf2ab34feb993f375dc9b05b0db5e710800b566faf6e5f5f857d5701b90cf21d,e99bd6c15a99dff2f8e72657ad484b1e8323c91cfa5a58b0032b30ea799e252f,56
PLACENTA_K10,RETAINED_CARRIER,J03_EMISSION_LEAN__EMISSION_ONLY__S0,57230a74c9d441064667db7cab922eee0873b423cd7010c3333867ccc69d62bb,0.537029746281375,0.5954524651683639,0.5899322191399269,0.6190072245173752,0.6127569638544236,0.5954524651683639,1662,1662,10,49,49|57|62|63|94|105|130|290|352|460,49,49|57|62|63|94|105|130|290|352|460,0.3078960038517092,0.20603347382434695,0.8019389100204043,independent_evaluator_after_bank_lock,GEOM_LEIDEN_FEATURE,0,RNA_CHROMATIN,bf2ab34feb993f375dc9b05b0db5e710800b566faf6e5f5f857d5701b90cf21d,e99bd6c15a99dff2f8e72657ad484b1e8323c91cfa5a58b0032b30ea799e252f,2
PLACENTA_K10,RETAINED_CARRIER,J03_EMISSION_LEAN__SHARED_GRAPH_ONLY__S0,28e878919de8d274c3194892e3b09c37074e924f234f5d857895ab7ec9bea2cd,0.5380351484387872,0.6090503090992454,0.6036860758543775,0.6207523334336404,0.6237263634208902,0.6090503090992454,1662,1662,10,49,49|54|61|61|92|97|126|292|356|474,49,49|54|61|61|92|97|126|292|356|474,0.32354357246027926,0.22845353381608557,0.7803732194006485,independent_evaluator_after_bank_lock,GEOM_LEIDEN_FEATURE,0,RNA_CHROMATIN,bf2ab34feb993f375dc9b05b0db5e710800b566faf6e5f5f857d5701b90cf21d,e99bd6c15a99dff2f8e72657ad484b1e8323c91cfa5a58b0032b30ea799e252f,29
PLACENTA_K10,RETAINED_CARRIER,J03_EMISSION_LEAN__CLUSTER_GRAPH_ONLY__S0,eb06238419c699024e6a23852672b283bfdcc8070771e310fe347c6e31b1d396,0.5422362071191034,0.621698438541339,0.6164878265040097,0.624918249089605,0.634124179668605,0.621698438541339,1662,1662,10,43,43|53|57|62|89|99|124|293|359|483,43,43|53|57|62|89|99|124|293|359|483,0.32113625421280695,0.2168342748357245,0.7899524914913594,independent_evaluator_after_bank_lock,GEOM_LEIDEN_FEATURE,0,RNA_CHROMATIN,bf2ab34feb993f375dc9b05b0db5e710800b566faf6e5f5f857d5701b90cf21d,e99bd6c15a99dff2f8e72657ad484b1e8323c91cfa5a58b0032b30ea799e252f,47
PLACENTA_K10,RETAINED_CARRIER,J03_EMISSION_LEAN__ADDITIVE_SHARED__S0,ba4663c36bde076f7dbac1c2ffe39ed5e271ff158c443f6d93aabb1a12c34497,0.5424840395518955,0.6098976274986673,0.6045446988142792,0.6244208639338159,0.624466516135018,0.6098976274986673,1662,1662,10,48,48|53|61|61|92|99|126|292|356|474,48,48|53|61|61|92|99|126|292|356|474,0.3223399133365431,0.22488776578707306,0.7838062968753092,independent_evaluator_after_bank_lock,GEOM_LEIDEN_FEATURE,0,RNA_CHROMATIN,bf2ab34feb993f375dc9b05b0db5e710800b566faf6e5f5f857d5701b90cf21d,e99bd6c15a99dff2f8e72657ad484b1e8323c91cfa5a58b0032b30ea799e252f,29
PLACENTA_K10,RETAINED_CARRIER,J03_EMISSION_LEAN__FULL__S0,6918f8bf265fd84cb4834e478eb96f17a8812161e1afd1a5ce09764d71d00d3b,0.5510007924725191,0.625390581256051,0.6202352303941201,0.6319357400674643,0.6383516342331986,0.6253905812560508,1662,1662,10,43,43|52|58|63|88|101|125|291|362|479,43,43|52|58|63|88|101|125|291|362|479,0.3194511314395763,0.21429993277463866,0.7919208328771206,independent_evaluator_after_bank_lock,GEOM_LEIDEN_FEATURE,0,RNA_CHROMATIN,bf2ab34feb993f375dc9b05b0db5e710800b566faf6e5f5f857d5701b90cf21d,e99bd6c15a99dff2f8e72657ad484b1e8323c91cfa5a58b0032b30ea799e252f,46
TONSIL_S1_K4,RETAINED_CARRIER,INPUT_GEOMETRY_START,a355e13654e999de1db1edc8def2091cc112878407894b51acea22dfd66a6047,0.19314335941552432,0.2545209192485351,0.25387838083700776,0.4667680511395304,0.29073102114720445,0.2545209192485351,4326,4326,4,696,696|1116|1248|1266,696,696|1116|1248|1266,0.7690927441964787,0.6903306585422323,0.30793806630515413,independent_evaluator_after_bank_lock,GEOM_FEATURE_NCUT_K24,0,RNA_PROTEIN,70bc428c4d8ab3583e79652ccf78167b19391c2957ee21730aa0950d4d77b99a,fd9a44ef7865a0e2be860ebbe536f1f18dc72d8024cec33776e0ae075bf2345b,0
TONSIL_S1_K4,RETAINED_CARRIER,J01_GRAPH_LEAN__EMISSION_ONLY__S0,7a0b9ef98d44fedfb00b3ce4b8479d207f92de890602ba235949e3a8b21fdb4d,0.19291580390827048,0.2542353512782012,0.2535925316453273,0.4666331439816346,0.29038926966644196,0.2542353512782011,4326,4326,4,695,695|1116|1251|1264,695,695|1116|1251|1264,0.7699899069193675,0.6914786462263423,0.3067462840013568,independent_evaluator_after_bank_lock,GEOM_FEATURE_NCUT_K24,0,RNA_PROTEIN,70bc428c4d8ab3583e79652ccf78167b19391c2957ee21730aa0950d4d77b99a,fd9a44ef7865a0e2be860ebbe536f1f18dc72d8024cec33776e0ae075bf2345b,3
TONSIL_S1_K4,RETAINED_CARRIER,J01_GRAPH_LEAN__SHARED_GRAPH_ONLY__S0,e7ed91e602b1c144955ec6973cf861df40932c8d96ae6e7a1bbc7edf7cd89bc3,0.20487641748904803,0.2664800295185341,0.26584637535268235,0.4759391457544005,0.30371961892634103,0.2664800295185341,4326,4326,4,664,664|1097|1255|1310,664,664|1097|1255|1310,0.7949983178198946,0.7260939911915765,0.2721174727616144,independent_evaluator_after_bank_lock,GEOM_FEATURE_NCUT_K24,0,RNA_PROTEIN,70bc428c4d8ab3583e79652ccf78167b19391c2957ee21730aa0950d4d77b99a,fd9a44ef7865a0e2be860ebbe536f1f18dc72d8024cec33776e0ae075bf2345b,131
TONSIL_S1_K4,RETAINED_CARRIER,J01_GRAPH_LEAN__CLUSTER_GRAPH_ONLY__S0,4396cab3b6ece71c1b3b7a879fb8f7e0fcf3b96dc02ed3aac111700d7f56dfb4,0.19724213057995676,0.2569898177696407,0.25634845238156095,0.47031617601485476,0.29312128943519095,0.2569898177696407,4326,4326,4,677,677|1092|1255|1302,677,677|1092|1255|1302,0.7753728832567007,0.6979625042746433,0.30029514270317503,independent_evaluator_after_bank_lock,GEOM_FEATURE_NCUT_K24,0,RNA_PROTEIN,70bc428c4d8ab3583e79652ccf78167b19391c2957ee21730aa0950d4d77b99a,fd9a44ef7865a0e2be860ebbe536f1f18dc72d8024cec33776e0ae075bf2345b,70
TONSIL_S1_K4,RETAINED_CARRIER,J01_GRAPH_LEAN__ADDITIVE_SHARED__S0,053ee843f2a2c24b717b9bf95543da56576859b66b6ac697e02f98ddb486366a,0.20635031268045143,0.2691944095334278,0.2685631468793378,0.4769296695689564,0.3068356150635187,0.2691944095334279,4326,4326,4,665,665|1097|1257|1307,665,665|1097|1257|1307,0.7958954805427835,0.7273455448794525,0.2708478998245232,independent_evaluator_after_bank_lock,GEOM_FEATURE_NCUT_K24,0,RNA_PROTEIN,70bc428c4d8ab3583e79652ccf78167b19391c2957ee21730aa0950d4d77b99a,fd9a44ef7865a0e2be860ebbe536f1f18dc72d8024cec33776e0ae075bf2345b,138
TONSIL_S1_K4,RETAINED_CARRIER,J01_GRAPH_LEAN__FULL__S0,1126caf21e0a233beb50b61e89f37b20e5b40d22056b03dcfde3923f010bd1d7,0.1973062474226681,0.2568945371442215,0.25625304629995493,0.47039021075009707,0.2929932327740277,0.25689453714422145,4326,4326,4,676,676|1091|1259|1300,676,676|1091|1259|1300,0.7759336099585062,0.6985900929358975,0.29962098834873313,independent_evaluator_after_bank_lock,GEOM_FEATURE_NCUT_K24,0,RNA_PROTEIN,70bc428c4d8ab3583e79652ccf78167b19391c2957ee21730aa0950d4d77b99a,fd9a44ef7865a0e2be860ebbe536f1f18dc72d8024cec33776e0ae075bf2345b,70
TONSIL_S1_K4,RETAINED_CARRIER,J02_BALANCED__EMISSION_ONLY__S0,aaa1d47086ea1b5364a8c35ffa877aa0a4588389317db7f6693884ccca6e3960,0.19532419117546013,0.25774167651641494,0.2571017922485753,0.4683732716388946,0.29435489888031313,0.25774167651641494,4326,4326,4,693,693|1114|1259|1260,693,693|1114|1259|1260,0.7727935404283952,0.6953491288768867,0.3028543890855586,independent_evaluator_after_bank_lock,GEOM_FEATURE_NCUT_K24,0,RNA_PROTEIN,70bc428c4d8ab3583e79652ccf78167b19391c2957ee21730aa0950d4d77b99a,fd9a44ef7865a0e2be860ebbe536f1f18dc72d8024cec33776e0ae075bf2345b,20
TONSIL_S1_K4,RETAINED_CARRIER,J02_BALANCED__SHARED_GRAPH_ONLY__S0,8645a1ba5405a64f13b49727ed96df36fa705285fcde446d2b4080d0fb1677fd,0.20320749170279792,0.26487656626775724,0.2642415171822074,0.47478107322449686,0.30188764361772724,0.26487656626775724,4326,4326,4,663,663|1100|1255|1308,663,663|1100|1255|1308,0.792306829651228,0.7226172745663064,0.27559003161216417,independent_evaluator_after_bank_lock,GEOM_FEATURE_NCUT_K24,0,RNA_PROTEIN,70bc428c4d8ab3583e79652ccf78167b19391c2957ee21730aa0950d4d77b99a,fd9a44ef7865a0e2be860ebbe536f1f18dc72d8024cec33776e0ae075bf2345b,111
TONSIL_S1_K4,RETAINED_CARRIER,J02_BALANCED__CLUSTER_GRAPH_ONLY__S0,1e47dee134b69b596d8b943b1c22aba3029d24fcd51a90889ac18e175d4e0380,0.19745706055565967,0.2565472973131479,0.255905584280297,0.47043585314151776,0.2926320426615059,0.25654729731314796,4326,4326,4,677,677|1095|1256|1298,677,677|1095|1256|1298,0.7750364472356174,0.6974131112091422,0.30083827822364595,independent_evaluator_after_bank_lock,GEOM_FEATURE_NCUT_K24,0,RNA_PROTEIN,70bc428c4d8ab3583e79652ccf78167b19391c2957ee21730aa0950d4d77b99a,fd9a44ef7865a0e2be860ebbe536f1f18dc72d8024cec33776e0ae075bf2345b,60
TONSIL_S1_K4,RETAINED_CARRIER,J02_BALANCED__ADDITIVE_SHARED__S0,ab37d6d848de8791168327db5dfc1d2a8b3ccdcdc51bf557408ffa18c95d01ce,0.2064385780746516,0.26945381336861407,0.2688231950500517,0.4767042628835388,0.3073322491459777,0.26945381336861407,4326,4326,4,675,675|1098|1258|1295,675,675|1098|1258|1295,0.7939890097566447,0.7248417570219874,0.2734215734301381,independent_evaluator_after_bank_lock,GEOM_FEATURE_NCUT_K24,0,RNA_PROTEIN,70bc428c4d8ab3583e79652ccf78167b19391c2957ee21730aa0950d4d77b99a,fd9a44ef7865a0e2be860ebbe536f1f18dc72d8024cec33776e0ae075bf2345b,121
TONSIL_S1_K4,RETAINED_CARRIER,J02_BALANCED__FULL__S0,e2f4e05b61f55c043fbd13fca8f55012077d4c69fba8cbc6c4b99b5e074d821d,0.1980370579572855,0.25753399268885846,0.25689311537024656,0.47084531760520243,0.29375042899439385,0.2575339926888585,4326,4326,4,676,676|1097|1258|1295,676,676|1097|1258|1295,0.7764943366603118,0.6992691170699509,0.29893391908868017,independent_evaluator_after_bank_lock,GEOM_FEATURE_NCUT_K24,0,RNA_PROTEIN,70bc428c4d8ab3583e79652ccf78167b19391c2957ee21730aa0950d4d77b99a,fd9a44ef7865a0e2be860ebbe536f1f18dc72d8024cec33776e0ae075bf2345b,61
TONSIL_S1_K4,RETAINED_CARRIER,J03_EMISSION_LEAN__EMISSION_ONLY__S0,1b3cbdd61b523f859edb91ee62a049e5bd94d85b3037d8e04ed4657dfc0f904d,0.19790143214862654,0.26103266574669337,0.26039552482955314,0.47024981287624734,0.2980700048532402,0.26103266574669337,4326,4326,4,693,693|1103|1254|1276,693,693|1103|1254|1276,0.7754850285970618,0.6985518258492053,0.2995937093431709,independent_evaluator_after_bank_lock,GEOM_FEATURE_NCUT_K24,0,RNA_PROTEIN,70bc428c4d8ab3583e79652ccf78167b19391c2957ee21730aa0950d4d77b99a,fd9a44ef7865a0e2be860ebbe536f1f18dc72d8024cec33776e0ae075bf2345b,44
TONSIL_S1_K4,RETAINED_CARRIER,J03_EMISSION_LEAN__SHARED_GRAPH_ONLY__S0,539a76103b2c94ab0da41df228e6012e480e5c52cdb2410f2df99df0cad57085,0.20112160532355458,0.262843768876877,0.26220728788668607,0.47310665938553703,0.2997206741288507,0.26284376887687694,4326,4326,4,670,670|1103|1256|1297,670,670|1103|1256|1297,0.7888303241000336,0.7178837927597153,0.2803819606420822,independent_evaluator_after_bank_lock,GEOM_FEATURE_NCUT_K24,0,RNA_PROTEIN,70bc428c4d8ab3583e79652ccf78167b19391c2957ee21730aa0950d4d77b99a,fd9a44ef7865a0e2be860ebbe536f1f18dc72d8024cec33776e0ae075bf2345b,87
TONSIL_S1_K4,RETAINED_CARRIER,J03_EMISSION_LEAN__CLUSTER_GRAPH_ONLY__S0,5b34ad16abf8227a67d3dca3a54baf0f881e72d6a8cfa3efe36b198a7f7462e0,0.19567811511174285,0.2556936158593671,0.25505133202626,0.46907036145223113,0.291732600331858,0.2556936158593672,4326,4326,4,679,679|1104|1253|1290,679,679|1104|1253|1290,0.7727935404283952,0.6947272778019712,0.30352682146138554,independent_evaluator_after_bank_lock,GEOM_FEATURE_NCUT_K24,0,RNA_PROTEIN,70bc428c4d8ab3583e79652ccf78167b19391c2957ee21730aa0950d4d77b99a,fd9a44ef7865a0e2be860ebbe536f1f18dc72d8024cec33776e0ae075bf2345b,43
TONSIL_S1_K4,RETAINED_CARRIER,J03_EMISSION_LEAN__ADDITIVE_SHARED__S0,c20c584d60c847e9c1198b2e4e5bef90959f52507cb0141d14520480ee885451,0.20437296920657688,0.26792059824510406,0.2672888805518931,0.47511105456113517,0.30569002986046806,0.26792059824510406,4326,4326,4,680,680|1100|1263|1283,680,680|1100|1263|1283,0.7910732309072558,0.7210293850401139,0.27721083517329,independent_evaluator_after_bank_lock,GEOM_FEATURE_NCUT_K24,0,RNA_PROTEIN,70bc428c4d8ab3583e79652ccf78167b19391c2957ee21730aa0950d4d77b99a,fd9a44ef7865a0e2be860ebbe536f1f18dc72d8024cec33776e0ae075bf2345b,106
TONSIL_S1_K4,RETAINED_CARRIER,J03_EMISSION_LEAN__FULL__S0,61d2312d3a5dadfe1d43cd9f532258c00f81a2a564b6fac57292fe2a03bbc90f,0.19720189006885996,0.25785305448920975,0.2572127104563972,0.47007818093136744,0.2942308364442179,0.25785305448920975,4326,4326,4,681,681|1103|1257|1285,681,681|1103|1257|1285,0.7766064820006728,0.6998150948818149,0.29839461939752454,independent_evaluator_after_bank_lock,GEOM_FEATURE_NCUT_K24,0,RNA_PROTEIN,70bc428c4d8ab3583e79652ccf78167b19391c2957ee21730aa0950d4d77b99a,fd9a44ef7865a0e2be860ebbe536f1f18dc72d8024cec33776e0ae075bf2345b,46
TONSIL_S1_K4,RETAINED_CARRIER,INPUT_GEOMETRY_START,d179ce9f7c36ceb489a2c7be5b752a56b515918b58ddf5b892056853912c18ab,0.166879380950464,0.26879687643765526,0.2681329407070941,0.4730890634668856,0.2918057244569075,0.2687968764376553,4326,4326,4,321,321|909|1235|1861,321,321|909|1235|1861,0.7984748233710889,0.6871941576545316,0.31451348777089483,independent_evaluator_after_bank_lock,GEOM_LEIDEN_FEATURE,0,RNA_PROTEIN,3f36b25bda10b8c6d8c054d32e716ea88db89418f44907db61099f53045ec325,eebf2306453a0cde0dd7ce23b4c518f1851698a826fd06815af2ae70e03ee112,0
TONSIL_S1_K4,RETAINED_CARRIER,J01_GRAPH_LEAN__EMISSION_ONLY__S0,d179ce9f7c36ceb489a2c7be5b752a56b515918b58ddf5b892056853912c18ab,0.166879380950464,0.26879687643765526,0.2681329407070941,0.4730890634668856,0.2918057244569075,0.2687968764376553,4326,4326,4,321,321|909|1235|1861,321,321|909|1235|1861,0.7984748233710889,0.6871941576545316,0.31451348777089483,independent_evaluator_after_bank_lock,GEOM_LEIDEN_FEATURE,0,RNA_PROTEIN,3f36b25bda10b8c6d8c054d32e716ea88db89418f44907db61099f53045ec325,eebf2306453a0cde0dd7ce23b4c518f1851698a826fd06815af2ae70e03ee112,0
TONSIL_S1_K4,RETAINED_CARRIER,J01_GRAPH_LEAN__SHARED_GRAPH_ONLY__S0,91596d5adb1e95055e71cc764977f56036be61f66fd4d876daa77d6065c45503,0.17409978429619571,0.28088373364821506,0.280228676815403,0.47904899979784266,0.3039901082515144,0.28088373364821506,4326,4326,4,304,304|917|1221|1884,304,304|917|1221|1884,0.8177638219131995,0.7124406321971702,0.2896941067376987,independent_evaluator_after_bank_lock,GEOM_LEIDEN_FEATURE,0,RNA_PROTEIN,3f36b25bda10b8c6d8c054d32e716ea88db89418f44907db61099f53045ec325,eebf2306453a0cde0dd7ce23b4c518f1851698a826fd06815af2ae70e03ee112,100
TONSIL_S1_K4,RETAINED_CARRIER,J01_GRAPH_LEAN__CLUSTER_GRAPH_ONLY__S0,141ce066fc5985f64ede24e56d037e63493ee1e7b16f715f7d97bddfc7a64070,0.1672216461824577,0.2696556500148103,0.2689921219910551,0.47345022823435085,0.2925834375368666,0.2696556500148103,4326,4326,4,316,316|914|1235|1861,316,316|914|1235|1861,0.7985869687114501,0.687395705266385,0.3143773295612302,independent_evaluator_after_bank_lock,GEOM_LEIDEN_FEATURE,0,RNA_PROTEIN,3f36b25bda10b8c6d8c054d32e716ea88db89418f44907db61099f53045ec325,eebf2306453a0cde0dd7ce23b4c518f1851698a826fd06815af2ae70e03ee112,5
TONSIL_S1_K4,RETAINED_CARRIER,J01_GRAPH_LEAN__ADDITIVE_SHARED__S0,7089bf1151b947a1849e21ebff738e7a289402a3401852cbaa61271ac3664841,0.1759287983431081,0.28341772039534835,0.28276489448262837,0.48028188638767816,0.30669668618477725,0.28341772039534835,4326,4326,4,304,304|913|1225|1884,304,304|913|1225|1884,0.8176516765728384,0.7121583008036219,0.2899431605367351,independent_evaluator_after_bank_lock,GEOM_LEIDEN_FEATURE,0,RNA_PROTEIN,3f36b25bda10b8c6d8c054d32e716ea88db89418f44907db61099f53045ec325,eebf2306453a0cde0dd7ce23b4c518f1851698a826fd06815af2ae70e03ee112,101
TONSIL_S1_K4,RETAINED_CARRIER,J01_GRAPH_LEAN__FULL__S0,141ce066fc5985f64ede24e56d037e63493ee1e7b16f715f7d97bddfc7a64070,0.1672216461824577,0.2696556500148103,0.2689921219910551,0.47345022823435085,0.2925834375368666,0.2696556500148103,4326,4326,4,316,316|914|1235|1861,316,316|914|1235|1861,0.7985869687114501,0.687395705266385,0.3143773295612302,independent_evaluator_after_bank_lock,GEOM_LEIDEN_FEATURE,0,RNA_PROTEIN,3f36b25bda10b8c6d8c054d32e716ea88db89418f44907db61099f53045ec325,eebf2306453a0cde0dd7ce23b4c518f1851698a826fd06815af2ae70e03ee112,5
TONSIL_S1_K4,RETAINED_CARRIER,J02_BALANCED__EMISSION_ONLY__S0,ae6cb34706c3c076d670ff708729f2dca315962a926f6791ed2b05fca26a8eb3,0.16713856059874907,0.2688328501870674,0.26816894652399126,0.4731844309791383,0.2918463465110337,0.2688328501870674,4326,4326,4,320,320|907|1243|1856,320,320|907|1243|1856,0.7989234047325333,0.6874678436002228,0.3141957545239387,independent_evaluator_after_bank_lock,GEOM_LEIDEN_FEATURE,0,RNA_PROTEIN,3f36b25bda10b8c6d8c054d32e716ea88db89418f44907db61099f53045ec325,eebf2306453a0cde0dd7ce23b4c518f1851698a826fd06815af2ae70e03ee112,12
TONSIL_S1_K4,RETAINED_CARRIER,J02_BALANCED__SHARED_GRAPH_ONLY__S0,1abc9f35860b92c7129bd12fba9235b0f36b51d0df65adbbb9e5c0aea619486f,0.17397840131188597,0.28012118827897775,0.27946541661706137,0.4790147861525717,0.30315386752606577,0.2801211882789777,4326,4326,4,305,305|911|1226|1884,305,305|911|1226|1884,0.8166423685095884,0.7110130212215114,0.29107261430527853,independent_evaluator_after_bank_lock,GEOM_LEIDEN_FEATURE,0,RNA_PROTEIN,3f36b25bda10b8c6d8c054d32e716ea88db89418f44907db61099f53045ec325,eebf2306453a0cde0dd7ce23b4c518f1851698a826fd06815af2ae70e03ee112,87
TONSIL_S1_K4,RETAINED_CARRIER,J02_BALANCED__CLUSTER_GRAPH_ONLY__S0,8d723fcaeec37101910bbe8520f6bf3a284cf092c2cb28b3a5ce5398ab6b0f24,0.16711150518633977,0.26917995665123795,0.268516146373414,0.4733227644382776,0.29212939028002294,0.2691799566512379,4326,4326,4,318,318|912|1235|1861,318,318|912|1235|1861,0.7985869687114501,0.6871872767073479,0.314559170925388,independent_evaluator_after_bank_lock,GEOM_LEIDEN_FEATURE,0,RNA_PROTEIN,3f36b25bda10b8c6d8c054d32e716ea88db89418f44907db61099f53045ec325,eebf2306453a0cde0dd7ce23b4c518f1851698a826fd06815af2ae70e03ee112,3
TONSIL_S1_K4,RETAINED_CARRIER,J02_BALANCED__ADDITIVE_SHARED__S0,ab3bc1923677461f1cce4f94c757f27884e98fbfbafb1200e44e2ced8cbf6a54,0.17555965425316075,0.28233067242439464,0.2816768119503161,0.48015366086788036,0.30549629391874117,0.2823306724243946,4326,4326,4,306,306|904|1230|1886,306,306|904|1230|1886,0.8167545138499496,0.7105433860455377,0.2915565964972094,independent_evaluator_after_bank_lock,GEOM_LEIDEN_FEATURE,0,RNA_PROTEIN,3f36b25bda10b8c6d8c054d32e716ea88db89418f44907db61099f53045ec325,eebf2306453a0cde0dd7ce23b4c518f1851698a826fd06815af2ae70e03ee112,93
TONSIL_S1_K4,RETAINED_CARRIER,J02_BALANCED__FULL__S0,b9bfe59cd7e1dfc1af060a18de6ecffcc91df00f8560c6a5615576e5dd1b8e1a,0.16714365122061758,0.2695258524434565,0.26886228158825315,0.4733716679582184,0.29247375235994816,0.2695258524434565,4326,4326,4,317,317|913|1235|1861,317,317|913|1235|1861,0.7988112593921722,0.6878457940797322,0.31391400758004007,independent_evaluator_after_bank_lock,GEOM_LEIDEN_FEATURE,0,RNA_PROTEIN,3f36b25bda10b8c6d8c054d32e716ea88db89418f44907db61099f53045ec325,eebf2306453a0cde0dd7ce23b4c518f1851698a826fd06815af2ae70e03ee112,6
TONSIL_S1_K4,RETAINED_CARRIER,J03_EMISSION_LEAN__EMISSION_ONLY__S0,d753a5325928ca2a5fc35858b6a7f2c0ef751b7f79c7efbe23d276d248b340b1,0.16771093509163862,0.27066080933107256,0.26999840700017835,0.47359978219657894,0.2937645317342706,0.2706608093310726,4326,4326,4,318,318|906|1248|1854,318,318|906|1248|1854,0.8002691488168666,0.6888539428344526,0.3128956863289801,independent_evaluator_after_bank_lock,GEOM_LEIDEN_FEATURE,0,RNA_PROTEIN,3f36b25bda10b8c6d8c054d32e716ea88db89418f44907db61099f53045ec325,eebf2306453a0cde0dd7ce23b4c518f1851698a826fd06815af2ae70e03ee112,29
TONSIL_S1_K4,RETAINED_CARRIER,J03_EMISSION_LEAN__SHARED_GRAPH_ONLY__S0,0b388e6b441832c8dd8757f45091fe171495dbfd0a48f59bfe97c2af20acc999,0.17267102651628316,0.27776272188561696,0.2771054560329349,0.4777282319719175,0.3008906638815087,0.27776272188561696,4326,4326,4,309,309|913|1228|1876,309,309|913|1228|1876,0.8146237523830885,0.7088917000906639,0.29309724891152183,independent_evaluator_after_bank_lock,GEOM_LEIDEN_FEATURE,0,RNA_PROTEIN,3f36b25bda10b8c6d8c054d32e716ea88db89418f44907db61099f53045ec325,eebf2306453a0cde0dd7ce23b4c518f1851698a826fd06815af2ae70e03ee112,75
TONSIL_S1_K4,RETAINED_CARRIER,J03_EMISSION_LEAN__CLUSTER_GRAPH_ONLY__S0,8d723fcaeec37101910bbe8520f6bf3a284cf092c2cb28b3a5ce5398ab6b0f24,0.16711150518633977,0.26917995665123795,0.268516146373414,0.4733227644382776,0.29212939028002294,0.2691799566512379,4326,4326,4,318,318|912|1235|1861,318,318|912|1235|1861,0.7985869687114501,0.6871872767073479,0.314559170925388,independent_evaluator_after_bank_lock,GEOM_LEIDEN_FEATURE,0,RNA_PROTEIN,3f36b25bda10b8c6d8c054d32e716ea88db89418f44907db61099f53045ec325,eebf2306453a0cde0dd7ce23b4c518f1851698a826fd06815af2ae70e03ee112,3
TONSIL_S1_K4,RETAINED_CARRIER,J03_EMISSION_LEAN__ADDITIVE_SHARED__S0,6a9944d845144663587977a7d33f05a2523636d5e2778a0bd3d5aa647c7b9cc0,0.17545658101740597,0.2817055858821377,0.281051347988847,0.480020340932487,0.30490321533262804,0.28170558588213773,4326,4326,4,309,309|898|1234|1885,309,309|898|1234|1885,0.816193787148144,0.7099408782806267,0.29207438198967367,independent_evaluator_after_bank_lock,GEOM_LEIDEN_FEATURE,0,RNA_PROTEIN,3f36b25bda10b8c6d8c054d32e716ea88db89418f44907db61099f53045ec325,eebf2306453a0cde0dd7ce23b4c518f1851698a826fd06815af2ae70e03ee112,92
TONSIL_S1_K4,RETAINED_CARRIER,J03_EMISSION_LEAN__FULL__S0,d0dcc978d14de81f3f00ed42b5dfe0a522bb8b651a92fb346928614472c03d8e,0.16765893606624527,0.2702350847173804,0.26957221295366385,0.4736449500218808,0.2932674534548294,0.2702350847173804,4326,4326,4,317,317|913|1237|1859,317,317|913|1237|1859,0.7988112593921722,0.687847832655682,0.3138684015031702,independent_evaluator_after_bank_lock,GEOM_LEIDEN_FEATURE,0,RNA_PROTEIN,3f36b25bda10b8c6d8c054d32e716ea88db89418f44907db61099f53045ec325,eebf2306453a0cde0dd7ce23b4c518f1851698a826fd06815af2ae70e03ee112,10
