lane,feasibility_mode,selector,candidate_id,absolute_ari,absolute_nmi,ami,fmi,min_cluster_size_full,cluster_sizes_full,morans_i_macro,gearys_c_macro,feasible_count
P22_K9,UNCONSTRAINED,FEASIBLE_PLAIN_MEDOID,KMEANS_RETAINED_S3__UNIFORM_MASS_MATCHED,0.5144519726101757,0.6449194896266399,0.6443145500622561,0.5857342553256527,705,"[821, 2317, 941, 705, 714, 1044, 1052, 713, 889]",0.902679093242219,0.09883181895075227,89
P22_K9,UNCONSTRAINED,FEASIBLE_MIN_INERTIA,KMEANS_RETAINED_S1__INPUT_START,0.44904474559018387,0.5869323958022975,0.5862153689779289,0.5315492038226087,164,"[1399, 1032, 628, 1047, 713, 1259, 2256, 164, 698]",0.8191858537515819,0.18308357661655628,89
P22_K9,UNCONSTRAINED,FEASIBLE_MAX_CH,KMEANS_RETAINED_S1__INPUT_START,0.44904474559018387,0.5869323958022975,0.5862153689779289,0.5315492038226087,164,"[1399, 1032, 628, 1047, 713, 1259, 2256, 164, 698]",0.8191858537515819,0.18308357661655628,89
P22_K9,UNCONSTRAINED,FEASIBLE_MAX_SPATIAL,PATH_UNIFORM__AUTHORITY_STRONG_START__L06,0.5875325536381577,0.7089736211480059,0.7084699608014403,0.6487336497556058,164,"[1147, 624, 1513, 790, 1069, 1520, 544, 1825, 164]",0.9334454442970213,0.06901663444101273,89
P22_K9,UNCONSTRAINED,PARETO_MAXIMIN,KMEANS_RETAINED_S0__UNIFORM_MASS_MATCHED,0.5113669334264829,0.6419118476404166,0.6413018336781049,0.5830788584237542,705,"[1024, 2317, 823, 906, 1052, 714, 705, 713, 942]",0.9029838078694657,0.09851183264484037,89
P22_K9,UNCONSTRAINED,EQUAL_RANK,KMEANS_RETAINED_S1__PERMUTED_SUPPORT,0.47636962953893774,0.6189859164376322,0.6183230228894467,0.5553871163328932,167,"[1365, 1132, 604, 908, 706, 1328, 2314, 167, 672]",0.8922775376740201,0.1103171522088014,89
P22_K9,UNCONSTRAINED,CONTENT_ADAPTIVE,KMEANS_RETAINED_S0__INPUT_START,0.4783709631885838,0.6071249240502686,0.6064567142460551,0.5544711927858604,709,"[920, 2260, 930, 823, 1080, 749, 709, 714, 1011]",0.8264983390458281,0.17513783885296888,89
P22_K9,UNCONSTRAINED,PARETO_CENTRAL,KMEANS_RETAINED_S3__PERMUTED_SUPPORT,0.5138901163683108,0.6437781142261135,0.6431712892342637,0.5852372006312425,708,"[825, 2314, 936, 708, 714, 1044, 1054, 712, 889]",0.9023033700799634,0.09918981530208665,89
P22_K9,UNCONSTRAINED,CROSS_EVIDENCE_ARBITRATION,PATH_UNIFORM__AUTHORITY_STRONG_START__L06,0.5875325536381577,0.7089736211480059,0.7084699608014403,0.6487336497556058,164,"[1147, 624, 1513, 790, 1069, 1520, 544, 1825, 164]",0.9334454442970213,0.06901663444101273,89
P22_K9,NO_SINGLETON,FEASIBLE_PLAIN_MEDOID,KMEANS_RETAINED_S3__UNIFORM_MASS_MATCHED,0.5144519726101757,0.6449194896266399,0.6443145500622561,0.5857342553256527,705,"[821, 2317, 941, 705, 714, 1044, 1052, 713, 889]",0.902679093242219,0.09883181895075227,89
P22_K9,NO_SINGLETON,FEASIBLE_MIN_INERTIA,KMEANS_RETAINED_S1__INPUT_START,0.44904474559018387,0.5869323958022975,0.5862153689779289,0.5315492038226087,164,"[1399, 1032, 628, 1047, 713, 1259, 2256, 164, 698]",0.8191858537515819,0.18308357661655628,89
P22_K9,NO_SINGLETON,FEASIBLE_MAX_CH,KMEANS_RETAINED_S1__INPUT_START,0.44904474559018387,0.5869323958022975,0.5862153689779289,0.5315492038226087,164,"[1399, 1032, 628, 1047, 713, 1259, 2256, 164, 698]",0.8191858537515819,0.18308357661655628,89
P22_K9,NO_SINGLETON,FEASIBLE_MAX_SPATIAL,PATH_UNIFORM__AUTHORITY_STRONG_START__L06,0.5875325536381577,0.7089736211480059,0.7084699608014403,0.6487336497556058,164,"[1147, 624, 1513, 790, 1069, 1520, 544, 1825, 164]",0.9334454442970213,0.06901663444101273,89
P22_K9,NO_SINGLETON,PARETO_MAXIMIN,KMEANS_RETAINED_S0__UNIFORM_MASS_MATCHED,0.5113669334264829,0.6419118476404166,0.6413018336781049,0.5830788584237542,705,"[1024, 2317, 823, 906, 1052, 714, 705, 713, 942]",0.9029838078694657,0.09851183264484037,89
P22_K9,NO_SINGLETON,EQUAL_RANK,KMEANS_RETAINED_S1__PERMUTED_SUPPORT,0.47636962953893774,0.6189859164376322,0.6183230228894467,0.5553871163328932,167,"[1365, 1132, 604, 908, 706, 1328, 2314, 167, 672]",0.8922775376740201,0.1103171522088014,89
P22_K9,NO_SINGLETON,CONTENT_ADAPTIVE,KMEANS_RETAINED_S0__INPUT_START,0.4783709631885838,0.6071249240502686,0.6064567142460551,0.5544711927858604,709,"[920, 2260, 930, 823, 1080, 749, 709, 714, 1011]",0.8264983390458281,0.17513783885296888,89
P22_K9,NO_SINGLETON,PARETO_CENTRAL,KMEANS_RETAINED_S3__PERMUTED_SUPPORT,0.5138901163683108,0.6437781142261135,0.6431712892342637,0.5852372006312425,708,"[825, 2314, 936, 708, 714, 1044, 1054, 712, 889]",0.9023033700799634,0.09918981530208665,89
P22_K9,NO_SINGLETON,CROSS_EVIDENCE_ARBITRATION,PATH_UNIFORM__AUTHORITY_STRONG_START__L06,0.5875325536381577,0.7089736211480059,0.7084699608014403,0.6487336497556058,164,"[1147, 624, 1513, 790, 1069, 1520, 544, 1825, 164]",0.9334454442970213,0.06901663444101273,89
P22_K9,ANY_SCALE_INTERNAL_EDGE,FEASIBLE_PLAIN_MEDOID,KMEANS_RETAINED_S3__UNIFORM_MASS_MATCHED,0.5144519726101757,0.6449194896266399,0.6443145500622561,0.5857342553256527,705,"[821, 2317, 941, 705, 714, 1044, 1052, 713, 889]",0.902679093242219,0.09883181895075227,89
P22_K9,ANY_SCALE_INTERNAL_EDGE,FEASIBLE_MIN_INERTIA,KMEANS_RETAINED_S1__INPUT_START,0.44904474559018387,0.5869323958022975,0.5862153689779289,0.5315492038226087,164,"[1399, 1032, 628, 1047, 713, 1259, 2256, 164, 698]",0.8191858537515819,0.18308357661655628,89
P22_K9,ANY_SCALE_INTERNAL_EDGE,FEASIBLE_MAX_CH,KMEANS_RETAINED_S1__INPUT_START,0.44904474559018387,0.5869323958022975,0.5862153689779289,0.5315492038226087,164,"[1399, 1032, 628, 1047, 713, 1259, 2256, 164, 698]",0.8191858537515819,0.18308357661655628,89
P22_K9,ANY_SCALE_INTERNAL_EDGE,FEASIBLE_MAX_SPATIAL,PATH_UNIFORM__AUTHORITY_STRONG_START__L06,0.5875325536381577,0.7089736211480059,0.7084699608014403,0.6487336497556058,164,"[1147, 624, 1513, 790, 1069, 1520, 544, 1825, 164]",0.9334454442970213,0.06901663444101273,89
P22_K9,ANY_SCALE_INTERNAL_EDGE,PARETO_MAXIMIN,KMEANS_RETAINED_S0__UNIFORM_MASS_MATCHED,0.5113669334264829,0.6419118476404166,0.6413018336781049,0.5830788584237542,705,"[1024, 2317, 823, 906, 1052, 714, 705, 713, 942]",0.9029838078694657,0.09851183264484037,89
P22_K9,ANY_SCALE_INTERNAL_EDGE,EQUAL_RANK,KMEANS_RETAINED_S1__PERMUTED_SUPPORT,0.47636962953893774,0.6189859164376322,0.6183230228894467,0.5553871163328932,167,"[1365, 1132, 604, 908, 706, 1328, 2314, 167, 672]",0.8922775376740201,0.1103171522088014,89
P22_K9,ANY_SCALE_INTERNAL_EDGE,CONTENT_ADAPTIVE,KMEANS_RETAINED_S0__INPUT_START,0.4783709631885838,0.6071249240502686,0.6064567142460551,0.5544711927858604,709,"[920, 2260, 930, 823, 1080, 749, 709, 714, 1011]",0.8264983390458281,0.17513783885296888,89
P22_K9,ANY_SCALE_INTERNAL_EDGE,PARETO_CENTRAL,KMEANS_RETAINED_S3__PERMUTED_SUPPORT,0.5138901163683108,0.6437781142261135,0.6431712892342637,0.5852372006312425,708,"[825, 2314, 936, 708, 714, 1044, 1054, 712, 889]",0.9023033700799634,0.09918981530208665,89
P22_K9,ANY_SCALE_INTERNAL_EDGE,CROSS_EVIDENCE_ARBITRATION,PATH_UNIFORM__AUTHORITY_STRONG_START__L06,0.5875325536381577,0.7089736211480059,0.7084699608014403,0.6487336497556058,164,"[1147, 624, 1513, 790, 1069, 1520, 544, 1825, 164]",0.9334454442970213,0.06901663444101273,89
P22_K9,SMALLEST_SCALE_INTERNAL_EDGE,FEASIBLE_PLAIN_MEDOID,KMEANS_RETAINED_S3__UNIFORM_MASS_MATCHED,0.5144519726101757,0.6449194896266399,0.6443145500622561,0.5857342553256527,705,"[821, 2317, 941, 705, 714, 1044, 1052, 713, 889]",0.902679093242219,0.09883181895075227,89
P22_K9,SMALLEST_SCALE_INTERNAL_EDGE,FEASIBLE_MIN_INERTIA,KMEANS_RETAINED_S1__INPUT_START,0.44904474559018387,0.5869323958022975,0.5862153689779289,0.5315492038226087,164,"[1399, 1032, 628, 1047, 713, 1259, 2256, 164, 698]",0.8191858537515819,0.18308357661655628,89
P22_K9,SMALLEST_SCALE_INTERNAL_EDGE,FEASIBLE_MAX_CH,KMEANS_RETAINED_S1__INPUT_START,0.44904474559018387,0.5869323958022975,0.5862153689779289,0.5315492038226087,164,"[1399, 1032, 628, 1047, 713, 1259, 2256, 164, 698]",0.8191858537515819,0.18308357661655628,89
P22_K9,SMALLEST_SCALE_INTERNAL_EDGE,FEASIBLE_MAX_SPATIAL,PATH_UNIFORM__AUTHORITY_STRONG_START__L06,0.5875325536381577,0.7089736211480059,0.7084699608014403,0.6487336497556058,164,"[1147, 624, 1513, 790, 1069, 1520, 544, 1825, 164]",0.9334454442970213,0.06901663444101273,89
P22_K9,SMALLEST_SCALE_INTERNAL_EDGE,PARETO_MAXIMIN,KMEANS_RETAINED_S0__UNIFORM_MASS_MATCHED,0.5113669334264829,0.6419118476404166,0.6413018336781049,0.5830788584237542,705,"[1024, 2317, 823, 906, 1052, 714, 705, 713, 942]",0.9029838078694657,0.09851183264484037,89
P22_K9,SMALLEST_SCALE_INTERNAL_EDGE,EQUAL_RANK,KMEANS_RETAINED_S1__PERMUTED_SUPPORT,0.47636962953893774,0.6189859164376322,0.6183230228894467,0.5553871163328932,167,"[1365, 1132, 604, 908, 706, 1328, 2314, 167, 672]",0.8922775376740201,0.1103171522088014,89
P22_K9,SMALLEST_SCALE_INTERNAL_EDGE,CONTENT_ADAPTIVE,KMEANS_RETAINED_S0__INPUT_START,0.4783709631885838,0.6071249240502686,0.6064567142460551,0.5544711927858604,709,"[920, 2260, 930, 823, 1080, 749, 709, 714, 1011]",0.8264983390458281,0.17513783885296888,89
P22_K9,SMALLEST_SCALE_INTERNAL_EDGE,PARETO_CENTRAL,KMEANS_RETAINED_S3__PERMUTED_SUPPORT,0.5138901163683108,0.6437781142261135,0.6431712892342637,0.5852372006312425,708,"[825, 2314, 936, 708, 714, 1044, 1054, 712, 889]",0.9023033700799634,0.09918981530208665,89
P22_K9,SMALLEST_SCALE_INTERNAL_EDGE,CROSS_EVIDENCE_ARBITRATION,PATH_UNIFORM__AUTHORITY_STRONG_START__L06,0.5875325536381577,0.7089736211480059,0.7084699608014403,0.6487336497556058,164,"[1147, 624, 1513, 790, 1069, 1520, 544, 1825, 164]",0.9334454442970213,0.06901663444101273,89
P22_K9,DEGREE_DERIVED_INTERNAL_EDGE,FEASIBLE_PLAIN_MEDOID,KMEANS_RETAINED_S3__UNIFORM_MASS_MATCHED,0.5144519726101757,0.6449194896266399,0.6443145500622561,0.5857342553256527,705,"[821, 2317, 941, 705, 714, 1044, 1052, 713, 889]",0.902679093242219,0.09883181895075227,89
P22_K9,DEGREE_DERIVED_INTERNAL_EDGE,FEASIBLE_MIN_INERTIA,KMEANS_RETAINED_S1__INPUT_START,0.44904474559018387,0.5869323958022975,0.5862153689779289,0.5315492038226087,164,"[1399, 1032, 628, 1047, 713, 1259, 2256, 164, 698]",0.8191858537515819,0.18308357661655628,89
P22_K9,DEGREE_DERIVED_INTERNAL_EDGE,FEASIBLE_MAX_CH,KMEANS_RETAINED_S1__INPUT_START,0.44904474559018387,0.5869323958022975,0.5862153689779289,0.5315492038226087,164,"[1399, 1032, 628, 1047, 713, 1259, 2256, 164, 698]",0.8191858537515819,0.18308357661655628,89
P22_K9,DEGREE_DERIVED_INTERNAL_EDGE,FEASIBLE_MAX_SPATIAL,PATH_UNIFORM__AUTHORITY_STRONG_START__L06,0.5875325536381577,0.7089736211480059,0.7084699608014403,0.6487336497556058,164,"[1147, 624, 1513, 790, 1069, 1520, 544, 1825, 164]",0.9334454442970213,0.06901663444101273,89
P22_K9,DEGREE_DERIVED_INTERNAL_EDGE,PARETO_MAXIMIN,KMEANS_RETAINED_S0__UNIFORM_MASS_MATCHED,0.5113669334264829,0.6419118476404166,0.6413018336781049,0.5830788584237542,705,"[1024, 2317, 823, 906, 1052, 714, 705, 713, 942]",0.9029838078694657,0.09851183264484037,89
P22_K9,DEGREE_DERIVED_INTERNAL_EDGE,EQUAL_RANK,KMEANS_RETAINED_S1__PERMUTED_SUPPORT,0.47636962953893774,0.6189859164376322,0.6183230228894467,0.5553871163328932,167,"[1365, 1132, 604, 908, 706, 1328, 2314, 167, 672]",0.8922775376740201,0.1103171522088014,89
P22_K9,DEGREE_DERIVED_INTERNAL_EDGE,CONTENT_ADAPTIVE,KMEANS_RETAINED_S0__INPUT_START,0.4783709631885838,0.6071249240502686,0.6064567142460551,0.5544711927858604,709,"[920, 2260, 930, 823, 1080, 749, 709, 714, 1011]",0.8264983390458281,0.17513783885296888,89
P22_K9,DEGREE_DERIVED_INTERNAL_EDGE,PARETO_CENTRAL,KMEANS_RETAINED_S3__PERMUTED_SUPPORT,0.5138901163683108,0.6437781142261135,0.6431712892342637,0.5852372006312425,708,"[825, 2314, 936, 708, 714, 1044, 1054, 712, 889]",0.9023033700799634,0.09918981530208665,89
P22_K9,DEGREE_DERIVED_INTERNAL_EDGE,CROSS_EVIDENCE_ARBITRATION,PATH_UNIFORM__AUTHORITY_STRONG_START__L06,0.5875325536381577,0.7089736211480059,0.7084699608014403,0.6487336497556058,164,"[1147, 624, 1513, 790, 1069, 1520, 544, 1825, 164]",0.9334454442970213,0.06901663444101273,89
MISAR_K7,UNCONSTRAINED,FEASIBLE_PLAIN_MEDOID,KMEANS_RETAINED_S1__UNIFORM_MASS_MATCHED,0.3631067993193522,0.5502872044695606,0.5479291980632047,0.48509630514598384,143,"[143, 382, 288, 411, 259, 243, 223]",0.9160564460201827,0.0858816755989708,89
MISAR_K7,UNCONSTRAINED,FEASIBLE_MIN_INERTIA,KMEANS_RETAINED_S3__INPUT_START,0.35569313389591267,0.5352512893740758,0.5328188869990194,0.4786422202107025,148,"[250, 369, 279, 265, 148, 230, 408]",0.8939995634313039,0.10717068027724228,89
MISAR_K7,UNCONSTRAINED,FEASIBLE_MAX_CH,KMEANS_RETAINED_S3__INPUT_START,0.35569313389591267,0.5352512893740758,0.5328188869990194,0.4786422202107025,148,"[250, 369, 279, 265, 148, 230, 408]",0.8939995634313039,0.10717068027724228,89
MISAR_K7,UNCONSTRAINED,FEASIBLE_MAX_SPATIAL,PATH_UNIFORM__AUTHORITY_STRONG_START__L06,0.5346235433360444,0.6567718908460013,0.6549625314225564,0.6274223802219516,125,"[293, 445, 181, 265, 353, 287, 125]",0.9223604516801551,0.07954452238594586,89
MISAR_K7,UNCONSTRAINED,PARETO_MAXIMIN,KMEANS_RETAINED_S1__ATAC_ONLY_SUPPORT,0.36353160216279407,0.550851840455154,0.5484976340003345,0.4854019307836222,145,"[145, 382, 286, 410, 258, 244, 224]",0.916431589095046,0.08549034965906789,89
MISAR_K7,UNCONSTRAINED,EQUAL_RANK,KMEANS_RETAINED_S1__ATAC_ONLY_SUPPORT,0.36353160216279407,0.550851840455154,0.5484976340003345,0.4854019307836222,145,"[145, 382, 286, 410, 258, 244, 224]",0.916431589095046,0.08549034965906789,89
MISAR_K7,UNCONSTRAINED,CONTENT_ADAPTIVE,KMEANS_RETAINED_S0__INPUT_START,0.3556349784747265,0.5354096019683647,0.5329784468474222,0.47856859088716314,149,"[149, 230, 250, 369, 407, 279, 265]",0.8940381808208301,0.10706574130941296,89
MISAR_K7,UNCONSTRAINED,PARETO_CENTRAL,KMEANS_RETAINED_S1__RNA_ONLY_SUPPORT,0.3633419115119692,0.5507646317245257,0.5484091607603234,0.48528954978362476,143,"[143, 382, 288, 411, 259, 242, 224]",0.9154915839329018,0.08643174626466887,89
MISAR_K7,UNCONSTRAINED,CROSS_EVIDENCE_ARBITRATION,PATH_UNIFORM__AUTHORITY_STRONG_START__L06,0.5346235433360444,0.6567718908460013,0.6549625314225564,0.6274223802219516,125,"[293, 445, 181, 265, 353, 287, 125]",0.9223604516801551,0.07954452238594586,89
MISAR_K7,NO_SINGLETON,FEASIBLE_PLAIN_MEDOID,KMEANS_RETAINED_S1__UNIFORM_MASS_MATCHED,0.3631067993193522,0.5502872044695606,0.5479291980632047,0.48509630514598384,143,"[143, 382, 288, 411, 259, 243, 223]",0.9160564460201827,0.0858816755989708,89
MISAR_K7,NO_SINGLETON,FEASIBLE_MIN_INERTIA,KMEANS_RETAINED_S3__INPUT_START,0.35569313389591267,0.5352512893740758,0.5328188869990194,0.4786422202107025,148,"[250, 369, 279, 265, 148, 230, 408]",0.8939995634313039,0.10717068027724228,89
MISAR_K7,NO_SINGLETON,FEASIBLE_MAX_CH,KMEANS_RETAINED_S3__INPUT_START,0.35569313389591267,0.5352512893740758,0.5328188869990194,0.4786422202107025,148,"[250, 369, 279, 265, 148, 230, 408]",0.8939995634313039,0.10717068027724228,89
MISAR_K7,NO_SINGLETON,FEASIBLE_MAX_SPATIAL,PATH_UNIFORM__AUTHORITY_STRONG_START__L06,0.5346235433360444,0.6567718908460013,0.6549625314225564,0.6274223802219516,125,"[293, 445, 181, 265, 353, 287, 125]",0.9223604516801551,0.07954452238594586,89
MISAR_K7,NO_SINGLETON,PARETO_MAXIMIN,KMEANS_RETAINED_S1__ATAC_ONLY_SUPPORT,0.36353160216279407,0.550851840455154,0.5484976340003345,0.4854019307836222,145,"[145, 382, 286, 410, 258, 244, 224]",0.916431589095046,0.08549034965906789,89
MISAR_K7,NO_SINGLETON,EQUAL_RANK,KMEANS_RETAINED_S1__ATAC_ONLY_SUPPORT,0.36353160216279407,0.550851840455154,0.5484976340003345,0.4854019307836222,145,"[145, 382, 286, 410, 258, 244, 224]",0.916431589095046,0.08549034965906789,89
MISAR_K7,NO_SINGLETON,CONTENT_ADAPTIVE,KMEANS_RETAINED_S0__INPUT_START,0.3556349784747265,0.5354096019683647,0.5329784468474222,0.47856859088716314,149,"[149, 230, 250, 369, 407, 279, 265]",0.8940381808208301,0.10706574130941296,89
MISAR_K7,NO_SINGLETON,PARETO_CENTRAL,KMEANS_RETAINED_S1__RNA_ONLY_SUPPORT,0.3633419115119692,0.5507646317245257,0.5484091607603234,0.48528954978362476,143,"[143, 382, 288, 411, 259, 242, 224]",0.9154915839329018,0.08643174626466887,89
MISAR_K7,NO_SINGLETON,CROSS_EVIDENCE_ARBITRATION,PATH_UNIFORM__AUTHORITY_STRONG_START__L06,0.5346235433360444,0.6567718908460013,0.6549625314225564,0.6274223802219516,125,"[293, 445, 181, 265, 353, 287, 125]",0.9223604516801551,0.07954452238594586,89
MISAR_K7,ANY_SCALE_INTERNAL_EDGE,FEASIBLE_PLAIN_MEDOID,KMEANS_RETAINED_S1__UNIFORM_MASS_MATCHED,0.3631067993193522,0.5502872044695606,0.5479291980632047,0.48509630514598384,143,"[143, 382, 288, 411, 259, 243, 223]",0.9160564460201827,0.0858816755989708,89
MISAR_K7,ANY_SCALE_INTERNAL_EDGE,FEASIBLE_MIN_INERTIA,KMEANS_RETAINED_S3__INPUT_START,0.35569313389591267,0.5352512893740758,0.5328188869990194,0.4786422202107025,148,"[250, 369, 279, 265, 148, 230, 408]",0.8939995634313039,0.10717068027724228,89
MISAR_K7,ANY_SCALE_INTERNAL_EDGE,FEASIBLE_MAX_CH,KMEANS_RETAINED_S3__INPUT_START,0.35569313389591267,0.5352512893740758,0.5328188869990194,0.4786422202107025,148,"[250, 369, 279, 265, 148, 230, 408]",0.8939995634313039,0.10717068027724228,89
MISAR_K7,ANY_SCALE_INTERNAL_EDGE,FEASIBLE_MAX_SPATIAL,PATH_UNIFORM__AUTHORITY_STRONG_START__L06,0.5346235433360444,0.6567718908460013,0.6549625314225564,0.6274223802219516,125,"[293, 445, 181, 265, 353, 287, 125]",0.9223604516801551,0.07954452238594586,89
MISAR_K7,ANY_SCALE_INTERNAL_EDGE,PARETO_MAXIMIN,KMEANS_RETAINED_S1__ATAC_ONLY_SUPPORT,0.36353160216279407,0.550851840455154,0.5484976340003345,0.4854019307836222,145,"[145, 382, 286, 410, 258, 244, 224]",0.916431589095046,0.08549034965906789,89
MISAR_K7,ANY_SCALE_INTERNAL_EDGE,EQUAL_RANK,KMEANS_RETAINED_S1__ATAC_ONLY_SUPPORT,0.36353160216279407,0.550851840455154,0.5484976340003345,0.4854019307836222,145,"[145, 382, 286, 410, 258, 244, 224]",0.916431589095046,0.08549034965906789,89
MISAR_K7,ANY_SCALE_INTERNAL_EDGE,CONTENT_ADAPTIVE,KMEANS_RETAINED_S0__INPUT_START,0.3556349784747265,0.5354096019683647,0.5329784468474222,0.47856859088716314,149,"[149, 230, 250, 369, 407, 279, 265]",0.8940381808208301,0.10706574130941296,89
MISAR_K7,ANY_SCALE_INTERNAL_EDGE,PARETO_CENTRAL,KMEANS_RETAINED_S1__RNA_ONLY_SUPPORT,0.3633419115119692,0.5507646317245257,0.5484091607603234,0.48528954978362476,143,"[143, 382, 288, 411, 259, 242, 224]",0.9154915839329018,0.08643174626466887,89
MISAR_K7,ANY_SCALE_INTERNAL_EDGE,CROSS_EVIDENCE_ARBITRATION,PATH_UNIFORM__AUTHORITY_STRONG_START__L06,0.5346235433360444,0.6567718908460013,0.6549625314225564,0.6274223802219516,125,"[293, 445, 181, 265, 353, 287, 125]",0.9223604516801551,0.07954452238594586,89
MISAR_K7,SMALLEST_SCALE_INTERNAL_EDGE,FEASIBLE_PLAIN_MEDOID,KMEANS_RETAINED_S1__UNIFORM_MASS_MATCHED,0.3631067993193522,0.5502872044695606,0.5479291980632047,0.48509630514598384,143,"[143, 382, 288, 411, 259, 243, 223]",0.9160564460201827,0.0858816755989708,89
MISAR_K7,SMALLEST_SCALE_INTERNAL_EDGE,FEASIBLE_MIN_INERTIA,KMEANS_RETAINED_S3__INPUT_START,0.35569313389591267,0.5352512893740758,0.5328188869990194,0.4786422202107025,148,"[250, 369, 279, 265, 148, 230, 408]",0.8939995634313039,0.10717068027724228,89
MISAR_K7,SMALLEST_SCALE_INTERNAL_EDGE,FEASIBLE_MAX_CH,KMEANS_RETAINED_S3__INPUT_START,0.35569313389591267,0.5352512893740758,0.5328188869990194,0.4786422202107025,148,"[250, 369, 279, 265, 148, 230, 408]",0.8939995634313039,0.10717068027724228,89
MISAR_K7,SMALLEST_SCALE_INTERNAL_EDGE,FEASIBLE_MAX_SPATIAL,PATH_UNIFORM__AUTHORITY_STRONG_START__L06,0.5346235433360444,0.6567718908460013,0.6549625314225564,0.6274223802219516,125,"[293, 445, 181, 265, 353, 287, 125]",0.9223604516801551,0.07954452238594586,89
MISAR_K7,SMALLEST_SCALE_INTERNAL_EDGE,PARETO_MAXIMIN,KMEANS_RETAINED_S1__ATAC_ONLY_SUPPORT,0.36353160216279407,0.550851840455154,0.5484976340003345,0.4854019307836222,145,"[145, 382, 286, 410, 258, 244, 224]",0.916431589095046,0.08549034965906789,89
MISAR_K7,SMALLEST_SCALE_INTERNAL_EDGE,EQUAL_RANK,KMEANS_RETAINED_S1__ATAC_ONLY_SUPPORT,0.36353160216279407,0.550851840455154,0.5484976340003345,0.4854019307836222,145,"[145, 382, 286, 410, 258, 244, 224]",0.916431589095046,0.08549034965906789,89
MISAR_K7,SMALLEST_SCALE_INTERNAL_EDGE,CONTENT_ADAPTIVE,KMEANS_RETAINED_S0__INPUT_START,0.3556349784747265,0.5354096019683647,0.5329784468474222,0.47856859088716314,149,"[149, 230, 250, 369, 407, 279, 265]",0.8940381808208301,0.10706574130941296,89
MISAR_K7,SMALLEST_SCALE_INTERNAL_EDGE,PARETO_CENTRAL,KMEANS_RETAINED_S1__RNA_ONLY_SUPPORT,0.3633419115119692,0.5507646317245257,0.5484091607603234,0.48528954978362476,143,"[143, 382, 288, 411, 259, 242, 224]",0.9154915839329018,0.08643174626466887,89
MISAR_K7,SMALLEST_SCALE_INTERNAL_EDGE,CROSS_EVIDENCE_ARBITRATION,PATH_UNIFORM__AUTHORITY_STRONG_START__L06,0.5346235433360444,0.6567718908460013,0.6549625314225564,0.6274223802219516,125,"[293, 445, 181, 265, 353, 287, 125]",0.9223604516801551,0.07954452238594586,89
MISAR_K7,DEGREE_DERIVED_INTERNAL_EDGE,FEASIBLE_PLAIN_MEDOID,KMEANS_RETAINED_S1__UNIFORM_MASS_MATCHED,0.3631067993193522,0.5502872044695606,0.5479291980632047,0.48509630514598384,143,"[143, 382, 288, 411, 259, 243, 223]",0.9160564460201827,0.0858816755989708,89
MISAR_K7,DEGREE_DERIVED_INTERNAL_EDGE,FEASIBLE_MIN_INERTIA,KMEANS_RETAINED_S3__INPUT_START,0.35569313389591267,0.5352512893740758,0.5328188869990194,0.4786422202107025,148,"[250, 369, 279, 265, 148, 230, 408]",0.8939995634313039,0.10717068027724228,89
MISAR_K7,DEGREE_DERIVED_INTERNAL_EDGE,FEASIBLE_MAX_CH,KMEANS_RETAINED_S3__INPUT_START,0.35569313389591267,0.5352512893740758,0.5328188869990194,0.4786422202107025,148,"[250, 369, 279, 265, 148, 230, 408]",0.8939995634313039,0.10717068027724228,89
MISAR_K7,DEGREE_DERIVED_INTERNAL_EDGE,FEASIBLE_MAX_SPATIAL,PATH_UNIFORM__AUTHORITY_STRONG_START__L06,0.5346235433360444,0.6567718908460013,0.6549625314225564,0.6274223802219516,125,"[293, 445, 181, 265, 353, 287, 125]",0.9223604516801551,0.07954452238594586,89
MISAR_K7,DEGREE_DERIVED_INTERNAL_EDGE,PARETO_MAXIMIN,KMEANS_RETAINED_S1__ATAC_ONLY_SUPPORT,0.36353160216279407,0.550851840455154,0.5484976340003345,0.4854019307836222,145,"[145, 382, 286, 410, 258, 244, 224]",0.916431589095046,0.08549034965906789,89
MISAR_K7,DEGREE_DERIVED_INTERNAL_EDGE,EQUAL_RANK,KMEANS_RETAINED_S1__ATAC_ONLY_SUPPORT,0.36353160216279407,0.550851840455154,0.5484976340003345,0.4854019307836222,145,"[145, 382, 286, 410, 258, 244, 224]",0.916431589095046,0.08549034965906789,89
MISAR_K7,DEGREE_DERIVED_INTERNAL_EDGE,CONTENT_ADAPTIVE,KMEANS_RETAINED_S0__INPUT_START,0.3556349784747265,0.5354096019683647,0.5329784468474222,0.47856859088716314,149,"[149, 230, 250, 369, 407, 279, 265]",0.8940381808208301,0.10706574130941296,89
MISAR_K7,DEGREE_DERIVED_INTERNAL_EDGE,PARETO_CENTRAL,KMEANS_RETAINED_S1__RNA_ONLY_SUPPORT,0.3633419115119692,0.5507646317245257,0.5484091607603234,0.48528954978362476,143,"[143, 382, 288, 411, 259, 242, 224]",0.9154915839329018,0.08643174626466887,89
MISAR_K7,DEGREE_DERIVED_INTERNAL_EDGE,CROSS_EVIDENCE_ARBITRATION,PATH_UNIFORM__AUTHORITY_STRONG_START__L06,0.5346235433360444,0.6567718908460013,0.6549625314225564,0.6274223802219516,125,"[293, 445, 181, 265, 353, 287, 125]",0.9223604516801551,0.07954452238594586,89
HUMAN_HIPPOCAMPUS_K7,UNCONSTRAINED,FEASIBLE_PLAIN_MEDOID,KMEANS_RETAINED_S3__BIMODAL_SUPPORT,0.5654545922485111,0.5694911981127403,0.5674326885767381,0.6768936587025953,9,"[818, 9, 227, 437, 917, 41, 51]",0.6883031413877233,0.30388860831003445,89
HUMAN_HIPPOCAMPUS_K7,UNCONSTRAINED,FEASIBLE_MIN_INERTIA,KMEANS_RETAINED_S0__INPUT_START,0.1355350794449897,0.23737836542863225,0.23405255814737672,0.3242942247341744,58,"[491, 58, 482, 163, 325, 80, 901]",0.33065010133545847,0.6639475172156063,89
HUMAN_HIPPOCAMPUS_K7,UNCONSTRAINED,FEASIBLE_MAX_CH,KMEANS_RETAINED_S0__INPUT_START,0.1355350794449897,0.23737836542863225,0.23405255814737672,0.3242942247341744,58,"[491, 58, 482, 163, 325, 80, 901]",0.33065010133545847,0.6639475172156063,89
HUMAN_HIPPOCAMPUS_K7,UNCONSTRAINED,FEASIBLE_MAX_SPATIAL,KMEANS_RETAINED_S3__DIRECT_BASE,0.23103877965540923,0.42618244242236925,0.4234740253061733,0.46117817338436445,1,"[1343, 1, 665, 424, 2, 19, 46]",0.5828823610271271,0.36026654078974735,89
HUMAN_HIPPOCAMPUS_K7,UNCONSTRAINED,PARETO_MAXIMIN,KMEANS_RETAINED_S0__ATAC_ONLY_SUPPORT,0.567758523855675,0.553088128544968,0.5510293004223538,0.6730290646577088,41,"[871, 59, 475, 207, 64, 41, 783]",0.7141549409325975,0.27882327447695315,89
HUMAN_HIPPOCAMPUS_K7,UNCONSTRAINED,EQUAL_RANK,PATH_UNIFORM__KMEANS_RETAINED_S0__L00,0.13893739167022703,0.24071526226233256,0.23741457480230602,0.3258269381520671,61,"[490, 61, 485, 166, 327, 82, 889]",0.3494161689351896,0.6447201913498438,89
HUMAN_HIPPOCAMPUS_K7,UNCONSTRAINED,CONTENT_ADAPTIVE,KMEANS_RETAINED_S3__DIRECT_BASE,0.23103877965540923,0.42618244242236925,0.4234740253061733,0.46117817338436445,1,"[1343, 1, 665, 424, 2, 19, 46]",0.5828823610271271,0.36026654078974735,89
HUMAN_HIPPOCAMPUS_K7,UNCONSTRAINED,PARETO_CENTRAL,NIGHT16E_BYTE_EXACT_UNLABELED_START__BIMODAL_SUPPORT,0.5448772370426253,0.5577946770986344,0.5557660205904953,0.6549801608897293,33,"[51, 857, 212, 823, 113, 411, 33]",0.749023832084566,0.2425347517313035,89
HUMAN_HIPPOCAMPUS_K7,UNCONSTRAINED,CROSS_EVIDENCE_ARBITRATION,KMEANS_RETAINED_S3__DIRECT_BASE,0.23103877965540923,0.42618244242236925,0.4234740253061733,0.46117817338436445,1,"[1343, 1, 665, 424, 2, 19, 46]",0.5828823610271271,0.36026654078974735,89
HUMAN_HIPPOCAMPUS_K7,NO_SINGLETON,FEASIBLE_PLAIN_MEDOID,NIGHT16E_BYTE_EXACT_UNLABELED_START__BIMODAL_SUPPORT,0.5448772370426253,0.5577946770986344,0.5557660205904953,0.6549801608897293,33,"[51, 857, 212, 823, 113, 411, 33]",0.749023832084566,0.2425347517313035,82
HUMAN_HIPPOCAMPUS_K7,NO_SINGLETON,FEASIBLE_MIN_INERTIA,KMEANS_RETAINED_S0__INPUT_START,0.1355350794449897,0.23737836542863225,0.23405255814737672,0.3242942247341744,58,"[491, 58, 482, 163, 325, 80, 901]",0.33065010133545847,0.6639475172156063,82
HUMAN_HIPPOCAMPUS_K7,NO_SINGLETON,FEASIBLE_MAX_CH,KMEANS_RETAINED_S0__INPUT_START,0.1355350794449897,0.23737836542863225,0.23405255814737672,0.3242942247341744,58,"[491, 58, 482, 163, 325, 80, 901]",0.33065010133545847,0.6639475172156063,82
HUMAN_HIPPOCAMPUS_K7,NO_SINGLETON,FEASIBLE_MAX_SPATIAL,PATH_UNIFORM__KMEANS_RETAINED_S2__L04,0.5114336459272468,0.5298200841317616,0.5276210741379799,0.6552348485774081,2,"[406, 613, 2, 74, 1240, 51, 114]",0.6788178007151561,0.2926076845407888,82
HUMAN_HIPPOCAMPUS_K7,NO_SINGLETON,PARETO_MAXIMIN,PATH_UNIFORM__KMEANS_RETAINED_S4__L03,0.5681336315316072,0.5479822176501523,0.545984952053962,0.6653639681550713,57,"[57, 59, 230, 621, 184, 892, 457]",0.7206177168258421,0.26970944189326684,82
HUMAN_HIPPOCAMPUS_K7,NO_SINGLETON,EQUAL_RANK,PATH_UNIFORM__KMEANS_RETAINED_S0__L00,0.13893739167022703,0.24071526226233256,0.23741457480230602,0.3258269381520671,61,"[490, 61, 485, 166, 327, 82, 889]",0.3494161689351896,0.6447201913498438,82
HUMAN_HIPPOCAMPUS_K7,NO_SINGLETON,CONTENT_ADAPTIVE,KMEANS_RETAINED_S2__UNIFORM_MASS_MATCHED,0.5114336459272468,0.5298200841317616,0.5276210741379799,0.6552348485774081,2,"[406, 613, 2, 74, 1240, 51, 114]",0.6788178007151561,0.2926076845407888,82
HUMAN_HIPPOCAMPUS_K7,NO_SINGLETON,PARETO_CENTRAL,NIGHT16E_BYTE_EXACT_UNLABELED_START__BIMODAL_SUPPORT,0.5448772370426253,0.5577946770986344,0.5557660205904953,0.6549801608897293,33,"[51, 857, 212, 823, 113, 411, 33]",0.749023832084566,0.2425347517313035,82
HUMAN_HIPPOCAMPUS_K7,NO_SINGLETON,CROSS_EVIDENCE_ARBITRATION,KMEANS_RETAINED_S2__UNIFORM_MASS_MATCHED,0.5114336459272468,0.5298200841317616,0.5276210741379799,0.6552348485774081,2,"[406, 613, 2, 74, 1240, 51, 114]",0.6788178007151561,0.2926076845407888,82
HUMAN_HIPPOCAMPUS_K7,ANY_SCALE_INTERNAL_EDGE,FEASIBLE_PLAIN_MEDOID,KMEANS_RETAINED_S0__UNIFORM_MASS_MATCHED,0.5727354282776732,0.5600655047653899,0.5580121088436922,0.679039950572211,36,"[883, 59, 471, 204, 46, 36, 801]",0.7270054840032671,0.26605216737391346,77
HUMAN_HIPPOCAMPUS_K7,ANY_SCALE_INTERNAL_EDGE,FEASIBLE_MIN_INERTIA,KMEANS_RETAINED_S0__INPUT_START,0.1355350794449897,0.23737836542863225,0.23405255814737672,0.3242942247341744,58,"[491, 58, 482, 163, 325, 80, 901]",0.33065010133545847,0.6639475172156063,77
HUMAN_HIPPOCAMPUS_K7,ANY_SCALE_INTERNAL_EDGE,FEASIBLE_MAX_CH,KMEANS_RETAINED_S0__INPUT_START,0.1355350794449897,0.23737836542863225,0.23405255814737672,0.3242942247341744,58,"[491, 58, 482, 163, 325, 80, 901]",0.33065010133545847,0.6639475172156063,77
HUMAN_HIPPOCAMPUS_K7,ANY_SCALE_INTERNAL_EDGE,FEASIBLE_MAX_SPATIAL,PATH_UNIFORM__KMEANS_RETAINED_S4__L04,0.5961783620969016,0.5854895180308324,0.5836405779005621,0.6872240781271102,34,"[34, 59, 299, 655, 160, 869, 424]",0.7741071663682941,0.2177857175066828,77
HUMAN_HIPPOCAMPUS_K7,ANY_SCALE_INTERNAL_EDGE,PARETO_MAXIMIN,PATH_UNIFORM__KMEANS_RETAINED_S4__L03,0.5681336315316072,0.5479822176501523,0.545984952053962,0.6653639681550713,57,"[57, 59, 230, 621, 184, 892, 457]",0.7206177168258421,0.26970944189326684,77
HUMAN_HIPPOCAMPUS_K7,ANY_SCALE_INTERNAL_EDGE,EQUAL_RANK,PATH_UNIFORM__KMEANS_RETAINED_S0__L00,0.13893739167022703,0.24071526226233256,0.23741457480230602,0.3258269381520671,61,"[490, 61, 485, 166, 327, 82, 889]",0.3494161689351896,0.6447201913498438,77
HUMAN_HIPPOCAMPUS_K7,ANY_SCALE_INTERNAL_EDGE,CONTENT_ADAPTIVE,KMEANS_RETAINED_S4__UNIFORM_MASS_MATCHED,0.5961783620969016,0.5854895180308324,0.5836405779005621,0.6872240781271102,34,"[34, 59, 299, 655, 160, 869, 424]",0.7741071663682941,0.2177857175066828,77
HUMAN_HIPPOCAMPUS_K7,ANY_SCALE_INTERNAL_EDGE,PARETO_CENTRAL,KMEANS_RETAINED_S0__UNIFORM_MASS_MATCHED,0.5727354282776732,0.5600655047653899,0.5580121088436922,0.679039950572211,36,"[883, 59, 471, 204, 46, 36, 801]",0.7270054840032671,0.26605216737391346,77
HUMAN_HIPPOCAMPUS_K7,ANY_SCALE_INTERNAL_EDGE,CROSS_EVIDENCE_ARBITRATION,KMEANS_RETAINED_S4__UNIFORM_MASS_MATCHED,0.5961783620969016,0.5854895180308324,0.5836405779005621,0.6872240781271102,34,"[34, 59, 299, 655, 160, 869, 424]",0.7741071663682941,0.2177857175066828,77
HUMAN_HIPPOCAMPUS_K7,SMALLEST_SCALE_INTERNAL_EDGE,FEASIBLE_PLAIN_MEDOID,KMEANS_RETAINED_S0__UNIFORM_MASS_MATCHED,0.5727354282776732,0.5600655047653899,0.5580121088436922,0.679039950572211,36,"[883, 59, 471, 204, 46, 36, 801]",0.7270054840032671,0.26605216737391346,77
HUMAN_HIPPOCAMPUS_K7,SMALLEST_SCALE_INTERNAL_EDGE,FEASIBLE_MIN_INERTIA,KMEANS_RETAINED_S0__INPUT_START,0.1355350794449897,0.23737836542863225,0.23405255814737672,0.3242942247341744,58,"[491, 58, 482, 163, 325, 80, 901]",0.33065010133545847,0.6639475172156063,77
HUMAN_HIPPOCAMPUS_K7,SMALLEST_SCALE_INTERNAL_EDGE,FEASIBLE_MAX_CH,KMEANS_RETAINED_S0__INPUT_START,0.1355350794449897,0.23737836542863225,0.23405255814737672,0.3242942247341744,58,"[491, 58, 482, 163, 325, 80, 901]",0.33065010133545847,0.6639475172156063,77
HUMAN_HIPPOCAMPUS_K7,SMALLEST_SCALE_INTERNAL_EDGE,FEASIBLE_MAX_SPATIAL,PATH_UNIFORM__KMEANS_RETAINED_S4__L04,0.5961783620969016,0.5854895180308324,0.5836405779005621,0.6872240781271102,34,"[34, 59, 299, 655, 160, 869, 424]",0.7741071663682941,0.2177857175066828,77
HUMAN_HIPPOCAMPUS_K7,SMALLEST_SCALE_INTERNAL_EDGE,PARETO_MAXIMIN,PATH_UNIFORM__KMEANS_RETAINED_S4__L03,0.5681336315316072,0.5479822176501523,0.545984952053962,0.6653639681550713,57,"[57, 59, 230, 621, 184, 892, 457]",0.7206177168258421,0.26970944189326684,77
HUMAN_HIPPOCAMPUS_K7,SMALLEST_SCALE_INTERNAL_EDGE,EQUAL_RANK,PATH_UNIFORM__KMEANS_RETAINED_S0__L00,0.13893739167022703,0.24071526226233256,0.23741457480230602,0.3258269381520671,61,"[490, 61, 485, 166, 327, 82, 889]",0.3494161689351896,0.6447201913498438,77
HUMAN_HIPPOCAMPUS_K7,SMALLEST_SCALE_INTERNAL_EDGE,CONTENT_ADAPTIVE,KMEANS_RETAINED_S4__UNIFORM_MASS_MATCHED,0.5961783620969016,0.5854895180308324,0.5836405779005621,0.6872240781271102,34,"[34, 59, 299, 655, 160, 869, 424]",0.7741071663682941,0.2177857175066828,77
HUMAN_HIPPOCAMPUS_K7,SMALLEST_SCALE_INTERNAL_EDGE,PARETO_CENTRAL,KMEANS_RETAINED_S0__UNIFORM_MASS_MATCHED,0.5727354282776732,0.5600655047653899,0.5580121088436922,0.679039950572211,36,"[883, 59, 471, 204, 46, 36, 801]",0.7270054840032671,0.26605216737391346,77
HUMAN_HIPPOCAMPUS_K7,SMALLEST_SCALE_INTERNAL_EDGE,CROSS_EVIDENCE_ARBITRATION,KMEANS_RETAINED_S4__UNIFORM_MASS_MATCHED,0.5961783620969016,0.5854895180308324,0.5836405779005621,0.6872240781271102,34,"[34, 59, 299, 655, 160, 869, 424]",0.7741071663682941,0.2177857175066828,77
HUMAN_HIPPOCAMPUS_K7,DEGREE_DERIVED_INTERNAL_EDGE,FEASIBLE_PLAIN_MEDOID,KMEANS_RETAINED_S0__UNIFORM_MASS_MATCHED,0.5727354282776732,0.5600655047653899,0.5580121088436922,0.679039950572211,36,"[883, 59, 471, 204, 46, 36, 801]",0.7270054840032671,0.26605216737391346,74
HUMAN_HIPPOCAMPUS_K7,DEGREE_DERIVED_INTERNAL_EDGE,FEASIBLE_MIN_INERTIA,KMEANS_RETAINED_S0__INPUT_START,0.1355350794449897,0.23737836542863225,0.23405255814737672,0.3242942247341744,58,"[491, 58, 482, 163, 325, 80, 901]",0.33065010133545847,0.6639475172156063,74
HUMAN_HIPPOCAMPUS_K7,DEGREE_DERIVED_INTERNAL_EDGE,FEASIBLE_MAX_CH,KMEANS_RETAINED_S0__INPUT_START,0.1355350794449897,0.23737836542863225,0.23405255814737672,0.3242942247341744,58,"[491, 58, 482, 163, 325, 80, 901]",0.33065010133545847,0.6639475172156063,74
HUMAN_HIPPOCAMPUS_K7,DEGREE_DERIVED_INTERNAL_EDGE,FEASIBLE_MAX_SPATIAL,PATH_UNIFORM__KMEANS_RETAINED_S4__L04,0.5961783620969016,0.5854895180308324,0.5836405779005621,0.6872240781271102,34,"[34, 59, 299, 655, 160, 869, 424]",0.7741071663682941,0.2177857175066828,74
HUMAN_HIPPOCAMPUS_K7,DEGREE_DERIVED_INTERNAL_EDGE,PARETO_MAXIMIN,PATH_UNIFORM__KMEANS_RETAINED_S0__L03,0.5765393701767155,0.5554584310400589,0.5534468044419291,0.6776732382795329,51,"[895, 59, 445, 196, 112, 51, 742]",0.6868931022405897,0.30535408692383775,74
HUMAN_HIPPOCAMPUS_K7,DEGREE_DERIVED_INTERNAL_EDGE,EQUAL_RANK,PATH_UNIFORM__KMEANS_RETAINED_S0__L00,0.13893739167022703,0.24071526226233256,0.23741457480230602,0.3258269381520671,61,"[490, 61, 485, 166, 327, 82, 889]",0.3494161689351896,0.6447201913498438,74
HUMAN_HIPPOCAMPUS_K7,DEGREE_DERIVED_INTERNAL_EDGE,CONTENT_ADAPTIVE,KMEANS_RETAINED_S4__UNIFORM_MASS_MATCHED,0.5961783620969016,0.5854895180308324,0.5836405779005621,0.6872240781271102,34,"[34, 59, 299, 655, 160, 869, 424]",0.7741071663682941,0.2177857175066828,74
HUMAN_HIPPOCAMPUS_K7,DEGREE_DERIVED_INTERNAL_EDGE,PARETO_CENTRAL,KMEANS_RETAINED_S0__UNIFORM_MASS_MATCHED,0.5727354282776732,0.5600655047653899,0.5580121088436922,0.679039950572211,36,"[883, 59, 471, 204, 46, 36, 801]",0.7270054840032671,0.26605216737391346,74
HUMAN_HIPPOCAMPUS_K7,DEGREE_DERIVED_INTERNAL_EDGE,CROSS_EVIDENCE_ARBITRATION,KMEANS_RETAINED_S4__UNIFORM_MASS_MATCHED,0.5961783620969016,0.5854895180308324,0.5836405779005621,0.6872240781271102,34,"[34, 59, 299, 655, 160, 869, 424]",0.7741071663682941,0.2177857175066828,74
MELANOMA_TUMOR_K2,UNCONSTRAINED,FEASIBLE_PLAIN_MEDOID,KMEANS_RETAINED_S3__ATAC_ONLY_SUPPORT,0.9188297279678376,0.8451729029040616,0.845025575968487,0.9641587048401185,275,"[275, 558]",0.9347619733166393,0.0006071704061752415,89
MELANOMA_TUMOR_K2,UNCONSTRAINED,FEASIBLE_MIN_INERTIA,KMEANS_RETAINED_S3__INPUT_START,0.9757656645125035,0.9427557787068623,0.942701233028676,0.9893187176416578,273,"[273, 560]",0.87365732802251,0.06338796998770595,89
MELANOMA_TUMOR_K2,UNCONSTRAINED,FEASIBLE_MAX_CH,KMEANS_RETAINED_S3__INPUT_START,0.9757656645125035,0.9427557787068623,0.942701233028676,0.9893187176416578,273,"[273, 560]",0.87365732802251,0.06338796998770595,89
MELANOMA_TUMOR_K2,UNCONSTRAINED,FEASIBLE_MAX_SPATIAL,PATH_UNIFORM__KMEANS_RETAINED_S3__L06,0.9141772268245202,0.8384393166674208,0.8382856860385629,0.9620709341538081,276,"[276, 557]",0.9342954819344362,1.9188465665562544e-05,89
MELANOMA_TUMOR_K2,UNCONSTRAINED,PARETO_MAXIMIN,PATH_UNIFORM__UNLABELED_PARTITION_MEDOID__L04,0.3043845033077312,0.2044941268168907,0.2037485910264233,0.6863396526009703,300,"[533, 300]",0.8800765921603085,0.08887404718910681,89
MELANOMA_TUMOR_K2,UNCONSTRAINED,EQUAL_RANK,KMEANS_RETAINED_S3__DIRECT_BASE,0.9141772268245202,0.8384393166674208,0.8382856860385629,0.9620709341538081,276,"[276, 557]",0.9342954819344362,1.9188465665562544e-05,89
MELANOMA_TUMOR_K2,UNCONSTRAINED,CONTENT_ADAPTIVE,KMEANS_RETAINED_S3__DIRECT_BASE,0.9141772268245202,0.8384393166674208,0.8382856860385629,0.9620709341538081,276,"[276, 557]",0.9342954819344362,1.9188465665562544e-05,89
MELANOMA_TUMOR_K2,UNCONSTRAINED,PARETO_CENTRAL,KMEANS_RETAINED_S3__ATAC_ONLY_SUPPORT,0.9188297279678376,0.8451729029040616,0.845025575968487,0.9641587048401185,275,"[275, 558]",0.9347619733166393,0.0006071704061752415,89
MELANOMA_TUMOR_K2,UNCONSTRAINED,CROSS_EVIDENCE_ARBITRATION,KMEANS_RETAINED_S3__INPUT_START,0.9757656645125035,0.9427557787068623,0.942701233028676,0.9893187176416578,273,"[273, 560]",0.87365732802251,0.06338796998770595,89
MELANOMA_TUMOR_K2,NO_SINGLETON,FEASIBLE_PLAIN_MEDOID,KMEANS_RETAINED_S3__ATAC_ONLY_SUPPORT,0.9188297279678376,0.8451729029040616,0.845025575968487,0.9641587048401185,275,"[275, 558]",0.9347619733166393,0.0006071704061752415,89
MELANOMA_TUMOR_K2,NO_SINGLETON,FEASIBLE_MIN_INERTIA,KMEANS_RETAINED_S3__INPUT_START,0.9757656645125035,0.9427557787068623,0.942701233028676,0.9893187176416578,273,"[273, 560]",0.87365732802251,0.06338796998770595,89
MELANOMA_TUMOR_K2,NO_SINGLETON,FEASIBLE_MAX_CH,KMEANS_RETAINED_S3__INPUT_START,0.9757656645125035,0.9427557787068623,0.942701233028676,0.9893187176416578,273,"[273, 560]",0.87365732802251,0.06338796998770595,89
MELANOMA_TUMOR_K2,NO_SINGLETON,FEASIBLE_MAX_SPATIAL,PATH_UNIFORM__KMEANS_RETAINED_S3__L06,0.9141772268245202,0.8384393166674208,0.8382856860385629,0.9620709341538081,276,"[276, 557]",0.9342954819344362,1.9188465665562544e-05,89
MELANOMA_TUMOR_K2,NO_SINGLETON,PARETO_MAXIMIN,PATH_UNIFORM__UNLABELED_PARTITION_MEDOID__L04,0.3043845033077312,0.2044941268168907,0.2037485910264233,0.6863396526009703,300,"[533, 300]",0.8800765921603085,0.08887404718910681,89
MELANOMA_TUMOR_K2,NO_SINGLETON,EQUAL_RANK,KMEANS_RETAINED_S3__DIRECT_BASE,0.9141772268245202,0.8384393166674208,0.8382856860385629,0.9620709341538081,276,"[276, 557]",0.9342954819344362,1.9188465665562544e-05,89
MELANOMA_TUMOR_K2,NO_SINGLETON,CONTENT_ADAPTIVE,KMEANS_RETAINED_S3__DIRECT_BASE,0.9141772268245202,0.8384393166674208,0.8382856860385629,0.9620709341538081,276,"[276, 557]",0.9342954819344362,1.9188465665562544e-05,89
MELANOMA_TUMOR_K2,NO_SINGLETON,PARETO_CENTRAL,KMEANS_RETAINED_S3__ATAC_ONLY_SUPPORT,0.9188297279678376,0.8451729029040616,0.845025575968487,0.9641587048401185,275,"[275, 558]",0.9347619733166393,0.0006071704061752415,89
MELANOMA_TUMOR_K2,NO_SINGLETON,CROSS_EVIDENCE_ARBITRATION,KMEANS_RETAINED_S3__INPUT_START,0.9757656645125035,0.9427557787068623,0.942701233028676,0.9893187176416578,273,"[273, 560]",0.87365732802251,0.06338796998770595,89
MELANOMA_TUMOR_K2,ANY_SCALE_INTERNAL_EDGE,FEASIBLE_PLAIN_MEDOID,KMEANS_RETAINED_S3__ATAC_ONLY_SUPPORT,0.9188297279678376,0.8451729029040616,0.845025575968487,0.9641587048401185,275,"[275, 558]",0.9347619733166393,0.0006071704061752415,89
MELANOMA_TUMOR_K2,ANY_SCALE_INTERNAL_EDGE,FEASIBLE_MIN_INERTIA,KMEANS_RETAINED_S3__INPUT_START,0.9757656645125035,0.9427557787068623,0.942701233028676,0.9893187176416578,273,"[273, 560]",0.87365732802251,0.06338796998770595,89
MELANOMA_TUMOR_K2,ANY_SCALE_INTERNAL_EDGE,FEASIBLE_MAX_CH,KMEANS_RETAINED_S3__INPUT_START,0.9757656645125035,0.9427557787068623,0.942701233028676,0.9893187176416578,273,"[273, 560]",0.87365732802251,0.06338796998770595,89
MELANOMA_TUMOR_K2,ANY_SCALE_INTERNAL_EDGE,FEASIBLE_MAX_SPATIAL,PATH_UNIFORM__KMEANS_RETAINED_S3__L06,0.9141772268245202,0.8384393166674208,0.8382856860385629,0.9620709341538081,276,"[276, 557]",0.9342954819344362,1.9188465665562544e-05,89
MELANOMA_TUMOR_K2,ANY_SCALE_INTERNAL_EDGE,PARETO_MAXIMIN,PATH_UNIFORM__UNLABELED_PARTITION_MEDOID__L04,0.3043845033077312,0.2044941268168907,0.2037485910264233,0.6863396526009703,300,"[533, 300]",0.8800765921603085,0.08887404718910681,89
MELANOMA_TUMOR_K2,ANY_SCALE_INTERNAL_EDGE,EQUAL_RANK,KMEANS_RETAINED_S3__DIRECT_BASE,0.9141772268245202,0.8384393166674208,0.8382856860385629,0.9620709341538081,276,"[276, 557]",0.9342954819344362,1.9188465665562544e-05,89
MELANOMA_TUMOR_K2,ANY_SCALE_INTERNAL_EDGE,CONTENT_ADAPTIVE,KMEANS_RETAINED_S3__DIRECT_BASE,0.9141772268245202,0.8384393166674208,0.8382856860385629,0.9620709341538081,276,"[276, 557]",0.9342954819344362,1.9188465665562544e-05,89
MELANOMA_TUMOR_K2,ANY_SCALE_INTERNAL_EDGE,PARETO_CENTRAL,KMEANS_RETAINED_S3__ATAC_ONLY_SUPPORT,0.9188297279678376,0.8451729029040616,0.845025575968487,0.9641587048401185,275,"[275, 558]",0.9347619733166393,0.0006071704061752415,89
MELANOMA_TUMOR_K2,ANY_SCALE_INTERNAL_EDGE,CROSS_EVIDENCE_ARBITRATION,KMEANS_RETAINED_S3__INPUT_START,0.9757656645125035,0.9427557787068623,0.942701233028676,0.9893187176416578,273,"[273, 560]",0.87365732802251,0.06338796998770595,89
MELANOMA_TUMOR_K2,SMALLEST_SCALE_INTERNAL_EDGE,FEASIBLE_PLAIN_MEDOID,KMEANS_RETAINED_S3__ATAC_ONLY_SUPPORT,0.9188297279678376,0.8451729029040616,0.845025575968487,0.9641587048401185,275,"[275, 558]",0.9347619733166393,0.0006071704061752415,89
MELANOMA_TUMOR_K2,SMALLEST_SCALE_INTERNAL_EDGE,FEASIBLE_MIN_INERTIA,KMEANS_RETAINED_S3__INPUT_START,0.9757656645125035,0.9427557787068623,0.942701233028676,0.9893187176416578,273,"[273, 560]",0.87365732802251,0.06338796998770595,89
MELANOMA_TUMOR_K2,SMALLEST_SCALE_INTERNAL_EDGE,FEASIBLE_MAX_CH,KMEANS_RETAINED_S3__INPUT_START,0.9757656645125035,0.9427557787068623,0.942701233028676,0.9893187176416578,273,"[273, 560]",0.87365732802251,0.06338796998770595,89
MELANOMA_TUMOR_K2,SMALLEST_SCALE_INTERNAL_EDGE,FEASIBLE_MAX_SPATIAL,PATH_UNIFORM__KMEANS_RETAINED_S3__L06,0.9141772268245202,0.8384393166674208,0.8382856860385629,0.9620709341538081,276,"[276, 557]",0.9342954819344362,1.9188465665562544e-05,89
MELANOMA_TUMOR_K2,SMALLEST_SCALE_INTERNAL_EDGE,PARETO_MAXIMIN,PATH_UNIFORM__UNLABELED_PARTITION_MEDOID__L04,0.3043845033077312,0.2044941268168907,0.2037485910264233,0.6863396526009703,300,"[533, 300]",0.8800765921603085,0.08887404718910681,89
MELANOMA_TUMOR_K2,SMALLEST_SCALE_INTERNAL_EDGE,EQUAL_RANK,KMEANS_RETAINED_S3__DIRECT_BASE,0.9141772268245202,0.8384393166674208,0.8382856860385629,0.9620709341538081,276,"[276, 557]",0.9342954819344362,1.9188465665562544e-05,89
MELANOMA_TUMOR_K2,SMALLEST_SCALE_INTERNAL_EDGE,CONTENT_ADAPTIVE,KMEANS_RETAINED_S3__DIRECT_BASE,0.9141772268245202,0.8384393166674208,0.8382856860385629,0.9620709341538081,276,"[276, 557]",0.9342954819344362,1.9188465665562544e-05,89
MELANOMA_TUMOR_K2,SMALLEST_SCALE_INTERNAL_EDGE,PARETO_CENTRAL,KMEANS_RETAINED_S3__ATAC_ONLY_SUPPORT,0.9188297279678376,0.8451729029040616,0.845025575968487,0.9641587048401185,275,"[275, 558]",0.9347619733166393,0.0006071704061752415,89
MELANOMA_TUMOR_K2,SMALLEST_SCALE_INTERNAL_EDGE,CROSS_EVIDENCE_ARBITRATION,KMEANS_RETAINED_S3__INPUT_START,0.9757656645125035,0.9427557787068623,0.942701233028676,0.9893187176416578,273,"[273, 560]",0.87365732802251,0.06338796998770595,89
MELANOMA_TUMOR_K2,DEGREE_DERIVED_INTERNAL_EDGE,FEASIBLE_PLAIN_MEDOID,KMEANS_RETAINED_S3__ATAC_ONLY_SUPPORT,0.9188297279678376,0.8451729029040616,0.845025575968487,0.9641587048401185,275,"[275, 558]",0.9347619733166393,0.0006071704061752415,89
MELANOMA_TUMOR_K2,DEGREE_DERIVED_INTERNAL_EDGE,FEASIBLE_MIN_INERTIA,KMEANS_RETAINED_S3__INPUT_START,0.9757656645125035,0.9427557787068623,0.942701233028676,0.9893187176416578,273,"[273, 560]",0.87365732802251,0.06338796998770595,89
MELANOMA_TUMOR_K2,DEGREE_DERIVED_INTERNAL_EDGE,FEASIBLE_MAX_CH,KMEANS_RETAINED_S3__INPUT_START,0.9757656645125035,0.9427557787068623,0.942701233028676,0.9893187176416578,273,"[273, 560]",0.87365732802251,0.06338796998770595,89
MELANOMA_TUMOR_K2,DEGREE_DERIVED_INTERNAL_EDGE,FEASIBLE_MAX_SPATIAL,PATH_UNIFORM__KMEANS_RETAINED_S3__L06,0.9141772268245202,0.8384393166674208,0.8382856860385629,0.9620709341538081,276,"[276, 557]",0.9342954819344362,1.9188465665562544e-05,89
MELANOMA_TUMOR_K2,DEGREE_DERIVED_INTERNAL_EDGE,PARETO_MAXIMIN,PATH_UNIFORM__UNLABELED_PARTITION_MEDOID__L04,0.3043845033077312,0.2044941268168907,0.2037485910264233,0.6863396526009703,300,"[533, 300]",0.8800765921603085,0.08887404718910681,89
MELANOMA_TUMOR_K2,DEGREE_DERIVED_INTERNAL_EDGE,EQUAL_RANK,KMEANS_RETAINED_S3__DIRECT_BASE,0.9141772268245202,0.8384393166674208,0.8382856860385629,0.9620709341538081,276,"[276, 557]",0.9342954819344362,1.9188465665562544e-05,89
MELANOMA_TUMOR_K2,DEGREE_DERIVED_INTERNAL_EDGE,CONTENT_ADAPTIVE,KMEANS_RETAINED_S3__DIRECT_BASE,0.9141772268245202,0.8384393166674208,0.8382856860385629,0.9620709341538081,276,"[276, 557]",0.9342954819344362,1.9188465665562544e-05,89
MELANOMA_TUMOR_K2,DEGREE_DERIVED_INTERNAL_EDGE,PARETO_CENTRAL,KMEANS_RETAINED_S3__ATAC_ONLY_SUPPORT,0.9188297279678376,0.8451729029040616,0.845025575968487,0.9641587048401185,275,"[275, 558]",0.9347619733166393,0.0006071704061752415,89
MELANOMA_TUMOR_K2,DEGREE_DERIVED_INTERNAL_EDGE,CROSS_EVIDENCE_ARBITRATION,KMEANS_RETAINED_S3__INPUT_START,0.9757656645125035,0.9427557787068623,0.942701233028676,0.9893187176416578,273,"[273, 560]",0.87365732802251,0.06338796998770595,89
