lane,control,candidate_id,partition_sha256,arm,start_id,cluster_sizes_full,cluster_sizes_eval,status,failure,absolute_ari,absolute_nmi,ami,fmi,homogeneity,v_measure,morans_i_macro,gearys_c_macro,neighbor_agreement,min_cluster_size_full,min_cluster_size_eval,n_total,n_evaluated,k,wall_seconds,delta_vs_medoid_ari,delta_vs_medoid_nmi,oracle_gap_ari
P22_K9,PLAIN_PARTITION_MEDOID,KMEANS_RETAINED_S3__UNIFORM_MASS_MATCHED,06fe5537ec5ca21f2a0bda31272af6486d7c2c359b5f95232d3e3f6f601342a1,UNIFORM_MASS_MATCHED,KMEANS_RETAINED_S3,"[821, 2317, 941, 705, 714, 1044, 1052, 713, 889]","[821, 2317, 941, 705, 714, 1044, 1052, 713, 889]",PASS,,0.5144519726101757,0.6449194896266399,0.6443145500622561,0.5857342553256527,0.6631479981526993,0.64491948962664,0.902679093242219,0.09883181895075227,0.9204541929078894,705.0,705.0,9196.0,9196.0,9.0,0.5951351393014193,0.0,0.0,0.08193808307239836
P22_K9,MINIMUM_RETAINED_INERTIA,KMEANS_RETAINED_S1__INPUT_START,090a371f48de634db387dbdda66b2412d61b02a38e718148d69f94d033b4c27e,INPUT_START,KMEANS_RETAINED_S1,"[1399, 1032, 628, 1047, 713, 1259, 2256, 164, 698]","[1399, 1032, 628, 1047, 713, 1259, 2256, 164, 698]",PASS,,0.44904474559018387,0.5869323958022975,0.5862153689779289,0.5315492038226087,0.5939110881873062,0.5869323958022974,0.8191858537515819,0.18308357661655628,0.8575062823814104,164.0,164.0,9196.0,9196.0,9.0,0.0007619708776473999,-0.06540722701999185,-0.05798709382434242,0.1473453100923902
P22_K9,MAXIMUM_RETAINED_CH,KMEANS_RETAINED_S1__INPUT_START,090a371f48de634db387dbdda66b2412d61b02a38e718148d69f94d033b4c27e,INPUT_START,KMEANS_RETAINED_S1,"[1399, 1032, 628, 1047, 713, 1259, 2256, 164, 698]","[1399, 1032, 628, 1047, 713, 1259, 2256, 164, 698]",PASS,,0.44904474559018387,0.5869323958022975,0.5862153689779289,0.5315492038226087,0.5939110881873062,0.5869323958022974,0.8191858537515819,0.18308357661655628,0.8575062823814104,164.0,164.0,9196.0,9196.0,9.0,0.0007619708776473999,-0.06540722701999185,-0.05798709382434242,0.1473453100923902
P22_K9,MAXIMUM_SPATIAL_COHERENCE,PATH_UNIFORM__AUTHORITY_STRONG_START__L06,590a294fc360ddf83051775834adb89031a53dd15fef2d1a4ee5594cbb72d9c0,UNIFORM_MASS_MATCHED_PATH,AUTHORITY_STRONG_START,"[1147, 624, 1513, 790, 1069, 1520, 544, 1825, 164]","[1147, 624, 1513, 790, 1069, 1520, 544, 1825, 164]",PASS,,0.5875325536381577,0.7089736211480059,0.7084699608014403,0.6487336497556058,0.7195964937791552,0.7089736211480059,0.9334454442970213,0.06901663444101273,0.9589551081190084,164.0,164.0,9196.0,9196.0,9.0,0.5195453204214573,0.07308058102798198,0.06405413152136596,0.008857502044416377
P22_K9,FIXED_AUTHORITY_DIRECT_ENERGY,AUTHORITY_STRONG_START__DIRECT_BASE,719495be0baf552f0423d71d966c96201144ce21dee837a23ca4f71fbb1f7f22,DIRECT_BASE,AUTHORITY_STRONG_START,"[1146, 624, 1483, 791, 1034, 1521, 613, 1820, 164]","[1146, 624, 1483, 791, 1034, 1521, 613, 1820, 164]",PASS,,0.5948372492388294,0.7157421095103025,0.7152509213253695,0.6548714601024409,0.7275307229399212,0.7157421095103025,0.9308865572688286,0.07174076202088119,0.9566903484007073,164.0,164.0,9196.0,9196.0,9.0,0.5863751657307148,0.08038527662865369,0.07082261988366256,0.0015528064437446698
P22_K9,LABEL_ASSISTED_ORACLE_MAX_ARI,PATH_UNIFORM__AUTHORITY_STRONG_START__L03,76ec89c8243fc4856692ddcd4cf2906df971381b968a5489c245a74c52eda3be,UNIFORM_MASS_MATCHED_PATH,AUTHORITY_STRONG_START,"[1148, 624, 1482, 802, 1019, 1524, 612, 1819, 166]","[1148, 624, 1482, 802, 1019, 1524, 612, 1819, 166]",PASS,,0.5963900556825741,0.7182431752166996,0.7177564029544009,0.6561938761976059,0.7301798169767678,0.7182431752166996,0.9319680778656318,0.0705238845729904,0.9574969751496913,166.0,166.0,9196.0,9196.0,9.0,0.4805218167603016,0.08193808307239836,0.07332368559005964,0.0
P22_K9,LABEL_ASSISTED_ORACLE_MAX_NMI,PATH_UNIFORM__AUTHORITY_STRONG_START__L03,76ec89c8243fc4856692ddcd4cf2906df971381b968a5489c245a74c52eda3be,UNIFORM_MASS_MATCHED_PATH,AUTHORITY_STRONG_START,"[1148, 624, 1482, 802, 1019, 1524, 612, 1819, 166]","[1148, 624, 1482, 802, 1019, 1524, 612, 1819, 166]",PASS,,0.5963900556825741,0.7182431752166996,0.7177564029544009,0.6561938761976059,0.7301798169767678,0.7182431752166996,0.9319680778656318,0.0705238845729904,0.9574969751496913,166.0,166.0,9196.0,9196.0,9.0,0.4805218167603016,0.08193808307239836,0.07332368559005964,0.0
P22_K9,MULTI_EVIDENCE_GLOBAL,PATH_UNIFORM__AUTHORITY_STRONG_START__L03,76ec89c8243fc4856692ddcd4cf2906df971381b968a5489c245a74c52eda3be,UNIFORM_MASS_MATCHED_PATH,AUTHORITY_STRONG_START,"[1148, 624, 1482, 802, 1019, 1524, 612, 1819, 166]","[1148, 624, 1482, 802, 1019, 1524, 612, 1819, 166]",PASS,,0.5963900556825741,0.7182431752166996,0.7177564029544009,0.6561938761976059,0.7301798169767678,0.7182431752166996,0.9319680778656318,0.0705238845729904,0.9574969751496913,166.0,166.0,9196.0,9196.0,9.0,0.4805218167603016,0.08193808307239836,0.07332368559005964,0.0
P22_K9,SIMPLE_EQUAL_WEIGHT_RANK,PATH_UNIFORM__KMEANS_RETAINED_S0__L03,a9f4163e99aeed41f2c41d14a3dedcb76ffe9a640425b4338012d78876f08f17,UNIFORM_MASS_MATCHED_PATH,KMEANS_RETAINED_S0,"[1029, 2310, 839, 892, 1048, 722, 709, 710, 937]","[1029, 2310, 839, 892, 1048, 722, 709, 710, 937]",PASS,,0.5091893749885379,0.6378066470817637,0.6371898099952084,0.5811700412679872,0.6560609948631879,0.6378066470817637,0.8964182453897287,0.10493086813505813,0.9151180467223032,709.0,709.0,9196.0,9196.0,9.0,0.5091018527746201,-0.005262597621637832,-0.007112842544876208,0.08720068069403619
P22_K9,NO_MOLECULAR_AXIS,AUTHORITY_STRONG_START__PERMUTED_SUPPORT,807cfb046f296270647b66ef37035edf332a614c22513d2d3f0cb775c54ec950,PERMUTED_SUPPORT,AUTHORITY_STRONG_START,"[1150, 624, 1482, 804, 1017, 1524, 611, 1818, 166]","[1150, 624, 1482, 804, 1017, 1524, 611, 1818, 166]",PASS,,0.5955061787297278,0.7174544110590007,0.7169662799813722,0.6554360215446474,0.7293838579366113,0.7174544110590005,0.9318785374390772,0.07065244288226327,0.9573728787267707,166.0,166.0,9196.0,9196.0,9.0,0.9575022775679827,0.08105420611955205,0.07253492143236073,0.0008838769528463075
P22_K9,NO_TOPOLOGY_AXIS,KMEANS_RETAINED_S0__INPUT_START,b358fa4db94439aecf33b74e85f7f1777eb18b41744e2291646d2510165f0c90,INPUT_START,KMEANS_RETAINED_S0,"[920, 2260, 930, 823, 1080, 749, 709, 714, 1011]","[920, 2260, 930, 823, 1080, 749, 709, 714, 1011]",PASS,,0.4783709631885838,0.6071249240502686,0.6064567142460551,0.5544711927858604,0.6253052535966026,0.6071249240502686,0.8264983390458281,0.17513783885296888,0.8574752582756802,709.0,709.0,9196.0,9196.0,9.0,0.0005603935569524765,-0.036081009421591925,-0.037794565576371286,0.11801909249399029
P22_K9,NO_CLUSTER_RISK_AXIS,PATH_UNIFORM__AUTHORITY_STRONG_START__L03,76ec89c8243fc4856692ddcd4cf2906df971381b968a5489c245a74c52eda3be,UNIFORM_MASS_MATCHED_PATH,AUTHORITY_STRONG_START,"[1148, 624, 1482, 802, 1019, 1524, 612, 1819, 166]","[1148, 624, 1482, 802, 1019, 1524, 612, 1819, 166]",PASS,,0.5963900556825741,0.7182431752166996,0.7177564029544009,0.6561938761976059,0.7301798169767678,0.7182431752166996,0.9319680778656318,0.0705238845729904,0.9574969751496913,166.0,166.0,9196.0,9196.0,9.0,0.4805218167603016,0.08193808307239836,0.07332368559005964,0.0
P22_K9,BASIN_FIRST,PATH_UNIFORM__KMEANS_RETAINED_S0__L03,a9f4163e99aeed41f2c41d14a3dedcb76ffe9a640425b4338012d78876f08f17,UNIFORM_MASS_MATCHED_PATH,KMEANS_RETAINED_S0,"[1029, 2310, 839, 892, 1048, 722, 709, 710, 937]","[1029, 2310, 839, 892, 1048, 722, 709, 710, 937]",PASS,,0.5091893749885379,0.6378066470817637,0.6371898099952084,0.5811700412679872,0.6560609948631879,0.6378066470817637,0.8964182453897287,0.10493086813505813,0.9151180467223032,709.0,709.0,9196.0,9196.0,9.0,0.5091018527746201,-0.005262597621637832,-0.007112842544876208,0.08720068069403619
P22_K9,BEST_CONFIG_WITH_POSITIVE_PERSISTENCE_WEIGHT,PATH_UNIFORM__AUTHORITY_STRONG_START__L03,76ec89c8243fc4856692ddcd4cf2906df971381b968a5489c245a74c52eda3be,UNIFORM_MASS_MATCHED_PATH,AUTHORITY_STRONG_START,"[1148, 624, 1482, 802, 1019, 1524, 612, 1819, 166]","[1148, 624, 1482, 802, 1019, 1524, 612, 1819, 166]",PASS,,0.5963900556825741,0.7182431752166996,0.7177564029544009,0.6561938761976059,0.7301798169767678,0.7182431752166996,0.9319680778656318,0.0705238845729904,0.9574969751496913,166.0,166.0,9196.0,9196.0,9.0,0.4805218167603016,0.08193808307239836,0.07332368559005964,0.0
P22_K9,STRICT_LOSO,PATH_UNIFORM__AUTHORITY_STRONG_START__L03,76ec89c8243fc4856692ddcd4cf2906df971381b968a5489c245a74c52eda3be,UNIFORM_MASS_MATCHED_PATH,AUTHORITY_STRONG_START,"[1148, 624, 1482, 802, 1019, 1524, 612, 1819, 166]","[1148, 624, 1482, 802, 1019, 1524, 612, 1819, 166]",PASS,,0.5963900556825741,0.7182431752166996,0.7177564029544009,0.6561938761976059,0.7301798169767678,0.7182431752166996,0.9319680778656318,0.0705238845729904,0.9574969751496913,166.0,166.0,9196.0,9196.0,9.0,0.4805218167603016,0.08193808307239836,0.07332368559005964,0.0
MISAR_K7,PLAIN_PARTITION_MEDOID,KMEANS_RETAINED_S1__UNIFORM_MASS_MATCHED,5ecd77df04747c5434b6572e74db49081878f528ba00158545e833e617bdd1c9,UNIFORM_MASS_MATCHED,KMEANS_RETAINED_S1,"[143, 382, 288, 411, 259, 243, 223]","[143, 382, 288, 411, 259, 243, 223]",PASS,,0.3631067993193522,0.5502872044695606,0.5479291980632047,0.48509630514598384,0.5842753938558188,0.5502872044695606,0.9160564460201827,0.0858816755989708,0.9303380652714767,143.0,143.0,1949.0,1949.0,7.0,0.10788028128445148,0.0,0.0,0.1788256746545649
MISAR_K7,MINIMUM_RETAINED_INERTIA,KMEANS_RETAINED_S3__INPUT_START,40ec38b659b2a93fb4029733236ef62efd5da1a9f3f3d418032a694bae0d2915,INPUT_START,KMEANS_RETAINED_S3,"[250, 369, 279, 265, 148, 230, 408]","[250, 369, 279, 265, 148, 230, 408]",PASS,,0.35569313389591267,0.5352512893740758,0.5328188869990194,0.4786422202107025,0.5692144366411187,0.5352512893740758,0.8939995634313039,0.10717068027724228,0.9126298843846041,148.0,148.0,1949.0,1949.0,7.0,0.00021052174270153046,-0.007413665423439519,-0.015035915095484742,0.1862393400780044
MISAR_K7,MAXIMUM_RETAINED_CH,KMEANS_RETAINED_S3__INPUT_START,40ec38b659b2a93fb4029733236ef62efd5da1a9f3f3d418032a694bae0d2915,INPUT_START,KMEANS_RETAINED_S3,"[250, 369, 279, 265, 148, 230, 408]","[250, 369, 279, 265, 148, 230, 408]",PASS,,0.35569313389591267,0.5352512893740758,0.5328188869990194,0.4786422202107025,0.5692144366411187,0.5352512893740758,0.8939995634313039,0.10717068027724228,0.9126298843846041,148.0,148.0,1949.0,1949.0,7.0,0.00021052174270153046,-0.007413665423439519,-0.015035915095484742,0.1862393400780044
MISAR_K7,MAXIMUM_SPATIAL_COHERENCE,PATH_UNIFORM__AUTHORITY_STRONG_START__L06,dcf2f7547e2f9b7963a157bd8699c52d2411ef577dc80a5bdcee94a5ad079198,UNIFORM_MASS_MATCHED_PATH,AUTHORITY_STRONG_START,"[293, 445, 181, 265, 353, 287, 125]","[293, 445, 181, 265, 353, 287, 125]",PASS,,0.5346235433360444,0.6567718908460013,0.6549625314225564,0.6274223802219516,0.6942525985868286,0.6567718908460013,0.9223604516801551,0.07954452238594586,0.9373627981852773,125.0,125.0,1949.0,1949.0,7.0,0.10492332093417645,0.17151674401669226,0.10648468637644071,0.007308930637872635
MISAR_K7,FIXED_AUTHORITY_DIRECT_ENERGY,AUTHORITY_STRONG_START__DIRECT_BASE,c93cabc50ce7b0988180a9d16eefcced1ea8f54f413b346bc8976dc7bc1e4363,DIRECT_BASE,AUTHORITY_STRONG_START,"[293, 446, 182, 267, 351, 285, 125]","[293, 446, 182, 267, 351, 285, 125]",PASS,,0.5353060549066526,0.658264645807069,0.6564633311016784,0.6279846928894429,0.6958877117624496,0.6582646458070689,0.9225167185254016,0.07943000491844185,0.9373627981852773,125.0,125.0,1949.0,1949.0,7.0,0.09457798860967159,0.17219925558730043,0.10797744133750842,0.006626419067264466
MISAR_K7,LABEL_ASSISTED_ORACLE_MAX_ARI,AUTHORITY_STRONG_START__PRIVATE_CONFLICT_OFF,dc9f9b78913a8dde5e01c88552b335f8c511f07dd4b46972bc4a282e374ac926,PRIVATE_CONFLICT_OFF,AUTHORITY_STRONG_START,"[295, 438, 181, 267, 353, 290, 125]","[295, 438, 181, 267, 353, 290, 125]",PASS,,0.5419324739739171,0.6658671894979475,0.66410661292332,0.6334503545200084,0.7041807706688896,0.6658671894979475,0.9229553769534274,0.07893728117036,0.937655495390019,125.0,125.0,1949.0,1949.0,7.0,0.13892786763608456,0.1788256746545649,0.11557998502838696,0.0
MISAR_K7,LABEL_ASSISTED_ORACLE_MAX_NMI,AUTHORITY_STRONG_START__INPUT_START,1e7f48d5c56302ba7e728af2f70df32fe0f52f3dc49d1118ad2509ce58675829,INPUT_START,AUTHORITY_STRONG_START,"[295, 437, 178, 267, 355, 292, 125]","[295, 437, 178, 267, 355, 292, 125]",PASS,,0.5416365903694235,0.6669488935833198,0.6651935851132982,0.6332069965196186,0.70517948377323,0.6669488935833197,0.9221019057409858,0.07977257691193333,0.936631055173423,125.0,125.0,1949.0,1949.0,7.0,0.000257149338722229,0.17852979105007127,0.11666168911375918,0.0002958836044936186
MISAR_K7,MULTI_EVIDENCE_GLOBAL,AUTHORITY_STRONG_START__DIRECT_BASE,c93cabc50ce7b0988180a9d16eefcced1ea8f54f413b346bc8976dc7bc1e4363,DIRECT_BASE,AUTHORITY_STRONG_START,"[293, 446, 182, 267, 351, 285, 125]","[293, 446, 182, 267, 351, 285, 125]",PASS,,0.5353060549066526,0.658264645807069,0.6564633311016784,0.6279846928894429,0.6958877117624496,0.6582646458070689,0.9225167185254016,0.07943000491844185,0.9373627981852773,125.0,125.0,1949.0,1949.0,7.0,0.09457798860967159,0.17219925558730043,0.10797744133750842,0.006626419067264466
MISAR_K7,SIMPLE_EQUAL_WEIGHT_RANK,PATH_UNIFORM__KMEANS_RETAINED_S3__L05,3ffce93563ec1ccf9d8eae99a4c723e030e11e592dc9f2320f0683ec0bcb65b7,UNIFORM_MASS_MATCHED_PATH,KMEANS_RETAINED_S3,"[242, 379, 284, 266, 145, 220, 413]","[242, 379, 284, 266, 145, 220, 413]",PASS,,0.3615889833145115,0.5486960241234782,0.5463301812368613,0.4838133240828151,0.5826832280763827,0.5486960241234781,0.9196314720170217,0.0822953358802,0.9329723401141519,145.0,145.0,1949.0,1949.0,7.0,0.10518366284668446,-0.0015178160048406886,-0.0015911803460824103,0.18034349065940558
MISAR_K7,NO_MOLECULAR_AXIS,PATH_UNIFORM__AUTHORITY_STRONG_START__L06,dcf2f7547e2f9b7963a157bd8699c52d2411ef577dc80a5bdcee94a5ad079198,UNIFORM_MASS_MATCHED_PATH,AUTHORITY_STRONG_START,"[293, 445, 181, 265, 353, 287, 125]","[293, 445, 181, 265, 353, 287, 125]",PASS,,0.5346235433360444,0.6567718908460013,0.6549625314225564,0.6274223802219516,0.6942525985868286,0.6567718908460013,0.9223604516801551,0.07954452238594586,0.9373627981852773,125.0,125.0,1949.0,1949.0,7.0,0.10492332093417645,0.17151674401669226,0.10648468637644071,0.007308930637872635
MISAR_K7,NO_TOPOLOGY_AXIS,KMEANS_RETAINED_S0__INPUT_START,f40749fcd6e55dbc533a6aace2a770ff12012064b00620b654bc30d215a845e6,INPUT_START,KMEANS_RETAINED_S0,"[149, 230, 250, 369, 407, 279, 265]","[149, 230, 250, 369, 407, 279, 265]",PASS,,0.3556349784747265,0.5354096019683647,0.5329784468474222,0.47856859088716314,0.569464885405559,0.5354096019683647,0.8940381808208301,0.10706574130941296,0.9126298843846041,149.0,149.0,1949.0,1949.0,7.0,0.00017283298075199127,-0.007471820844625665,-0.014877602501195852,0.18629749549919056
MISAR_K7,NO_CLUSTER_RISK_AXIS,AUTHORITY_STRONG_START__DIRECT_BASE,c93cabc50ce7b0988180a9d16eefcced1ea8f54f413b346bc8976dc7bc1e4363,DIRECT_BASE,AUTHORITY_STRONG_START,"[293, 446, 182, 267, 351, 285, 125]","[293, 446, 182, 267, 351, 285, 125]",PASS,,0.5353060549066526,0.658264645807069,0.6564633311016784,0.6279846928894429,0.6958877117624496,0.6582646458070689,0.9225167185254016,0.07943000491844185,0.9373627981852773,125.0,125.0,1949.0,1949.0,7.0,0.09457798860967159,0.17219925558730043,0.10797744133750842,0.006626419067264466
MISAR_K7,BASIN_FIRST,KMEANS_RETAINED_S1__ATAC_ONLY_SUPPORT,7b8eb24374b9909fd39cc2d5a3f2288ecbc2ad31afa96f0dac25cd13161a5584,ATAC_ONLY_SUPPORT,KMEANS_RETAINED_S1,"[145, 382, 286, 410, 258, 244, 224]","[145, 382, 286, 410, 258, 244, 224]",PASS,,0.36353160216279407,0.550851840455154,0.5484976340003345,0.4854019307836222,0.585046178821233,0.550851840455154,0.916431589095046,0.08549034965906789,0.9304844138738475,145.0,145.0,1949.0,1949.0,7.0,0.09425307996571064,0.0004248028434418738,0.0005646359855934202,0.17840087181112302
MISAR_K7,BEST_CONFIG_WITH_POSITIVE_PERSISTENCE_WEIGHT,PATH_UNIFORM__KMEANS_RETAINED_S3__L05,3ffce93563ec1ccf9d8eae99a4c723e030e11e592dc9f2320f0683ec0bcb65b7,UNIFORM_MASS_MATCHED_PATH,KMEANS_RETAINED_S3,"[242, 379, 284, 266, 145, 220, 413]","[242, 379, 284, 266, 145, 220, 413]",PASS,,0.3615889833145115,0.5486960241234782,0.5463301812368613,0.4838133240828151,0.5826832280763827,0.5486960241234781,0.9196314720170217,0.0822953358802,0.9329723401141519,145.0,145.0,1949.0,1949.0,7.0,0.10518366284668446,-0.0015178160048406886,-0.0015911803460824103,0.18034349065940558
MISAR_K7,STRICT_LOSO,AUTHORITY_STRONG_START__DIRECT_BASE,c93cabc50ce7b0988180a9d16eefcced1ea8f54f413b346bc8976dc7bc1e4363,DIRECT_BASE,AUTHORITY_STRONG_START,"[293, 446, 182, 267, 351, 285, 125]","[293, 446, 182, 267, 351, 285, 125]",PASS,,0.5353060549066526,0.658264645807069,0.6564633311016784,0.6279846928894429,0.6958877117624496,0.6582646458070689,0.9225167185254016,0.07943000491844185,0.9373627981852773,125.0,125.0,1949.0,1949.0,7.0,0.09457798860967159,0.17219925558730043,0.10797744133750842,0.006626419067264466
HUMAN_HIPPOCAMPUS_K7,PLAIN_PARTITION_MEDOID,KMEANS_RETAINED_S3__BIMODAL_SUPPORT,2afe2129c36fe70795a95d6f124ef34914849fc198e69351d33a7a4952e111fe,BIMODAL_SUPPORT,KMEANS_RETAINED_S3,"[818, 9, 227, 437, 917, 41, 51]","[818, 9, 227, 437, 917, 41, 51]",PASS,,0.5654545922485111,0.5694911981127403,0.5674326885767381,0.6768936587025953,0.5178770360984314,0.5694911981127403,0.6883031413877233,0.30388860831003445,0.8973400391549816,9.0,9.0,2500.0,2500.0,7.0,0.21435219794511795,0.0,0.0,0.06913683981785224
HUMAN_HIPPOCAMPUS_K7,MINIMUM_RETAINED_INERTIA,KMEANS_RETAINED_S0__INPUT_START,28678354c300dc08f6c2af7ccc912e5bf19d0b19693ef23f2da96e309c0aee5d,INPUT_START,KMEANS_RETAINED_S0,"[491, 58, 482, 163, 325, 80, 901]","[491, 58, 482, 163, 325, 80, 901]",PASS,,0.1355350794449897,0.23737836542863225,0.23405255814737672,0.3242942247341744,0.2310453505370321,0.23737836542863225,0.33065010133545847,0.6639475172156063,0.4407391766607228,58.0,58.0,2500.0,2500.0,7.0,0.0001729242503643036,-0.4299195128035215,-0.3321128326841081,0.4990563526213737
HUMAN_HIPPOCAMPUS_K7,MAXIMUM_RETAINED_CH,KMEANS_RETAINED_S0__INPUT_START,28678354c300dc08f6c2af7ccc912e5bf19d0b19693ef23f2da96e309c0aee5d,INPUT_START,KMEANS_RETAINED_S0,"[491, 58, 482, 163, 325, 80, 901]","[491, 58, 482, 163, 325, 80, 901]",PASS,,0.1355350794449897,0.23737836542863225,0.23405255814737672,0.3242942247341744,0.2310453505370321,0.23737836542863225,0.33065010133545847,0.6639475172156063,0.4407391766607228,58.0,58.0,2500.0,2500.0,7.0,0.0001729242503643036,-0.4299195128035215,-0.3321128326841081,0.4990563526213737
HUMAN_HIPPOCAMPUS_K7,MAXIMUM_SPATIAL_COHERENCE,KMEANS_RETAINED_S3__DIRECT_BASE,6aa74b614eb670c5b1b0cbc69c0ca85d6e344819efeeae6ae00999713394d87b,DIRECT_BASE,KMEANS_RETAINED_S3,"[1343, 1, 665, 424, 2, 19, 46]","[1343, 1, 665, 424, 2, 19, 46]",PASS,,0.23103877965540923,0.42618244242236925,0.4234740253061733,0.46117817338436445,0.3487236176354284,0.4261824424223693,0.5828823610271271,0.36026654078974735,0.9446524544596279,1.0,1.0,2500.0,2500.0,7.0,0.2727304957807064,-0.33441581259310194,-0.14330875569037105,0.40355265241095417
HUMAN_HIPPOCAMPUS_K7,FIXED_AUTHORITY_DIRECT_ENERGY,NIGHT16E_BYTE_EXACT_UNLABELED_START__DIRECT_BASE,6c6c334d93ecde6865c4b5b45757ddf0a971e60dfa6f1f0ca85877dd10902159,DIRECT_BASE,NIGHT16E_BYTE_EXACT_UNLABELED_START,"[53, 502, 176, 847, 427, 395, 100]","[53, 502, 176, 847, 427, 395, 100]",PASS,,0.16750951288907545,0.2667558803103532,0.26359330990718594,0.3442976017310758,0.2622620722424041,0.26675588031035313,0.3872501491470867,0.6061614170053469,0.4742985200196438,53.0,53.0,2500.0,2500.0,7.0,0.11547335423529148,-0.3979450793594357,-0.3027353178023871,0.4670819191772879
HUMAN_HIPPOCAMPUS_K7,LABEL_ASSISTED_ORACLE_MAX_ARI,KMEANS_RETAINED_S3__ATAC_ONLY_SUPPORT,0f8e7fe77957b762bf4fe0caebd08fe529da1f07eb1350e7518910bb065aa27f,ATAC_ONLY_SUPPORT,KMEANS_RETAINED_S3,"[660, 259, 205, 422, 865, 38, 51]","[660, 259, 205, 422, 865, 38, 51]",PASS,,0.6345914320663634,0.5899949334220079,0.5881700005405646,0.7168197960092418,0.5668861950710218,0.5899949334220079,0.7768130352716162,0.21295467149948535,0.8986424258334083,38.0,38.0,2500.0,2500.0,7.0,0.201033316552639,0.06913683981785224,0.020503735309267634,0.0
HUMAN_HIPPOCAMPUS_K7,LABEL_ASSISTED_ORACLE_MAX_NMI,KMEANS_RETAINED_S3__ATAC_ONLY_SUPPORT,0f8e7fe77957b762bf4fe0caebd08fe529da1f07eb1350e7518910bb065aa27f,ATAC_ONLY_SUPPORT,KMEANS_RETAINED_S3,"[660, 259, 205, 422, 865, 38, 51]","[660, 259, 205, 422, 865, 38, 51]",PASS,,0.6345914320663634,0.5899949334220079,0.5881700005405646,0.7168197960092418,0.5668861950710218,0.5899949334220079,0.7768130352716162,0.21295467149948535,0.8986424258334083,38.0,38.0,2500.0,2500.0,7.0,0.201033316552639,0.06913683981785224,0.020503735309267634,0.0
HUMAN_HIPPOCAMPUS_K7,MULTI_EVIDENCE_GLOBAL,KMEANS_RETAINED_S4__UNIFORM_MASS_MATCHED,b12f6fe847dbeb1edf7bafe44279a9ea637f493a0099d74ffb68d5fcb08e2609,UNIFORM_MASS_MATCHED,KMEANS_RETAINED_S4,"[34, 59, 299, 655, 160, 869, 424]","[34, 59, 299, 655, 160, 869, 424]",PASS,,0.5961783620969016,0.5854895180308324,0.5836405779005621,0.6872240781271102,0.5615159891783248,0.5854895180308322,0.7741071663682941,0.2177857175066828,0.9012346431055147,34.0,34.0,2500.0,2500.0,7.0,0.16649799048900604,0.030723769848390425,0.015998319918092085,0.03841306996946181
HUMAN_HIPPOCAMPUS_K7,SIMPLE_EQUAL_WEIGHT_RANK,PATH_UNIFORM__NIGHT16E_BYTE_EXACT_UNLABELED_START__L06,66399880ad58365eb06eda2710f8d965edc6b1a6f87b9046827e01ae36379d47,UNIFORM_MASS_MATCHED_PATH,NIGHT16E_BYTE_EXACT_UNLABELED_START,"[189, 474, 171, 790, 392, 387, 97]","[189, 474, 171, 790, 392, 387, 97]",PASS,,0.1609276196487573,0.26790391482065623,0.2648433751367196,0.3307181263766149,0.2698387266252718,0.2679039148206563,0.41033241859441244,0.5910999313643995,0.5060912054631941,97.0,97.0,2500.0,2500.0,7.0,0.12788239680230618,-0.40452697259975384,-0.30158728329208406,0.4736638124176061
HUMAN_HIPPOCAMPUS_K7,NO_MOLECULAR_AXIS,KMEANS_RETAINED_S3__DIRECT_BASE,6aa74b614eb670c5b1b0cbc69c0ca85d6e344819efeeae6ae00999713394d87b,DIRECT_BASE,KMEANS_RETAINED_S3,"[1343, 1, 665, 424, 2, 19, 46]","[1343, 1, 665, 424, 2, 19, 46]",PASS,,0.23103877965540923,0.42618244242236925,0.4234740253061733,0.46117817338436445,0.3487236176354284,0.4261824424223693,0.5828823610271271,0.36026654078974735,0.9446524544596279,1.0,1.0,2500.0,2500.0,7.0,0.2727304957807064,-0.33441581259310194,-0.14330875569037105,0.40355265241095417
HUMAN_HIPPOCAMPUS_K7,NO_TOPOLOGY_AXIS,PATH_UNIFORM__KMEANS_RETAINED_S4__L00,e8fd3aa297fa46093913b97274c0b6e2cda9b0cee45d018ecba1aa8d72a71356,UNIFORM_MASS_MATCHED_PATH,KMEANS_RETAINED_S4,"[90, 62, 351, 853, 155, 515, 474]","[90, 62, 351, 853, 155, 515, 474]",PASS,,0.13098643658072476,0.22840912428124638,0.2250698746222633,0.31726082742494904,0.22372639987843987,0.22840912428124635,0.337218704957818,0.6574967054349343,0.42729939645615733,62.0,62.0,2500.0,2500.0,7.0,0.08824732154607773,-0.4344681556677864,-0.3410820738314939,0.5036049954856386
HUMAN_HIPPOCAMPUS_K7,NO_CLUSTER_RISK_AXIS,KMEANS_RETAINED_S3__DIRECT_BASE,6aa74b614eb670c5b1b0cbc69c0ca85d6e344819efeeae6ae00999713394d87b,DIRECT_BASE,KMEANS_RETAINED_S3,"[1343, 1, 665, 424, 2, 19, 46]","[1343, 1, 665, 424, 2, 19, 46]",PASS,,0.23103877965540923,0.42618244242236925,0.4234740253061733,0.46117817338436445,0.3487236176354284,0.4261824424223693,0.5828823610271271,0.36026654078974735,0.9446524544596279,1.0,1.0,2500.0,2500.0,7.0,0.2727304957807064,-0.33441581259310194,-0.14330875569037105,0.40355265241095417
HUMAN_HIPPOCAMPUS_K7,BASIN_FIRST,NIGHT16E_BYTE_EXACT_UNLABELED_START__BIMODAL_SUPPORT,38304677a026b0b4064c51e8f4e717eb495f6b0ba8de84bd65ddea829f2d1558,BIMODAL_SUPPORT,NIGHT16E_BYTE_EXACT_UNLABELED_START,"[51, 857, 212, 823, 113, 411, 33]","[51, 857, 212, 823, 113, 411, 33]",PASS,,0.5448772370426253,0.5577946770986344,0.5557660205904953,0.6549801608897293,0.5220218191262374,0.5577946770986343,0.749023832084566,0.2425347517313035,0.8931927223709496,33.0,33.0,2500.0,2500.0,7.0,0.17682011798024178,-0.020577355205885883,-0.011696521014105898,0.08971419502373812
HUMAN_HIPPOCAMPUS_K7,BEST_CONFIG_WITH_POSITIVE_PERSISTENCE_WEIGHT,KMEANS_RETAINED_S4__UNIFORM_MASS_MATCHED,b12f6fe847dbeb1edf7bafe44279a9ea637f493a0099d74ffb68d5fcb08e2609,UNIFORM_MASS_MATCHED,KMEANS_RETAINED_S4,"[34, 59, 299, 655, 160, 869, 424]","[34, 59, 299, 655, 160, 869, 424]",PASS,,0.5961783620969016,0.5854895180308324,0.5836405779005621,0.6872240781271102,0.5615159891783248,0.5854895180308322,0.7741071663682941,0.2177857175066828,0.9012346431055147,34.0,34.0,2500.0,2500.0,7.0,0.16649799048900604,0.030723769848390425,0.015998319918092085,0.03841306996946181
HUMAN_HIPPOCAMPUS_K7,STRICT_LOSO,KMEANS_RETAINED_S3__DIRECT_BASE,6aa74b614eb670c5b1b0cbc69c0ca85d6e344819efeeae6ae00999713394d87b,DIRECT_BASE,KMEANS_RETAINED_S3,"[1343, 1, 665, 424, 2, 19, 46]","[1343, 1, 665, 424, 2, 19, 46]",PASS,,0.23103877965540923,0.42618244242236925,0.4234740253061733,0.46117817338436445,0.3487236176354284,0.4261824424223693,0.5828823610271271,0.36026654078974735,0.9446524544596279,1.0,1.0,2500.0,2500.0,7.0,0.2727304957807064,-0.33441581259310194,-0.14330875569037105,0.40355265241095417
MELANOMA_TUMOR_K2,PLAIN_PARTITION_MEDOID,KMEANS_RETAINED_S3__ATAC_ONLY_SUPPORT,230b47ca8835c9950816ff1ea47b960dfd787fb4c3f64f24d6d4469ec239376c,ATAC_ONLY_SUPPORT,KMEANS_RETAINED_S3,"[275, 558]","[275, 558]",PASS,,0.9188297279678376,0.8451729029040616,0.845025575968487,0.9641587048401185,0.8468973249123861,0.8451729029040616,0.9347619733166393,0.0006071704061752415,0.9997311319754028,275.0,275.0,833.0,833.0,2.0,0.03750680387020111,0.0,0.0,0.05693593654466589
MELANOMA_TUMOR_K2,MINIMUM_RETAINED_INERTIA,KMEANS_RETAINED_S3__INPUT_START,17f84437c815da480f1994d996149c9e4cbc35153c9404b550dd1059be7d4183,INPUT_START,KMEANS_RETAINED_S3,"[273, 560]","[273, 560]",PASS,,0.9757656645125035,0.9427557787068623,0.942701233028676,0.9893187176416578,0.9434018307628337,0.9427557787068622,0.87365732802251,0.06338796998770595,0.9720347191230708,273.0,273.0,833.0,833.0,2.0,0.00016533583402633667,0.05693593654466589,0.09758287580280078,0.0
MELANOMA_TUMOR_K2,MAXIMUM_RETAINED_CH,KMEANS_RETAINED_S3__INPUT_START,17f84437c815da480f1994d996149c9e4cbc35153c9404b550dd1059be7d4183,INPUT_START,KMEANS_RETAINED_S3,"[273, 560]","[273, 560]",PASS,,0.9757656645125035,0.9427557787068623,0.942701233028676,0.9893187176416578,0.9434018307628337,0.9427557787068622,0.87365732802251,0.06338796998770595,0.9720347191230708,273.0,273.0,833.0,833.0,2.0,0.00016533583402633667,0.05693593654466589,0.09758287580280078,0.0
MELANOMA_TUMOR_K2,MAXIMUM_SPATIAL_COHERENCE,PATH_UNIFORM__KMEANS_RETAINED_S3__L06,8a4a5a5cc80ac381e70b3719c416dcae57b3178dd350cd285666b3309d3fd69e,UNIFORM_MASS_MATCHED_PATH,KMEANS_RETAINED_S3,"[276, 557]","[276, 557]",PASS,,0.9141772268245202,0.8384393166674208,0.8382856860385629,0.9620709341538081,0.8407115674276644,0.8384393166674207,0.9342954819344362,1.9188465665562544e-05,0.9999914873222259,276.0,276.0,833.0,833.0,2.0,0.030034193769097328,-0.004652501143317389,-0.006733586236640776,0.06158843768798328
MELANOMA_TUMOR_K2,FIXED_AUTHORITY_DIRECT_ENERGY,UNLABELED_PARTITION_MEDOID__DIRECT_BASE,85ab4ff2107f294ac87bbabae5c76ac623fc771ac76e02acca95db33185bf45b,DIRECT_BASE,UNLABELED_PARTITION_MEDOID,"[533, 300]","[533, 300]",PASS,,0.29364293621537724,0.19575653284452937,0.19500280831624295,0.6814933190299829,0.1991353752458922,0.1957565328445294,0.9251986322688023,0.04363989913020608,0.9798630417428895,300.0,300.0,833.0,833.0,2.0,0.024706006050109863,-0.6251867917524603,-0.6494163700595321,0.6821227282971263
MELANOMA_TUMOR_K2,LABEL_ASSISTED_ORACLE_MAX_ARI,KMEANS_RETAINED_S3__INPUT_START,17f84437c815da480f1994d996149c9e4cbc35153c9404b550dd1059be7d4183,INPUT_START,KMEANS_RETAINED_S3,"[273, 560]","[273, 560]",PASS,,0.9757656645125035,0.9427557787068623,0.942701233028676,0.9893187176416578,0.9434018307628337,0.9427557787068622,0.87365732802251,0.06338796998770595,0.9720347191230708,273.0,273.0,833.0,833.0,2.0,0.00016533583402633667,0.05693593654466589,0.09758287580280078,0.0
MELANOMA_TUMOR_K2,LABEL_ASSISTED_ORACLE_MAX_NMI,KMEANS_RETAINED_S3__INPUT_START,17f84437c815da480f1994d996149c9e4cbc35153c9404b550dd1059be7d4183,INPUT_START,KMEANS_RETAINED_S3,"[273, 560]","[273, 560]",PASS,,0.9757656645125035,0.9427557787068623,0.942701233028676,0.9893187176416578,0.9434018307628337,0.9427557787068622,0.87365732802251,0.06338796998770595,0.9720347191230708,273.0,273.0,833.0,833.0,2.0,0.00016533583402633667,0.05693593654466589,0.09758287580280078,0.0
MELANOMA_TUMOR_K2,MULTI_EVIDENCE_GLOBAL,KMEANS_RETAINED_S3__DIRECT_BASE,8a4a5a5cc80ac381e70b3719c416dcae57b3178dd350cd285666b3309d3fd69e,DIRECT_BASE,KMEANS_RETAINED_S3,"[276, 557]","[276, 557]",PASS,,0.9141772268245202,0.8384393166674208,0.8382856860385629,0.9620709341538081,0.8407115674276644,0.8384393166674207,0.9342954819344362,1.9188465665562544e-05,0.9999914873222259,276.0,276.0,833.0,833.0,2.0,0.03101895935833454,-0.004652501143317389,-0.006733586236640776,0.06158843768798328
MELANOMA_TUMOR_K2,SIMPLE_EQUAL_WEIGHT_RANK,PATH_UNIFORM__KMEANS_RETAINED_S3__L06,8a4a5a5cc80ac381e70b3719c416dcae57b3178dd350cd285666b3309d3fd69e,UNIFORM_MASS_MATCHED_PATH,KMEANS_RETAINED_S3,"[276, 557]","[276, 557]",PASS,,0.9141772268245202,0.8384393166674208,0.8382856860385629,0.9620709341538081,0.8407115674276644,0.8384393166674207,0.9342954819344362,1.9188465665562544e-05,0.9999914873222259,276.0,276.0,833.0,833.0,2.0,0.030034193769097328,-0.004652501143317389,-0.006733586236640776,0.06158843768798328
MELANOMA_TUMOR_K2,NO_MOLECULAR_AXIS,KMEANS_RETAINED_S3__DIRECT_BASE,8a4a5a5cc80ac381e70b3719c416dcae57b3178dd350cd285666b3309d3fd69e,DIRECT_BASE,KMEANS_RETAINED_S3,"[276, 557]","[276, 557]",PASS,,0.9141772268245202,0.8384393166674208,0.8382856860385629,0.9620709341538081,0.8407115674276644,0.8384393166674207,0.9342954819344362,1.9188465665562544e-05,0.9999914873222259,276.0,276.0,833.0,833.0,2.0,0.03101895935833454,-0.004652501143317389,-0.006733586236640776,0.06158843768798328
MELANOMA_TUMOR_K2,NO_TOPOLOGY_AXIS,KMEANS_RETAINED_S4__INPUT_START,0545685ffcad23d484df54b9d7a6e9ab8a617919712c1104f919b13995789428,INPUT_START,KMEANS_RETAINED_S4,"[426, 407]","[426, 407]",PASS,,0.003566974531985211,0.005017721424814813,0.004113210852952807,0.5304933721014079,0.005260756331339665,0.005017721424814813,0.022585936446025433,0.9791377116657732,0.5100977273870073,407.0,407.0,833.0,833.0,2.0,0.000102262943983078,-0.9152627534358524,-0.8401551814792467,0.9721986899805183
MELANOMA_TUMOR_K2,NO_CLUSTER_RISK_AXIS,KMEANS_RETAINED_S3__DIRECT_BASE,8a4a5a5cc80ac381e70b3719c416dcae57b3178dd350cd285666b3309d3fd69e,DIRECT_BASE,KMEANS_RETAINED_S3,"[276, 557]","[276, 557]",PASS,,0.9141772268245202,0.8384393166674208,0.8382856860385629,0.9620709341538081,0.8407115674276644,0.8384393166674207,0.9342954819344362,1.9188465665562544e-05,0.9999914873222259,276.0,276.0,833.0,833.0,2.0,0.03101895935833454,-0.004652501143317389,-0.006733586236640776,0.06158843768798328
MELANOMA_TUMOR_K2,BASIN_FIRST,KMEANS_RETAINED_S3__BIMODAL_SUPPORT,230b47ca8835c9950816ff1ea47b960dfd787fb4c3f64f24d6d4469ec239376c,BIMODAL_SUPPORT,KMEANS_RETAINED_S3,"[275, 558]","[275, 558]",PASS,,0.9188297279678376,0.8451729029040616,0.845025575968487,0.9641587048401185,0.8468973249123861,0.8451729029040616,0.9347619733166393,0.0006071704061752415,0.9997311319754028,275.0,275.0,833.0,833.0,2.0,0.025545217096805573,0.0,0.0,0.05693593654466589
MELANOMA_TUMOR_K2,BEST_CONFIG_WITH_POSITIVE_PERSISTENCE_WEIGHT,PATH_UNIFORM__KMEANS_RETAINED_S3__L06,8a4a5a5cc80ac381e70b3719c416dcae57b3178dd350cd285666b3309d3fd69e,UNIFORM_MASS_MATCHED_PATH,KMEANS_RETAINED_S3,"[276, 557]","[276, 557]",PASS,,0.9141772268245202,0.8384393166674208,0.8382856860385629,0.9620709341538081,0.8407115674276644,0.8384393166674207,0.9342954819344362,1.9188465665562544e-05,0.9999914873222259,276.0,276.0,833.0,833.0,2.0,0.030034193769097328,-0.004652501143317389,-0.006733586236640776,0.06158843768798328
MELANOMA_TUMOR_K2,STRICT_LOSO,KMEANS_RETAINED_S3__DIRECT_BASE,8a4a5a5cc80ac381e70b3719c416dcae57b3178dd350cd285666b3309d3fd69e,DIRECT_BASE,KMEANS_RETAINED_S3,"[276, 557]","[276, 557]",PASS,,0.9141772268245202,0.8384393166674208,0.8382856860385629,0.9620709341538081,0.8407115674276644,0.8384393166674207,0.9342954819344362,1.9188465665562544e-05,0.9999914873222259,276.0,276.0,833.0,833.0,2.0,0.03101895935833454,-0.004652501143317389,-0.006733586236640776,0.06158843768798328
