lane,source_board,absolute_ari,absolute_nmi,ami,arm,candidate_id,certificate_config_id,changed_from_initial,cluster_sizes_eval,cluster_sizes_full,evaluator_label_reads,failure,fmi,gearys_c_macro,homogeneity,initial_partition_sha256,k,min_cluster_size_eval,min_cluster_size_full,morans_i_macro,n_evaluated,n_total,neighbor_agreement,partition_sha256,start_id,start_index,status,v_measure,wall_seconds
P22_K9,development,0.5959576919633218,0.718005775236186,0.7175184665866664,NO_OP_STRONG_START,AUTHORITY_STRONG_START__BASE__NO_OP_STRONG_START,BASE,0,"[1153, 624, 1481, 803, 1018, 1524, 610, 1820, 163]","[1153, 624, 1481, 803, 1018, 1524, 610, 1820, 163]",1,,0.6558322730162267,0.0699815499937774,0.7298003565931803,ce444fc82e04a3c0aa7c9b8b5a74a1e7f5ac0bd4a55d3a2d92bd39008b547e3d,9,163,163,0.9324487284752886,9196,9196,0.9583966742158656,ce444fc82e04a3c0aa7c9b8b5a74a1e7f5ac0bd4a55d3a2d92bd39008b547e3d,AUTHORITY_STRONG_START,0,PASS,0.7180057752361859,2.6114284992218018e-06
P22_K9,development,0.4267792950289121,0.5775665461834908,0.5768322378365216,L2_LOWPASS_MATCHED,AUTHORITY_STRONG_START__BASE__L2_LOWPASS_MATCHED,BASE,2402,"[979, 968, 1469, 720, 608, 1315, 674, 2287, 176]","[979, 968, 1469, 720, 608, 1315, 674, 2287, 176]",1,,0.5131179597085636,0.1479666665794857,0.5835064326177801,ce444fc82e04a3c0aa7c9b8b5a74a1e7f5ac0bd4a55d3a2d92bd39008b547e3d,9,176,176,0.8549956642188905,9196,9196,0.8898954487636894,d80fa030c4bd3b152c2e0090c6da6ca2473f162f9de31ddbeaa8fb8ee199f67c,AUTHORITY_STRONG_START,0,PASS,0.5775665461834908,0.1995642464607954
P22_K9,development,0.5928748557187139,0.7131304490275349,0.7126350267692829,NIGHT15F_ORIGINAL_SELF_RETURN,AUTHORITY_STRONG_START__BASE__NIGHT15F_ORIGINAL_SELF_RETURN,BASE,85,"[1164, 626, 1488, 792, 1033, 1501, 613, 1811, 168]","[1164, 626, 1488, 792, 1033, 1501, 613, 1811, 168]",1,,0.6531568942591708,0.0723814204113485,0.7252145269888407,ce444fc82e04a3c0aa7c9b8b5a74a1e7f5ac0bd4a55d3a2d92bd39008b547e3d,9,168,168,0.9302321643142912,9196,9196,0.9563180591319456,d4c838a8483b6d323ffb772fde3c49992075aa3b39bec9394160db489f704abf,AUTHORITY_STRONG_START,0,PASS,0.7131304490275348,0.5414293985813856
P22_K9,development,0.5928748557187139,0.7131304490275349,0.7126350267692829,CCSR_FULL,AUTHORITY_STRONG_START__Q50_S2_KEEP1_E1E6__CCSR_FULL,Q50_S2_KEEP1_E1E6,85,"[1164, 626, 1488, 792, 1033, 1501, 613, 1811, 168]","[1164, 626, 1488, 792, 1033, 1501, 613, 1811, 168]",1,,0.6531568942591708,0.0723814204113485,0.7252145269888407,ce444fc82e04a3c0aa7c9b8b5a74a1e7f5ac0bd4a55d3a2d92bd39008b547e3d,9,168,168,0.9302321643142912,9196,9196,0.9563180591319456,d4c838a8483b6d323ffb772fde3c49992075aa3b39bec9394160db489f704abf,AUTHORITY_STRONG_START,0,PASS,0.7131304490275348,0.7964946497231722
P22_K9,development,0.5862504673272739,0.7073534726874648,0.7068471241133518,CCSR_CERTIFICATE_DISABLED,AUTHORITY_STRONG_START__Q50_S2_KEEP1_E1E6__CCSR_CERTIFICATE_DISABLED,Q50_S2_KEEP1_E1E6,159,"[1164, 621, 1527, 794, 1067, 1501, 541, 1815, 166]","[1164, 621, 1527, 794, 1067, 1501, 541, 1815, 166]",1,,0.6476175004057807,0.069833077434586,0.7180852292211084,ce444fc82e04a3c0aa7c9b8b5a74a1e7f5ac0bd4a55d3a2d92bd39008b547e3d,9,166,166,0.9327778683896903,9196,9196,0.9587999875903576,e744f02d389e8c65e62749dcd354432222850aed2fbd442843b4cdb4ef1b7101,AUTHORITY_STRONG_START,0,PASS,0.7073534726874648,0.8225394114851952
P22_K9,development,0.5954209025448619,0.7173110982964497,0.7168227014458015,CCSR_RANDOM_MASK_COUNT_MATCHED,AUTHORITY_STRONG_START__Q50_S2_KEEP1_E1E6__CCSR_RANDOM_MASK_COUNT_MATCHED,Q50_S2_KEEP1_E1E6,33,"[1148, 626, 1479, 801, 1023, 1525, 611, 1818, 165]","[1148, 626, 1479, 801, 1023, 1525, 611, 1818, 165]",1,,0.6553621565252227,0.0707412228635212,0.7292263631962969,ce444fc82e04a3c0aa7c9b8b5a74a1e7f5ac0bd4a55d3a2d92bd39008b547e3d,9,165,165,0.9317677631459992,9196,9196,0.9576831197840724,c91df305b31d47ea1ef2bc871a4d71ed83b13aa6956fe576701855fc6c3f280e,AUTHORITY_STRONG_START,0,PASS,0.7173110982964498,0.7236455921083689
P22_K9,development,0.5928748557187139,0.7131304490275349,0.7126350267692829,CCSR_UNARY_MARGIN_ONLY,AUTHORITY_STRONG_START__Q50_S2_KEEP1_E1E6__CCSR_UNARY_MARGIN_ONLY,Q50_S2_KEEP1_E1E6,85,"[1164, 626, 1488, 792, 1033, 1501, 613, 1811, 168]","[1164, 626, 1488, 792, 1033, 1501, 613, 1811, 168]",1,,0.6531568942591708,0.0723814204113485,0.7252145269888407,ce444fc82e04a3c0aa7c9b8b5a74a1e7f5ac0bd4a55d3a2d92bd39008b547e3d,9,168,168,0.9302321643142912,9196,9196,0.9563180591319456,d4c838a8483b6d323ffb772fde3c49992075aa3b39bec9394160db489f704abf,AUTHORITY_STRONG_START,0,PASS,0.7131304490275348,0.7644646763801575
P22_K9,development,0.5941750031440369,0.715287014297148,0.7147952611575991,CCSR_VIEW_SUPPORT_ONLY,AUTHORITY_STRONG_START__Q50_S2_KEEP1_E1E6__CCSR_VIEW_SUPPORT_ONLY,Q50_S2_KEEP1_E1E6,61,"[1154, 625, 1482, 798, 1024, 1516, 613, 1816, 168]","[1154, 625, 1482, 798, 1024, 1516, 613, 1816, 168]",1,,0.6542826343328823,0.0724043949227011,0.7273271447624223,ce444fc82e04a3c0aa7c9b8b5a74a1e7f5ac0bd4a55d3a2d92bd39008b547e3d,9,168,168,0.9301718137872934,9196,9196,0.9562870350262154,4d634a63f93285bc3bab5769959fa7b8d5f4c48cc67652c8a1161c693cf02664,AUTHORITY_STRONG_START,0,PASS,0.7152870142971479,0.7324556391686201
P22_K9,development,0.5959576919633218,0.718005775236186,0.7175184665866664,CCSR_PROTECT_ALL,AUTHORITY_STRONG_START__Q50_S2_KEEP1_E1E6__CCSR_PROTECT_ALL,Q50_S2_KEEP1_E1E6,0,"[1153, 624, 1481, 803, 1018, 1524, 610, 1820, 163]","[1153, 624, 1481, 803, 1018, 1524, 610, 1820, 163]",1,,0.6558322730162267,0.0699815499937774,0.7298003565931803,ce444fc82e04a3c0aa7c9b8b5a74a1e7f5ac0bd4a55d3a2d92bd39008b547e3d,9,163,163,0.9324487284752886,9196,9196,0.9583966742158656,ce444fc82e04a3c0aa7c9b8b5a74a1e7f5ac0bd4a55d3a2d92bd39008b547e3d,AUTHORITY_STRONG_START,0,PASS,0.7180057752361859,0.7129138391464949
MISAR_K7,development,0.5416365903694235,0.6669488935833198,0.6651935851132982,NO_OP_STRONG_START,AUTHORITY_STRONG_START__BASE__NO_OP_STRONG_START,BASE,0,"[295, 437, 178, 267, 355, 292, 125]","[295, 437, 178, 267, 355, 292, 125]",1,,0.6332069965196186,0.0797725769119333,0.70517948377323,1e7f48d5c56302ba7e728af2f70df32fe0f52f3dc49d1118ad2509ce58675829,7,125,125,0.9221019057409858,1949,1949,0.936631055173423,1e7f48d5c56302ba7e728af2f70df32fe0f52f3dc49d1118ad2509ce58675829,AUTHORITY_STRONG_START,0,PASS,0.6669488935833197,2.4810433387756348e-06
MISAR_K7,development,0.3563704112765345,0.5414957973737508,0.5390941521651887,L2_LOWPASS_MATCHED,AUTHORITY_STRONG_START__BASE__L2_LOWPASS_MATCHED,BASE,543,"[226, 240, 415, 371, 277, 148, 272]","[226, 240, 415, 371, 277, 148, 272]",1,,0.4793605954809692,0.0943914545807236,0.5754331804160737,1e7f48d5c56302ba7e728af2f70df32fe0f52f3dc49d1118ad2509ce58675829,7,148,148,0.9067661061061224,1949,1949,0.9236060295624176,36818a30ebf39a60530980ecbc6e061d5b3f426ed21be4e057c4489f97205c08,AUTHORITY_STRONG_START,0,PASS,0.5414957973737506,0.0460552293807268
MISAR_K7,development,0.5417984659042879,0.6658418512414895,0.6640811938706853,NIGHT15F_ORIGINAL_SELF_RETURN,AUTHORITY_STRONG_START__BASE__NIGHT15F_ORIGINAL_SELF_RETURN,BASE,4,"[295, 438, 181, 267, 352, 291, 125]","[295, 438, 181, 267, 352, 291, 125]",1,,0.6333394977777734,0.0792240500707243,0.70417353829253,1e7f48d5c56302ba7e728af2f70df32fe0f52f3dc49d1118ad2509ce58675829,7,125,125,0.922651758430902,1949,1949,0.9373627981852772,8022356d937c8f1a8018b2c0bf03eaa105528961be9abe0e5463b690925f8696,AUTHORITY_STRONG_START,0,PASS,0.6658418512414895,0.0887239817529916
MISAR_K7,development,0.5417984659042879,0.6658418512414895,0.6640811938706853,CCSR_FULL,AUTHORITY_STRONG_START__Q50_S2_KEEP1_E1E6__CCSR_FULL,Q50_S2_KEEP1_E1E6,4,"[295, 438, 181, 267, 352, 291, 125]","[295, 438, 181, 267, 352, 291, 125]",1,,0.6333394977777734,0.0792240500707243,0.70417353829253,1e7f48d5c56302ba7e728af2f70df32fe0f52f3dc49d1118ad2509ce58675829,7,125,125,0.922651758430902,1949,1949,0.9373627981852772,8022356d937c8f1a8018b2c0bf03eaa105528961be9abe0e5463b690925f8696,AUTHORITY_STRONG_START,0,PASS,0.6658418512414895,0.126759810373187
MISAR_K7,development,0.5417984659042879,0.6658418512414895,0.6640811938706853,CCSR_CERTIFICATE_DISABLED,AUTHORITY_STRONG_START__Q50_S2_KEEP1_E1E6__CCSR_CERTIFICATE_DISABLED,Q50_S2_KEEP1_E1E6,4,"[295, 438, 181, 267, 352, 291, 125]","[295, 438, 181, 267, 352, 291, 125]",1,,0.6333394977777734,0.0792240500707243,0.70417353829253,1e7f48d5c56302ba7e728af2f70df32fe0f52f3dc49d1118ad2509ce58675829,7,125,125,0.922651758430902,1949,1949,0.9373627981852772,8022356d937c8f1a8018b2c0bf03eaa105528961be9abe0e5463b690925f8696,AUTHORITY_STRONG_START,0,PASS,0.6658418512414895,0.1395545303821563
MISAR_K7,development,0.5420114322041834,0.6659929948807047,0.6642332429515404,CCSR_RANDOM_MASK_COUNT_MATCHED,AUTHORITY_STRONG_START__Q50_S2_KEEP1_E1E6__CCSR_RANDOM_MASK_COUNT_MATCHED,Q50_S2_KEEP1_E1E6,3,"[295, 437, 181, 267, 352, 292, 125]","[295, 437, 181, 267, 352, 292, 125]",1,,0.6335150294377158,0.0797561028236092,0.7043744559974618,1e7f48d5c56302ba7e728af2f70df32fe0f52f3dc49d1118ad2509ce58675829,7,125,125,0.9221459037733328,1949,1949,0.936777403775794,21a1f12216b86eecfbc1044d0915ee336b631adfa546a79ee376af15efcb6f8d,AUTHORITY_STRONG_START,0,PASS,0.6659929948807048,0.1294921543449163
MISAR_K7,development,0.5417984659042879,0.6658418512414895,0.6640811938706853,CCSR_UNARY_MARGIN_ONLY,AUTHORITY_STRONG_START__Q50_S2_KEEP1_E1E6__CCSR_UNARY_MARGIN_ONLY,Q50_S2_KEEP1_E1E6,4,"[295, 438, 181, 267, 352, 291, 125]","[295, 438, 181, 267, 352, 291, 125]",1,,0.6333394977777734,0.0792240500707243,0.70417353829253,1e7f48d5c56302ba7e728af2f70df32fe0f52f3dc49d1118ad2509ce58675829,7,125,125,0.922651758430902,1949,1949,0.9373627981852772,8022356d937c8f1a8018b2c0bf03eaa105528961be9abe0e5463b690925f8696,AUTHORITY_STRONG_START,0,PASS,0.6658418512414895,0.1470016539096832
MISAR_K7,development,0.5417571730402841,0.6665842964655063,0.664827266917494,CCSR_VIEW_SUPPORT_ONLY,AUTHORITY_STRONG_START__Q50_S2_KEEP1_E1E6__CCSR_VIEW_SUPPORT_ONLY,Q50_S2_KEEP1_E1E6,1,"[295, 437, 179, 267, 354, 292, 125]","[295, 437, 179, 267, 354, 292, 125]",1,,0.6333059869526826,0.0797114886050322,0.704863453934214,1e7f48d5c56302ba7e728af2f70df32fe0f52f3dc49d1118ad2509ce58675829,7,125,125,0.9222110650667402,1949,1949,0.936777403775794,df83a952ed43b177c4c6098e0cb560e9bf692f883b44a98052cae9144f2c144b,AUTHORITY_STRONG_START,0,PASS,0.6665842964655063,0.1281210295855999
MISAR_K7,development,0.5416365903694235,0.6669488935833198,0.6651935851132982,CCSR_PROTECT_ALL,AUTHORITY_STRONG_START__Q50_S2_KEEP1_E1E6__CCSR_PROTECT_ALL,Q50_S2_KEEP1_E1E6,0,"[295, 437, 178, 267, 355, 292, 125]","[295, 437, 178, 267, 355, 292, 125]",1,,0.6332069965196186,0.0797725769119333,0.70517948377323,1e7f48d5c56302ba7e728af2f70df32fe0f52f3dc49d1118ad2509ce58675829,7,125,125,0.9221019057409858,1949,1949,0.936631055173423,1e7f48d5c56302ba7e728af2f70df32fe0f52f3dc49d1118ad2509ce58675829,AUTHORITY_STRONG_START,0,PASS,0.6669488935833197,0.1184196434915065
PLACENTA_K10,development,0.351752533665932,0.5334512189737729,0.5274611084450909,NO_OP_STRONG_START,FUSED_KMEANS_S0__BASE__NO_OP_STRONG_START,BASE,0,"[239, 100, 137, 104, 176, 254, 63, 301, 200, 88]","[239, 100, 137, 104, 176, 254, 63, 301, 200, 88]",1,,0.4557741705764112,0.8276853872349124,0.5779230471370456,5793f8d4c49623fcc298a013ebac56221c33e55eb9aa8271b9190de8e6aff2a5,10,63,63,0.17830772783965,1662,1662,0.2457396888120523,5793f8d4c49623fcc298a013ebac56221c33e55eb9aa8271b9190de8e6aff2a5,FUSED_KMEANS_S0,0,PASS,0.533451218973773,2.559274435043335e-06
PLACENTA_K10,development,0.3690094460198729,0.5249779421342756,0.5188122624249,L2_LOWPASS_MATCHED,FUSED_KMEANS_S0__BASE__L2_LOWPASS_MATCHED,BASE,273,"[270, 100, 141, 110, 182, 379, 54, 121, 212, 93]","[270, 100, 141, 110, 182, 379, 54, 121, 212, 93]",1,,0.471893474461622,0.7500641807261278,0.5635626580746694,5793f8d4c49623fcc298a013ebac56221c33e55eb9aa8271b9190de8e6aff2a5,10,54,54,0.2661213817001982,1662,1662,0.3061249691281798,96c2d71471e3e678f3c3d9138452d95c4ae1227e39569e30be90601b098f1d74,FUSED_KMEANS_S0,0,PASS,0.5249779421342756,0.0415202882140874
PLACENTA_K10,development,0.0305782367349945,0.123420153192064,0.1109614540021613,NIGHT15F_ORIGINAL_SELF_RETURN,FUSED_KMEANS_S0__BASE__NIGHT15F_ORIGINAL_SELF_RETURN,BASE,1141,"[6, 5, 14, 69, 171, 648, 51, 67, 509, 122]","[6, 5, 14, 69, 171, 648, 51, 67, 509, 122]",1,,0.2449433262352686,0.1684327057647618,0.1142298913988238,5793f8d4c49623fcc298a013ebac56221c33e55eb9aa8271b9190de8e6aff2a5,10,5,5,0.8412124883292277,1662,1662,0.929118300815016,b60cc6b5996254cd455d2f6e9cdab5104f17e759be33ccd7952fdd56a254cc66,FUSED_KMEANS_S0,0,PASS,0.123420153192064,0.1747711040079593
PLACENTA_K10,development,0.1634494615325304,0.2568865310613952,0.2474144785356939,CCSR_FULL,FUSED_KMEANS_S0__Q50_S2_KEEP1_E1E6__CCSR_FULL,Q50_S2_KEEP1_E1E6,643,"[288, 119, 147, 129, 198, 274, 53, 140, 185, 129]","[288, 119, 147, 129, 198, 274, 53, 140, 185, 129]",1,,0.289777212626574,0.4924370790424127,0.2797513650722741,5793f8d4c49623fcc298a013ebac56221c33e55eb9aa8271b9190de8e6aff2a5,10,53,53,0.5207509955650818,1662,1662,0.545196344776488,0d899ff40464eed6b3254fdc29bc53527d9933c1742b25b4c2e128b84d2a2cf8,FUSED_KMEANS_S0,0,PASS,0.2568865310613951,0.1687930226325988
PLACENTA_K10,development,0.1094549527525597,0.3453499856931713,0.3362140143022496,CCSR_CERTIFICATE_DISABLED,FUSED_KMEANS_S0__Q50_S2_KEEP1_E1E6__CCSR_CERTIFICATE_DISABLED,Q50_S2_KEEP1_E1E6,619,"[132, 59, 83, 68, 84, 174, 682, 203, 113, 64]","[132, 59, 83, 68, 84, 174, 682, 203, 113, 64]",1,,0.2861518932116045,0.7392291217743726,0.3486251369064285,5793f8d4c49623fcc298a013ebac56221c33e55eb9aa8271b9190de8e6aff2a5,10,59,59,0.2539336226928711,1662,1662,0.5345764386268215,629f64521718d67263c4dacbff6f7b70cb2bcd5355a2a4485f4e610c6baa0b81,FUSED_KMEANS_S0,0,PASS,0.3453499856931712,0.1475339699536562
PLACENTA_K10,development,0.1699916224823081,0.2697467281655357,0.260300390609578,CCSR_RANDOM_MASK_COUNT_MATCHED,FUSED_KMEANS_S0__Q50_S2_KEEP1_E1E6__CCSR_RANDOM_MASK_COUNT_MATCHED,Q50_S2_KEEP1_E1E6,463,"[272, 65, 117, 106, 189, 289, 63, 274, 193, 94]","[272, 65, 117, 106, 189, 289, 63, 274, 193, 94]",1,,0.2987707423980115,0.6383750489734983,0.2904139586511893,5793f8d4c49623fcc298a013ebac56221c33e55eb9aa8271b9190de8e6aff2a5,10,63,63,0.3671371721559585,1662,1662,0.4356631266979501,5d72622d926572bf2fb598727586a9915435323791704390bbf7f0983079b59f,FUSED_KMEANS_S0,0,PASS,0.2697467281655357,0.1562428660690784
PLACENTA_K10,development,0.1667843378795873,0.2594624778763583,0.2500200183961644,CCSR_UNARY_MARGIN_ONLY,FUSED_KMEANS_S0__Q50_S2_KEEP1_E1E6__CCSR_UNARY_MARGIN_ONLY,Q50_S2_KEEP1_E1E6,635,"[293, 118, 148, 129, 196, 274, 53, 142, 180, 129]","[293, 118, 148, 129, 196, 274, 53, 142, 180, 129]",1,,0.2928302211327953,0.4980029665200908,0.2824788525263192,5793f8d4c49623fcc298a013ebac56221c33e55eb9aa8271b9190de8e6aff2a5,10,53,53,0.5150718184645781,1662,1662,0.5407508026673252,18a9820d8b13de6e955e3fde0ca6532ee55ce1bb5e4501b8f3439c13f01187eb,FUSED_KMEANS_S0,0,PASS,0.2594624778763582,0.1615998484194278
PLACENTA_K10,development,0.3277058507728518,0.457888656507272,0.4509537685649314,CCSR_VIEW_SUPPORT_ONLY,FUSED_KMEANS_S0__Q50_S2_KEEP1_E1E6__CCSR_VIEW_SUPPORT_ONLY,Q50_S2_KEEP1_E1E6,190,"[260, 100, 145, 119, 186, 275, 51, 234, 192, 100]","[260, 100, 145, 119, 186, 275, 51, 234, 192, 100]",1,,0.4344581872102195,0.7314188369051529,0.4971735606877268,5793f8d4c49623fcc298a013ebac56221c33e55eb9aa8271b9190de8e6aff2a5,10,51,51,0.2798367009854129,1662,1662,0.3132872314151642,f40639e4594cdb375ef5f9213fe4a45ca59e0591fe1de3f3821dfc907b186345,FUSED_KMEANS_S0,0,PASS,0.4578886565072721,0.1363389361649751
PLACENTA_K10,development,0.351752533665932,0.5334512189737729,0.5274611084450909,CCSR_PROTECT_ALL,FUSED_KMEANS_S0__Q50_S2_KEEP1_E1E6__CCSR_PROTECT_ALL,Q50_S2_KEEP1_E1E6,0,"[239, 100, 137, 104, 176, 254, 63, 301, 200, 88]","[239, 100, 137, 104, 176, 254, 63, 301, 200, 88]",1,,0.4557741705764112,0.8276853872349124,0.5779230471370456,5793f8d4c49623fcc298a013ebac56221c33e55eb9aa8271b9190de8e6aff2a5,10,63,63,0.17830772783965,1662,1662,0.2457396888120523,5793f8d4c49623fcc298a013ebac56221c33e55eb9aa8271b9190de8e6aff2a5,FUSED_KMEANS_S0,0,PASS,0.533451218973773,0.120759442448616
HUMAN_HIPPOCAMPUS_K7,p0,0.1657336868947469,0.2631898402663674,0.260003643907149,NO_OP_STRONG_START,NIGHT16E_BYTE_EXACT_UNLABELED_START__BASE__NO_OP_STRONG_START,BASE,0,"[48, 502, 176, 852, 427, 395, 100]","[48, 502, 176, 852, 427, 395, 100]",1,,0.3434313465946866,0.6122018206336931,0.2583286704694661,88f57f0f5a8c8801cf03b0debdcf38697479b6d05777b501f02be23b4468c9ed,7,48,48,0.3803900082456308,2500,2500,0.4724133508531583,88f57f0f5a8c8801cf03b0debdcf38697479b6d05777b501f02be23b4468c9ed,NIGHT16E_BYTE_EXACT_UNLABELED_START,0,PASS,0.2631898402663674,1.7080456018447876e-06
HUMAN_HIPPOCAMPUS_K7,p0,0.2397173865096601,0.3343777473383088,0.3314686243051061,L2_LOWPASS_MATCHED,NIGHT16E_BYTE_EXACT_UNLABELED_START__BASE__L2_LOWPASS_MATCHED,BASE,533,"[49, 569, 162, 825, 408, 422, 65]","[49, 569, 162, 825, 408, 422, 65]",1,,0.4030431127804738,0.5086237709286584,0.3257108094055785,88f57f0f5a8c8801cf03b0debdcf38697479b6d05777b501f02be23b4468c9ed,7,49,49,0.4837184390906333,2500,2500,0.5813172890727203,58004e757322bfbc83811840a8b50b185c975d54a5b898b566d32413fbe7da11,NIGHT16E_BYTE_EXACT_UNLABELED_START,0,PASS,0.3343777473383088,0.0605035964399576
HUMAN_HIPPOCAMPUS_K7,p0,0.1675095128890754,0.2667558803103532,0.2635933099071859,NIGHT15F_ORIGINAL_SELF_RETURN,NIGHT16E_BYTE_EXACT_UNLABELED_START__BASE__NIGHT15F_ORIGINAL_SELF_RETURN,BASE,5,"[53, 502, 176, 847, 427, 395, 100]","[53, 502, 176, 847, 427, 395, 100]",1,,0.3442976017310758,0.6061614170053469,0.2622620722424041,88f57f0f5a8c8801cf03b0debdcf38697479b6d05777b501f02be23b4468c9ed,7,53,53,0.3872501491470867,2500,2500,0.4742985200196438,6c6c334d93ecde6865c4b5b45757ddf0a971e60dfa6f1f0ca85877dd10902159,NIGHT16E_BYTE_EXACT_UNLABELED_START,0,PASS,0.2667558803103531,0.1103448327630758
HUMAN_HIPPOCAMPUS_K7,p0,0.3444635340232165,0.4289374305113309,0.4265284126119104,CCSR_FULL,NIGHT16E_BYTE_EXACT_UNLABELED_START__Q65_S2_KEEP1_E1E6__CCSR_FULL,Q65_S2_KEEP1_E1E6,875,"[51, 594, 279, 515, 474, 487, 100]","[51, 594, 279, 515, 474, 487, 100]",1,,0.4744966437070929,0.2728184907156575,0.4308422796700218,88f57f0f5a8c8801cf03b0debdcf38697479b6d05777b501f02be23b4468c9ed,7,51,51,0.7160273993175897,2500,2500,0.7983187158381928,2ca14799ae58c8e425c70b7a26074789a95e49d4d235e04405c1f733f382d3d2,NIGHT16E_BYTE_EXACT_UNLABELED_START,0,PASS,0.4289374305113309,0.2009419612586498
HUMAN_HIPPOCAMPUS_K7,p0,0.1675264171909398,0.2665886855740694,0.2634266715583109,CCSR_CERTIFICATE_DISABLED,NIGHT16E_BYTE_EXACT_UNLABELED_START__Q65_S2_KEEP1_E1E6__CCSR_CERTIFICATE_DISABLED,Q65_S2_KEEP1_E1E6,6,"[54, 502, 176, 847, 427, 394, 100]","[54, 502, 176, 847, 427, 394, 100]",1,,0.3442655262923021,0.6060703859431131,0.262158976378752,88f57f0f5a8c8801cf03b0debdcf38697479b6d05777b501f02be23b4468c9ed,7,54,54,0.3875570636230188,2500,2500,0.4746307975256044,1c1dcb240893c217aef79b1941bcc71eb52857da8f4775cc2cbdf5f70eb21817,NIGHT16E_BYTE_EXACT_UNLABELED_START,0,PASS,0.2665886855740694,0.1519337054342031
HUMAN_HIPPOCAMPUS_K7,p0,0.2770718560479919,0.3637348527226207,0.3609287524370769,CCSR_RANDOM_MASK_COUNT_MATCHED,NIGHT16E_BYTE_EXACT_UNLABELED_START__Q65_S2_KEEP1_E1E6__CCSR_RANDOM_MASK_COUNT_MATCHED,Q65_S2_KEEP1_E1E6,599,"[49, 619, 219, 892, 293, 374, 54]","[49, 619, 219, 892, 293, 374, 54]",1,,0.4369195138187715,0.404193515610903,0.3515713224414863,88f57f0f5a8c8801cf03b0debdcf38697479b6d05777b501f02be23b4468c9ed,7,49,49,0.5859122265313031,2500,2500,0.71413352282586,201d96b87c4b9d4e53fa08ea4b5a7b767fd5270a7ba733f783a0777ebb2851bc,NIGHT16E_BYTE_EXACT_UNLABELED_START,0,PASS,0.3637348527226207,0.1950092390179634
HUMAN_HIPPOCAMPUS_K7,p0,0.3264036515427618,0.4039412525808045,0.4014353507836091,CCSR_UNARY_MARGIN_ONLY,NIGHT16E_BYTE_EXACT_UNLABELED_START__Q65_S2_KEEP1_E1E6__CCSR_UNARY_MARGIN_ONLY,Q65_S2_KEEP1_E1E6,814,"[51, 575, 268, 512, 459, 517, 118]","[51, 575, 268, 512, 459, 517, 118]",1,,0.4594252451560622,0.306816192174506,0.4067897150727877,88f57f0f5a8c8801cf03b0debdcf38697479b6d05777b501f02be23b4468c9ed,7,51,51,0.6837239181370623,2500,2500,0.7730623391754512,c82baaf85c3903869ac9dfe7ee285713153dd4d2762e102014a917cd12e4107a,NIGHT16E_BYTE_EXACT_UNLABELED_START,0,PASS,0.4039412525808045,0.2117954362183809
HUMAN_HIPPOCAMPUS_K7,p0,0.2727737536414796,0.3630483255026048,0.3602941092956987,CCSR_VIEW_SUPPORT_ONLY,NIGHT16E_BYTE_EXACT_UNLABELED_START__Q65_S2_KEEP1_E1E6__CCSR_VIEW_SUPPORT_ONLY,Q65_S2_KEEP1_E1E6,436,"[51, 586, 205, 779, 345, 459, 75]","[51, 586, 205, 779, 345, 459, 75]",1,,0.4259706344270823,0.4545664205771654,0.3567087803120896,88f57f0f5a8c8801cf03b0debdcf38697479b6d05777b501f02be23b4468c9ed,7,51,51,0.537901218395994,2500,2500,0.6455018475963347,71bcacd632cea02c58f4d0982449d316d03c8d5ac850be1a44634bd122bda000,NIGHT16E_BYTE_EXACT_UNLABELED_START,0,PASS,0.3630483255026049,0.1800334081053733
HUMAN_HIPPOCAMPUS_K7,p0,0.1657336868947469,0.2631898402663674,0.260003643907149,CCSR_PROTECT_ALL,NIGHT16E_BYTE_EXACT_UNLABELED_START__Q65_S2_KEEP1_E1E6__CCSR_PROTECT_ALL,Q65_S2_KEEP1_E1E6,0,"[48, 502, 176, 852, 427, 395, 100]","[48, 502, 176, 852, 427, 395, 100]",1,,0.3434313465946866,0.6122018206336931,0.2583286704694661,88f57f0f5a8c8801cf03b0debdcf38697479b6d05777b501f02be23b4468c9ed,7,48,48,0.3803900082456308,2500,2500,0.4724133508531583,88f57f0f5a8c8801cf03b0debdcf38697479b6d05777b501f02be23b4468c9ed,NIGHT16E_BYTE_EXACT_UNLABELED_START,0,PASS,0.2631898402663674,0.139940058812499
