lane,start_index,start_id,certificate_config_id,full_candidate_id,full_partition_sha256,absolute_ari,absolute_nmi,baseline_ari,baseline_nmi,delta_ari_vs_noop,delta_nmi_vs_noop,dual_gain_vs_noop,dominating_key_controls,byte_exact_key_controls,independent_dual_gain,strictly_beaten_key_controls,strict_independent_dual_gain,trusted_fraction,changed_from_initial,min_cluster_size_full
P22_K9,0,AUTHORITY_STRONG_START,Q50_S2_KEEP1_E1E6,AUTHORITY_STRONG_START__Q50_S2_KEEP1_E1E6__CCSR_FULL,d4c838a8483b6d323ffb772fde3c49992075aa3b39bec9394160db489f704abf,0.5928748557187139,0.7131304490275349,0.5959576919633218,0.718005775236186,-0.0030828362446079227,-0.004875326208651165,False,NIGHT15F_ORIGINAL_SELF_RETURN|CCSR_RANDOM_MASK_COUNT_MATCHED,NIGHT15F_ORIGINAL_SELF_RETURN,False,CCSR_CERTIFICATE_DISABLED,False,0.4935841670291431,85,168
P22_K9,1,KMEANS_RETAINED_S0,Q50_S2_KEEP1_E1E6,KMEANS_RETAINED_S0__Q50_S2_KEEP1_E1E6__CCSR_FULL,83c18caf3ee0638a4601e62e259f138ee95575d0a9f35168a79bdd4d7357e4fb,0.5120604521051632,0.6415174461486495,0.4783709631885838,0.6071249240502686,0.03368948891657936,0.03439252209838084,True,NIGHT15F_ORIGINAL_SELF_RETURN|CCSR_CERTIFICATE_DISABLED,,False,CCSR_RANDOM_MASK_COUNT_MATCHED,False,0.49847759895606786,914,704
P22_K9,2,KMEANS_RETAINED_S1,Q50_S2_KEEP1_E1E6,KMEANS_RETAINED_S1__Q50_S2_KEEP1_E1E6__CCSR_FULL,da7a350ced0ee4e4c348129ccf57b55319af887a0c4b400a741965ec11dc49bb,0.4888652226507258,0.6257744669285452,0.4490447455901838,0.5869323958022975,0.03982047706054198,0.03884207112624771,True,NIGHT15F_ORIGINAL_SELF_RETURN|CCSR_CERTIFICATE_DISABLED,,False,CCSR_RANDOM_MASK_COUNT_MATCHED,False,0.4964114832535885,905,166
MISAR_K7,0,AUTHORITY_STRONG_START,Q50_S2_KEEP1_E1E6,AUTHORITY_STRONG_START__Q50_S2_KEEP1_E1E6__CCSR_FULL,8022356d937c8f1a8018b2c0bf03eaa105528961be9abe0e5463b690925f8696,0.5417984659042879,0.6658418512414895,0.5416365903694235,0.6669488935833198,0.00016187553486446404,-0.0011070423418302333,False,NIGHT15F_ORIGINAL_SELF_RETURN|CCSR_CERTIFICATE_DISABLED|CCSR_RANDOM_MASK_COUNT_MATCHED,NIGHT15F_ORIGINAL_SELF_RETURN|CCSR_CERTIFICATE_DISABLED,False,,False,0.4817855310415598,4,125
MISAR_K7,1,KMEANS_RETAINED_S0,Q50_S2_KEEP1_E1E6,KMEANS_RETAINED_S0__Q50_S2_KEEP1_E1E6__CCSR_FULL,ee139fac93efb4a15878ad00ac00e39c4fed2b91977702db2e1da2ec907b7be2,0.3589878207790309,0.5470655781616869,0.3556349784747265,0.5354096019683647,0.003352842304304382,0.011655976193322148,True,NIGHT15F_ORIGINAL_SELF_RETURN|CCSR_CERTIFICATE_DISABLED,NIGHT15F_ORIGINAL_SELF_RETURN|CCSR_CERTIFICATE_DISABLED,False,CCSR_RANDOM_MASK_COUNT_MATCHED,False,0.49717804002052335,47,145
MISAR_K7,2,KMEANS_RETAINED_S1,Q50_S2_KEEP1_E1E6,KMEANS_RETAINED_S1__Q50_S2_KEEP1_E1E6__CCSR_FULL,15f636d956c87a113e08164a409dd56a43d23e071172236b8982555fbff01ab1,0.35912160666153,0.5456251013028484,0.3554082764180854,0.5350465324440232,0.003713330243444557,0.010578568858825133,True,NIGHT15F_ORIGINAL_SELF_RETURN|CCSR_CERTIFICATE_DISABLED,NIGHT15F_ORIGINAL_SELF_RETURN|CCSR_CERTIFICATE_DISABLED,False,CCSR_RANDOM_MASK_COUNT_MATCHED,False,0.49717804002052335,47,145
PLACENTA_K10,0,FUSED_KMEANS_S0,Q50_S2_KEEP1_E1E6,FUSED_KMEANS_S0__Q50_S2_KEEP1_E1E6__CCSR_FULL,0d899ff40464eed6b3254fdc29bc53527d9933c1742b25b4c2e128b84d2a2cf8,0.1634494615325304,0.2568865310613952,0.351752533665932,0.5334512189737729,-0.1883030721334016,-0.2765646879123777,False,CCSR_RANDOM_MASK_COUNT_MATCHED,,False,NIGHT15F_ORIGINAL_SELF_RETURN,False,0.49578820697954273,643,53
PLACENTA_K10,1,FUSED_KMEANS_S1,Q50_S2_KEEP1_E1E6,FUSED_KMEANS_S1__Q50_S2_KEEP1_E1E6__CCSR_FULL,ddb928cca7ea0664c490752bd2666a3d1fcc73ec7b82a0fc7b1cbde35dfd8774,0.1826012401277675,0.3010872083239361,0.3380489586061912,0.5351160094694808,-0.15544771847842373,-0.2340288011455447,False,CCSR_RANDOM_MASK_COUNT_MATCHED,,False,NIGHT15F_ORIGINAL_SELF_RETURN|CCSR_CERTIFICATE_DISABLED,False,0.4993983152827918,592,88
PLACENTA_K10,2,FUSED_KMEANS_S2,Q50_S2_KEEP1_E1E6,FUSED_KMEANS_S2__Q50_S2_KEEP1_E1E6__CCSR_FULL,78c107f299f3e6a2f46c05ae05a6f951cb06f28e66b053e29aa06d0778def67a,0.2292006421517519,0.3072495097801109,0.417145824870958,0.527824740818264,-0.18794518271920613,-0.22057523103815313,False,,,False,NIGHT15F_ORIGINAL_SELF_RETURN|CCSR_CERTIFICATE_DISABLED|CCSR_RANDOM_MASK_COUNT_MATCHED,False,0.49338146811071,574,75
