dataset,graph_id,seed,artifact,absolute_path,size_bytes,sha256
d1,G00_SP18_F20_CORR_UNION,0,run_manifest.json,/root/autodl-fs/night6d_raw_runs_20260817/G00_SP18_F20_CORR_UNION/d1/seed_0/attempt_001/run_manifest.json,6697,9694bfa267696f029407947c1ac9be677d2f8d1d5c3217ebd1532d77ae8af752
d1,G00_SP18_F20_CORR_UNION,0,checkpoint_reload_audit.json,/root/autodl-fs/night6d_raw_runs_20260817/G00_SP18_F20_CORR_UNION/d1/seed_0/attempt_001/checkpoint_reload_audit.json,2834,8c8d9f5cebfe184917af71593fa12cf72398d94932a75e70fc699549afbb161c
d1,G00_SP18_F20_CORR_UNION,0,coefficient_probe.json,/root/autodl-fs/night6d_raw_runs_20260817/G00_SP18_F20_CORR_UNION/d1/seed_0/attempt_001/coefficient_probe.json,30967,7f3d8334463563f0811e5b5f6b8331d32185c793af0316d028c4c656a8fe9154
d1,G00_SP18_F20_CORR_UNION,0,h00_clusters.csv,/root/autodl-fs/night6d_raw_runs_20260817/G00_SP18_F20_CORR_UNION/d1/seed_0/attempt_001/h00_clusters.csv,80771,4d259bd87493f554e9e30161fd555fb55dc9f46b1a8c66e4a11ddecd37ba4959
d1,G00_SP18_F20_CORR_UNION,0,loss_trajectory.csv,/root/autodl-fs/night6d_raw_runs_20260817/G00_SP18_F20_CORR_UNION/d1/seed_0/attempt_001/loss_trajectory.csv,4974,d4170e973f7560ac92ee2b56a00ba8b371997250f4105c438ea210ca2ecada5d
d1,G00_SP18_F20_CORR_UNION,0,model_final.pt,/root/autodl-fs/night6d_raw_runs_20260817/G00_SP18_F20_CORR_UNION/d1/seed_0/attempt_001/model_final.pt,1606367,4890ff89c1be7947a0df8c4d9cbdf3f6b6660fd3cd93f163b49c91f158eddbcf
d1,G00_SP18_F20_CORR_UNION,0,observation_ids.csv,/root/autodl-fs/night6d_raw_runs_20260817/G00_SP18_F20_CORR_UNION/d1/seed_0/attempt_001/observation_ids.csv,73913,9987fde7a974faa2ad2f493677414f6de2a3a6b2531c56b02e462eef09f99c6e
d1,G00_SP18_F20_CORR_UNION,0,reload_spec.json,/root/autodl-fs/night6d_raw_runs_20260817/G00_SP18_F20_CORR_UNION/d1/seed_0/attempt_001/reload_spec.json,435,228de2ad9bae32e8ec06b41abf8500f7c4759f3f543806e85ad59ec35c2c39bd
d1,G00_SP18_F20_CORR_UNION,0,views.npz,/root/autodl-fs/night6d_raw_runs_20260817/G00_SP18_F20_CORR_UNION/d1/seed_0/attempt_001/views.npz,2466294,68140a8c5df00c66773e1de25375b28ef1fdd1175170335bca2350164ae45d3a
d1,G00_SP18_F20_CORR_UNION,1,run_manifest.json,/root/autodl-fs/night6d_raw_runs_20260817/G00_SP18_F20_CORR_UNION/d1/seed_1/attempt_001/run_manifest.json,6691,00ae4eb961d496602cfff5735a3f8a20087dd70452e1cb377e67c073a152e0ba
d1,G00_SP18_F20_CORR_UNION,1,checkpoint_reload_audit.json,/root/autodl-fs/night6d_raw_runs_20260817/G00_SP18_F20_CORR_UNION/d1/seed_1/attempt_001/checkpoint_reload_audit.json,2834,7b385efa3d8cc7f34cdd2c3cd558eaf57a86d885830b6bf2787dea0d31354879
d1,G00_SP18_F20_CORR_UNION,1,coefficient_probe.json,/root/autodl-fs/night6d_raw_runs_20260817/G00_SP18_F20_CORR_UNION/d1/seed_1/attempt_001/coefficient_probe.json,30979,28136a6b88a04ed8590a998b6aa82f36d7575b494a9527b5261832dce18a4aef
d1,G00_SP18_F20_CORR_UNION,1,h00_clusters.csv,/root/autodl-fs/night6d_raw_runs_20260817/G00_SP18_F20_CORR_UNION/d1/seed_1/attempt_001/h00_clusters.csv,80714,f781a4cd5be56b03f7d8ef555c3ba1d5e720c29a0215169e842f79858f1b052d
d1,G00_SP18_F20_CORR_UNION,1,loss_trajectory.csv,/root/autodl-fs/night6d_raw_runs_20260817/G00_SP18_F20_CORR_UNION/d1/seed_1/attempt_001/loss_trajectory.csv,4962,1e1a9b468166e03ecbd355d6f6b7b80b0a5cf20a2d605f8d72d0ee3ba443c81e
d1,G00_SP18_F20_CORR_UNION,1,model_final.pt,/root/autodl-fs/night6d_raw_runs_20260817/G00_SP18_F20_CORR_UNION/d1/seed_1/attempt_001/model_final.pt,1606367,d7bf733e4bf432b5ba32662e3c1a0fd49405b1004ea6a726ae8058aa7bca82e9
d1,G00_SP18_F20_CORR_UNION,1,observation_ids.csv,/root/autodl-fs/night6d_raw_runs_20260817/G00_SP18_F20_CORR_UNION/d1/seed_1/attempt_001/observation_ids.csv,73913,9987fde7a974faa2ad2f493677414f6de2a3a6b2531c56b02e462eef09f99c6e
d1,G00_SP18_F20_CORR_UNION,1,reload_spec.json,/root/autodl-fs/night6d_raw_runs_20260817/G00_SP18_F20_CORR_UNION/d1/seed_1/attempt_001/reload_spec.json,435,9cc5d120e7a617de2a498e7a86f5de70d1a691a9a592f7a9fdc49e9650c21790
d1,G00_SP18_F20_CORR_UNION,1,views.npz,/root/autodl-fs/night6d_raw_runs_20260817/G00_SP18_F20_CORR_UNION/d1/seed_1/attempt_001/views.npz,2465229,5c96efde71c9c467dc0004d4a891020a4645724b5827517e418e2f1c843fec30
d1,G00_SP18_F20_CORR_UNION,2,run_manifest.json,/root/autodl-fs/night6d_raw_runs_20260817/G00_SP18_F20_CORR_UNION/d1/seed_2/attempt_001/run_manifest.json,6691,025b4ac70c17a218e801df4ae2e3b9c6500cc0262be8f187c1cee52ab205c463
d1,G00_SP18_F20_CORR_UNION,2,checkpoint_reload_audit.json,/root/autodl-fs/night6d_raw_runs_20260817/G00_SP18_F20_CORR_UNION/d1/seed_2/attempt_001/checkpoint_reload_audit.json,2833,b968bb0f3d9480c8093ad6e036ab8bc47eb8a92dcdc110cbe0f5404a7f59917d
d1,G00_SP18_F20_CORR_UNION,2,coefficient_probe.json,/root/autodl-fs/night6d_raw_runs_20260817/G00_SP18_F20_CORR_UNION/d1/seed_2/attempt_001/coefficient_probe.json,30992,a3b369cc216ca60ae77ac1ee3a1f32d49d214425f9ba173366197a7f3dab9e6f
d1,G00_SP18_F20_CORR_UNION,2,h00_clusters.csv,/root/autodl-fs/night6d_raw_runs_20260817/G00_SP18_F20_CORR_UNION/d1/seed_2/attempt_001/h00_clusters.csv,80735,369a89d9133c9afa9a36bc16237277b0c662829558d49ca48fde9e2cb5df7cb0
d1,G00_SP18_F20_CORR_UNION,2,loss_trajectory.csv,/root/autodl-fs/night6d_raw_runs_20260817/G00_SP18_F20_CORR_UNION/d1/seed_2/attempt_001/loss_trajectory.csv,4970,691199cb37a9d7c0dbc57a9a97a36b15a3a95c4e69a5823f6255ed3084433ab5
d1,G00_SP18_F20_CORR_UNION,2,model_final.pt,/root/autodl-fs/night6d_raw_runs_20260817/G00_SP18_F20_CORR_UNION/d1/seed_2/attempt_001/model_final.pt,1606367,e035b8b9a50d1b03d78dd1fdd6bf333db2806e7d43b635b0169e05990af75eee
d1,G00_SP18_F20_CORR_UNION,2,observation_ids.csv,/root/autodl-fs/night6d_raw_runs_20260817/G00_SP18_F20_CORR_UNION/d1/seed_2/attempt_001/observation_ids.csv,73913,9987fde7a974faa2ad2f493677414f6de2a3a6b2531c56b02e462eef09f99c6e
d1,G00_SP18_F20_CORR_UNION,2,reload_spec.json,/root/autodl-fs/night6d_raw_runs_20260817/G00_SP18_F20_CORR_UNION/d1/seed_2/attempt_001/reload_spec.json,435,2291bc7e042d65260cfbd0a28e87b4306eedaf80dc227758e938c45e0f69e9e4
d1,G00_SP18_F20_CORR_UNION,2,views.npz,/root/autodl-fs/night6d_raw_runs_20260817/G00_SP18_F20_CORR_UNION/d1/seed_2/attempt_001/views.npz,2466623,124082b5e561efe6d10f5f15faecc2723a226b7aeef7660e83880da15099a9d9
d1,G00_SP18_F20_CORR_UNION,3,run_manifest.json,/root/autodl-fs/night6d_raw_runs_20260817/G00_SP18_F20_CORR_UNION/d1/seed_3/attempt_001/run_manifest.json,6691,ca36c59275fc8a8d9fd5c0b0c046d5710513f46249458f7728344d1a5bd63b30
d1,G00_SP18_F20_CORR_UNION,3,checkpoint_reload_audit.json,/root/autodl-fs/night6d_raw_runs_20260817/G00_SP18_F20_CORR_UNION/d1/seed_3/attempt_001/checkpoint_reload_audit.json,2833,c63ee1a999df917b9bba2b3b53362015a81e84237bb5fb86b294fde53be8c275
d1,G00_SP18_F20_CORR_UNION,3,coefficient_probe.json,/root/autodl-fs/night6d_raw_runs_20260817/G00_SP18_F20_CORR_UNION/d1/seed_3/attempt_001/coefficient_probe.json,30979,28772c877570b149886733c50bfb6e4ef7cce8d8c80e5650b14ea163b6e5e3ad
d1,G00_SP18_F20_CORR_UNION,3,h00_clusters.csv,/root/autodl-fs/night6d_raw_runs_20260817/G00_SP18_F20_CORR_UNION/d1/seed_3/attempt_001/h00_clusters.csv,80733,afc88870a27202f58f97aedcfd980380a53ef2466bd12095893ac21a0d877c9c
d1,G00_SP18_F20_CORR_UNION,3,loss_trajectory.csv,/root/autodl-fs/night6d_raw_runs_20260817/G00_SP18_F20_CORR_UNION/d1/seed_3/attempt_001/loss_trajectory.csv,4994,14d82ff34ef9e33195db2df0dac82f6e733c41443b20128595901c95a7cfa027
d1,G00_SP18_F20_CORR_UNION,3,model_final.pt,/root/autodl-fs/night6d_raw_runs_20260817/G00_SP18_F20_CORR_UNION/d1/seed_3/attempt_001/model_final.pt,1606367,47979f864832490de12f878140ef754e644040a9a6944b8d5539948d2c4c14bd
d1,G00_SP18_F20_CORR_UNION,3,observation_ids.csv,/root/autodl-fs/night6d_raw_runs_20260817/G00_SP18_F20_CORR_UNION/d1/seed_3/attempt_001/observation_ids.csv,73913,9987fde7a974faa2ad2f493677414f6de2a3a6b2531c56b02e462eef09f99c6e
d1,G00_SP18_F20_CORR_UNION,3,reload_spec.json,/root/autodl-fs/night6d_raw_runs_20260817/G00_SP18_F20_CORR_UNION/d1/seed_3/attempt_001/reload_spec.json,435,b1c91f252e57409d0864e13e0f02a95eab25d61affcd10ebbbb824a01a103b6c
d1,G00_SP18_F20_CORR_UNION,3,views.npz,/root/autodl-fs/night6d_raw_runs_20260817/G00_SP18_F20_CORR_UNION/d1/seed_3/attempt_001/views.npz,2466509,0448794a7a026f685d78e334c3f0055d1dade146b101b2a392f9d3b72f1d7069
d1,G00_SP18_F20_CORR_UNION,4,run_manifest.json,/root/autodl-fs/night6d_raw_runs_20260817/G00_SP18_F20_CORR_UNION/d1/seed_4/attempt_001/run_manifest.json,6691,aa1d3f2ced7b1ce8c23ccb147e6609c149d6e5a1ad5060a3593638ef15893133
d1,G00_SP18_F20_CORR_UNION,4,checkpoint_reload_audit.json,/root/autodl-fs/night6d_raw_runs_20260817/G00_SP18_F20_CORR_UNION/d1/seed_4/attempt_001/checkpoint_reload_audit.json,2836,61d96f69bde53caaf9a2799527f00fda732c7af6e0003d9b9c12649e95d09cc9
d1,G00_SP18_F20_CORR_UNION,4,coefficient_probe.json,/root/autodl-fs/night6d_raw_runs_20260817/G00_SP18_F20_CORR_UNION/d1/seed_4/attempt_001/coefficient_probe.json,31003,a1abe1e959964c4282234a3ea6ca71e091d94f03a9a4d0ab82a11a85a77a6a23
d1,G00_SP18_F20_CORR_UNION,4,h00_clusters.csv,/root/autodl-fs/night6d_raw_runs_20260817/G00_SP18_F20_CORR_UNION/d1/seed_4/attempt_001/h00_clusters.csv,80738,e3373413c271f93b01cb70f00d6a44d089554941223707824a55a7f6bae2114e
d1,G00_SP18_F20_CORR_UNION,4,loss_trajectory.csv,/root/autodl-fs/night6d_raw_runs_20260817/G00_SP18_F20_CORR_UNION/d1/seed_4/attempt_001/loss_trajectory.csv,4981,ce843e34f3dab3caea8450f71a309e145b5419251fb8f91cd6fd2501cb991448
d1,G00_SP18_F20_CORR_UNION,4,model_final.pt,/root/autodl-fs/night6d_raw_runs_20260817/G00_SP18_F20_CORR_UNION/d1/seed_4/attempt_001/model_final.pt,1606367,a49df80472448d2844a90801bec6d34dcf45ca4109699402177719c3591ba58a
d1,G00_SP18_F20_CORR_UNION,4,observation_ids.csv,/root/autodl-fs/night6d_raw_runs_20260817/G00_SP18_F20_CORR_UNION/d1/seed_4/attempt_001/observation_ids.csv,73913,9987fde7a974faa2ad2f493677414f6de2a3a6b2531c56b02e462eef09f99c6e
d1,G00_SP18_F20_CORR_UNION,4,reload_spec.json,/root/autodl-fs/night6d_raw_runs_20260817/G00_SP18_F20_CORR_UNION/d1/seed_4/attempt_001/reload_spec.json,435,ec631ce448b02a9373786795982c6aeb71cd1b3863ccba27de0d2ccf6d3ddf3d
d1,G00_SP18_F20_CORR_UNION,4,views.npz,/root/autodl-fs/night6d_raw_runs_20260817/G00_SP18_F20_CORR_UNION/d1/seed_4/attempt_001/views.npz,2466242,448f10021b3d1df28dd4c55cec68f748736c881b48f046877128c7904e1f89ae
d1,G00_SP18_F20_CORR_UNION,5,run_manifest.json,/root/autodl-fs/night6d_raw_runs_20260817/G00_SP18_F20_CORR_UNION/d1/seed_5/attempt_001/run_manifest.json,6692,4910fa78c5d2da9545296102b355e68e314623e064d322e54682a86b22408117
d1,G00_SP18_F20_CORR_UNION,5,checkpoint_reload_audit.json,/root/autodl-fs/night6d_raw_runs_20260817/G00_SP18_F20_CORR_UNION/d1/seed_5/attempt_001/checkpoint_reload_audit.json,2835,da60cded630dbb9db994b6bc264912eae0b05e387dd6439d993d21a338081eac
d1,G00_SP18_F20_CORR_UNION,5,coefficient_probe.json,/root/autodl-fs/night6d_raw_runs_20260817/G00_SP18_F20_CORR_UNION/d1/seed_5/attempt_001/coefficient_probe.json,30976,193dada372d011b38cad8146cdf33c1f027e5da07c34d41ec796c0cbf27c5c21
d1,G00_SP18_F20_CORR_UNION,5,h00_clusters.csv,/root/autodl-fs/night6d_raw_runs_20260817/G00_SP18_F20_CORR_UNION/d1/seed_5/attempt_001/h00_clusters.csv,80769,a4a88a9a40ea37fa03ec747fd16d46dbf4874381913b7a14190281b9b9755750
d1,G00_SP18_F20_CORR_UNION,5,loss_trajectory.csv,/root/autodl-fs/night6d_raw_runs_20260817/G00_SP18_F20_CORR_UNION/d1/seed_5/attempt_001/loss_trajectory.csv,4977,dd77db7e52a375ae15c9353e811955aee9fa9cdef0746c9636184a79ef965eb3
d1,G00_SP18_F20_CORR_UNION,5,model_final.pt,/root/autodl-fs/night6d_raw_runs_20260817/G00_SP18_F20_CORR_UNION/d1/seed_5/attempt_001/model_final.pt,1606367,d1f540aba6eb9ea56ab325a934bbd40cc5900a2266ea201542fc2d686587d457
d1,G00_SP18_F20_CORR_UNION,5,observation_ids.csv,/root/autodl-fs/night6d_raw_runs_20260817/G00_SP18_F20_CORR_UNION/d1/seed_5/attempt_001/observation_ids.csv,73913,9987fde7a974faa2ad2f493677414f6de2a3a6b2531c56b02e462eef09f99c6e
d1,G00_SP18_F20_CORR_UNION,5,reload_spec.json,/root/autodl-fs/night6d_raw_runs_20260817/G00_SP18_F20_CORR_UNION/d1/seed_5/attempt_001/reload_spec.json,435,2094bd18549a0f2f9a7227cdff4e05aeb1d5c07bee8fa94760485ae4ffde2889
d1,G00_SP18_F20_CORR_UNION,5,views.npz,/root/autodl-fs/night6d_raw_runs_20260817/G00_SP18_F20_CORR_UNION/d1/seed_5/attempt_001/views.npz,2466232,b32e143031ed98d1dd95fd611aeb34a3ae85155457d69153343e6e41d9e64b88
d1,G00_SP18_F20_CORR_UNION,6,run_manifest.json,/root/autodl-fs/night6d_raw_runs_20260817/G00_SP18_F20_CORR_UNION/d1/seed_6/attempt_001/run_manifest.json,6694,efa28e3b50676a023f1131ca1cf9187d9aad2a4991d0264866b71810bd18fc3f
d1,G00_SP18_F20_CORR_UNION,6,checkpoint_reload_audit.json,/root/autodl-fs/night6d_raw_runs_20260817/G00_SP18_F20_CORR_UNION/d1/seed_6/attempt_001/checkpoint_reload_audit.json,2836,82aed16779c3bededbcaeff89c52fe4768a442e1354c03e2cfffdc1b6fc39519
d1,G00_SP18_F20_CORR_UNION,6,coefficient_probe.json,/root/autodl-fs/night6d_raw_runs_20260817/G00_SP18_F20_CORR_UNION/d1/seed_6/attempt_001/coefficient_probe.json,30929,d845bfe52845a149885174e158e39eb9cafb4df79a840bcda2675feffd222291
d1,G00_SP18_F20_CORR_UNION,6,h00_clusters.csv,/root/autodl-fs/night6d_raw_runs_20260817/G00_SP18_F20_CORR_UNION/d1/seed_6/attempt_001/h00_clusters.csv,80942,7304ea1fd9882674e581b77a64a2133847ce3bc7912f8548deaf9675a6448a0b
d1,G00_SP18_F20_CORR_UNION,6,loss_trajectory.csv,/root/autodl-fs/night6d_raw_runs_20260817/G00_SP18_F20_CORR_UNION/d1/seed_6/attempt_001/loss_trajectory.csv,4978,a3cd9c5e1fc91fec62b02be391c5c4946dc688c1f7f91b9f0d39056560f80aee
d1,G00_SP18_F20_CORR_UNION,6,model_final.pt,/root/autodl-fs/night6d_raw_runs_20260817/G00_SP18_F20_CORR_UNION/d1/seed_6/attempt_001/model_final.pt,1606367,1266f3ee2e5905b69adbb418f18e4ee5f5d670c90c9466222c65c9e2180828ec
d1,G00_SP18_F20_CORR_UNION,6,observation_ids.csv,/root/autodl-fs/night6d_raw_runs_20260817/G00_SP18_F20_CORR_UNION/d1/seed_6/attempt_001/observation_ids.csv,73913,9987fde7a974faa2ad2f493677414f6de2a3a6b2531c56b02e462eef09f99c6e
d1,G00_SP18_F20_CORR_UNION,6,reload_spec.json,/root/autodl-fs/night6d_raw_runs_20260817/G00_SP18_F20_CORR_UNION/d1/seed_6/attempt_001/reload_spec.json,435,fce560dca95bf3468494cb2bbbfb8568dd16e4d7df5c608d8908341863a7bb45
d1,G00_SP18_F20_CORR_UNION,6,views.npz,/root/autodl-fs/night6d_raw_runs_20260817/G00_SP18_F20_CORR_UNION/d1/seed_6/attempt_001/views.npz,2465834,825916897f1a91e6495e0c023fc44d168c710da3b2f0dcba48ba8e7b9b8823c4
d1,G00_SP18_F20_CORR_UNION,7,run_manifest.json,/root/autodl-fs/night6d_raw_runs_20260817/G00_SP18_F20_CORR_UNION/d1/seed_7/attempt_001/run_manifest.json,6694,0641e062dca6daa3c434603d10aac98382e40e50aee59aead935dba6c8f0375c
d1,G00_SP18_F20_CORR_UNION,7,checkpoint_reload_audit.json,/root/autodl-fs/night6d_raw_runs_20260817/G00_SP18_F20_CORR_UNION/d1/seed_7/attempt_001/checkpoint_reload_audit.json,2835,15fb6df08de7ed24cec0f266880fde010ed50048614fbc6aad9d14330067a2bf
d1,G00_SP18_F20_CORR_UNION,7,coefficient_probe.json,/root/autodl-fs/night6d_raw_runs_20260817/G00_SP18_F20_CORR_UNION/d1/seed_7/attempt_001/coefficient_probe.json,30950,060e229ccea0571a0b46532b36e514561cbe06a25284f78b286f6517971f0dd7
d1,G00_SP18_F20_CORR_UNION,7,h00_clusters.csv,/root/autodl-fs/night6d_raw_runs_20260817/G00_SP18_F20_CORR_UNION/d1/seed_7/attempt_001/h00_clusters.csv,80728,0154e75631e063779ea46bb1ead7c0f80d5c96b1966dc68b1e295410682e20dc
d1,G00_SP18_F20_CORR_UNION,7,loss_trajectory.csv,/root/autodl-fs/night6d_raw_runs_20260817/G00_SP18_F20_CORR_UNION/d1/seed_7/attempt_001/loss_trajectory.csv,4987,ccc0616ac832dd22537856ef69e92d83999b32c41cf56662e6f1870d348236a0
d1,G00_SP18_F20_CORR_UNION,7,model_final.pt,/root/autodl-fs/night6d_raw_runs_20260817/G00_SP18_F20_CORR_UNION/d1/seed_7/attempt_001/model_final.pt,1606367,cf906000f94180b665793fd1ef676848c25e099061e3ac232862f7b377272da4
d1,G00_SP18_F20_CORR_UNION,7,observation_ids.csv,/root/autodl-fs/night6d_raw_runs_20260817/G00_SP18_F20_CORR_UNION/d1/seed_7/attempt_001/observation_ids.csv,73913,9987fde7a974faa2ad2f493677414f6de2a3a6b2531c56b02e462eef09f99c6e
d1,G00_SP18_F20_CORR_UNION,7,reload_spec.json,/root/autodl-fs/night6d_raw_runs_20260817/G00_SP18_F20_CORR_UNION/d1/seed_7/attempt_001/reload_spec.json,435,0af31a5d724b54ff1d45b7bef183e01d71b857653a673d829aebfc260ded6a91
d1,G00_SP18_F20_CORR_UNION,7,views.npz,/root/autodl-fs/night6d_raw_runs_20260817/G00_SP18_F20_CORR_UNION/d1/seed_7/attempt_001/views.npz,2466745,0915a254bcdb51eeaf9993a5deb769a5cac9dfe1fbd85c1e024647d5dd430469
d1,G00_SP18_F20_CORR_UNION,8,run_manifest.json,/root/autodl-fs/night6d_raw_runs_20260817/G00_SP18_F20_CORR_UNION/d1/seed_8/attempt_001/run_manifest.json,6692,5d2d583747d6ac50630225d0ca033da5ded0e8082d7f3d1a8d6348096a180f8f
d1,G00_SP18_F20_CORR_UNION,8,checkpoint_reload_audit.json,/root/autodl-fs/night6d_raw_runs_20260817/G00_SP18_F20_CORR_UNION/d1/seed_8/attempt_001/checkpoint_reload_audit.json,2833,9d7e1f8941bbae18a5378ba29c93aadce554d47cf9430c9d2fd613bc40ab0ea8
d1,G00_SP18_F20_CORR_UNION,8,coefficient_probe.json,/root/autodl-fs/night6d_raw_runs_20260817/G00_SP18_F20_CORR_UNION/d1/seed_8/attempt_001/coefficient_probe.json,31011,2055a8357a0562815d07d9242ef1f11897179e77c97a8f528fd0cd074dae4c8d
d1,G00_SP18_F20_CORR_UNION,8,h00_clusters.csv,/root/autodl-fs/night6d_raw_runs_20260817/G00_SP18_F20_CORR_UNION/d1/seed_8/attempt_001/h00_clusters.csv,80735,1ecf4f36bac48d738ce16428176a40933852b4a314816a5da60540c45d35a284
d1,G00_SP18_F20_CORR_UNION,8,loss_trajectory.csv,/root/autodl-fs/night6d_raw_runs_20260817/G00_SP18_F20_CORR_UNION/d1/seed_8/attempt_001/loss_trajectory.csv,4989,97a06db18d987381839d176d6f05c4c32a19b598b9224ffe592d3ab52b68c891
d1,G00_SP18_F20_CORR_UNION,8,model_final.pt,/root/autodl-fs/night6d_raw_runs_20260817/G00_SP18_F20_CORR_UNION/d1/seed_8/attempt_001/model_final.pt,1606367,8f0d529fe1365fcb99bfbebdf3aa8d0912455ef3aba7a1dc8b37bee22c83feb0
d1,G00_SP18_F20_CORR_UNION,8,observation_ids.csv,/root/autodl-fs/night6d_raw_runs_20260817/G00_SP18_F20_CORR_UNION/d1/seed_8/attempt_001/observation_ids.csv,73913,9987fde7a974faa2ad2f493677414f6de2a3a6b2531c56b02e462eef09f99c6e
d1,G00_SP18_F20_CORR_UNION,8,reload_spec.json,/root/autodl-fs/night6d_raw_runs_20260817/G00_SP18_F20_CORR_UNION/d1/seed_8/attempt_001/reload_spec.json,435,60605ee6aa921201535cbdd176e1be86a66f54a8be0c5e372f4caeda611a5e20
d1,G00_SP18_F20_CORR_UNION,8,views.npz,/root/autodl-fs/night6d_raw_runs_20260817/G00_SP18_F20_CORR_UNION/d1/seed_8/attempt_001/views.npz,2466671,5d75e72fb4e83ee711c6e22197f7f620e08472a63d5077a846abb4410efff1e9
d1,G00_SP18_F20_CORR_UNION,9,run_manifest.json,/root/autodl-fs/night6d_raw_runs_20260817/G00_SP18_F20_CORR_UNION/d1/seed_9/attempt_001/run_manifest.json,6694,e0d9b9101ee85982633b8d189112d9c7e442d2727a47b55be6fa4457c3f87703
d1,G00_SP18_F20_CORR_UNION,9,checkpoint_reload_audit.json,/root/autodl-fs/night6d_raw_runs_20260817/G00_SP18_F20_CORR_UNION/d1/seed_9/attempt_001/checkpoint_reload_audit.json,2829,4ade44d2082425b8c65780ecbb3ad5a97310aaeba5bf4fe43aacbad57d3e0e75
d1,G00_SP18_F20_CORR_UNION,9,coefficient_probe.json,/root/autodl-fs/night6d_raw_runs_20260817/G00_SP18_F20_CORR_UNION/d1/seed_9/attempt_001/coefficient_probe.json,31005,2b732a58341bee83836ad121515d67d4aa0cad4a97218ec48f21ada2d8831f5e
d1,G00_SP18_F20_CORR_UNION,9,h00_clusters.csv,/root/autodl-fs/night6d_raw_runs_20260817/G00_SP18_F20_CORR_UNION/d1/seed_9/attempt_001/h00_clusters.csv,80848,e6cac19a0d5dbf186dec2efd0cf12f0360b95c7b8d1661b9b924badd968b61fa
d1,G00_SP18_F20_CORR_UNION,9,loss_trajectory.csv,/root/autodl-fs/night6d_raw_runs_20260817/G00_SP18_F20_CORR_UNION/d1/seed_9/attempt_001/loss_trajectory.csv,4967,28ab6f7f390f9da5af442fd88c682f0b70889a1c60f1c1fda49cc4bc55e8970f
d1,G00_SP18_F20_CORR_UNION,9,model_final.pt,/root/autodl-fs/night6d_raw_runs_20260817/G00_SP18_F20_CORR_UNION/d1/seed_9/attempt_001/model_final.pt,1606367,a3d59a08e16612cc619fdf831f88b0ad1a6715d18d433100e2edff5ecdb9e3be
d1,G00_SP18_F20_CORR_UNION,9,observation_ids.csv,/root/autodl-fs/night6d_raw_runs_20260817/G00_SP18_F20_CORR_UNION/d1/seed_9/attempt_001/observation_ids.csv,73913,9987fde7a974faa2ad2f493677414f6de2a3a6b2531c56b02e462eef09f99c6e
d1,G00_SP18_F20_CORR_UNION,9,reload_spec.json,/root/autodl-fs/night6d_raw_runs_20260817/G00_SP18_F20_CORR_UNION/d1/seed_9/attempt_001/reload_spec.json,435,f3630f78d34ca131e2c6db12e917eaef393079b69e4717951aa775b18bb12c32
d1,G00_SP18_F20_CORR_UNION,9,views.npz,/root/autodl-fs/night6d_raw_runs_20260817/G00_SP18_F20_CORR_UNION/d1/seed_9/attempt_001/views.npz,2466313,9d51c826ee4d771885c6fd929800beb31d0bd5fd0791924fc4b8979e1557d0f5
d1,G04_SP10_F10_EUC_UNION,0,run_manifest.json,/root/autodl-fs/night6d_raw_runs_20260817/G04_SP10_F10_EUC_UNION/d1/seed_0/attempt_001/run_manifest.json,6695,de321334c9ce246cbc4ee897b22149f280dffa38a45fb822ca6299d157d9fc82
d1,G04_SP10_F10_EUC_UNION,0,checkpoint_reload_audit.json,/root/autodl-fs/night6d_raw_runs_20260817/G04_SP10_F10_EUC_UNION/d1/seed_0/attempt_001/checkpoint_reload_audit.json,2832,f5f96c5db8e7d2de3dbf0abf7942403995bda74b6190898e6e46e88142567299
d1,G04_SP10_F10_EUC_UNION,0,coefficient_probe.json,/root/autodl-fs/night6d_raw_runs_20260817/G04_SP10_F10_EUC_UNION/d1/seed_0/attempt_001/coefficient_probe.json,30964,dcebd603a8aa3edfdc641aed62334d3075ac6fe9103b49e110a316f1112a9d3d
d1,G04_SP10_F10_EUC_UNION,0,h00_clusters.csv,/root/autodl-fs/night6d_raw_runs_20260817/G04_SP10_F10_EUC_UNION/d1/seed_0/attempt_001/h00_clusters.csv,80831,bb79dc298b56fd1bb7ea90b4400bb0bd56ade570d9047148830ca61b60cfc96a
d1,G04_SP10_F10_EUC_UNION,0,loss_trajectory.csv,/root/autodl-fs/night6d_raw_runs_20260817/G04_SP10_F10_EUC_UNION/d1/seed_0/attempt_001/loss_trajectory.csv,4964,41f397911c70b178b260356264d614c9260b330e7aa9a66910638e6f90ce29a8
d1,G04_SP10_F10_EUC_UNION,0,model_final.pt,/root/autodl-fs/night6d_raw_runs_20260817/G04_SP10_F10_EUC_UNION/d1/seed_0/attempt_001/model_final.pt,1606367,95bdb7be49e7ac9ec5fa8e489a215cbd458c808da7f8da606cdf6ec6154a561d
d1,G04_SP10_F10_EUC_UNION,0,observation_ids.csv,/root/autodl-fs/night6d_raw_runs_20260817/G04_SP10_F10_EUC_UNION/d1/seed_0/attempt_001/observation_ids.csv,73913,9987fde7a974faa2ad2f493677414f6de2a3a6b2531c56b02e462eef09f99c6e
d1,G04_SP10_F10_EUC_UNION,0,reload_spec.json,/root/autodl-fs/night6d_raw_runs_20260817/G04_SP10_F10_EUC_UNION/d1/seed_0/attempt_001/reload_spec.json,433,3b7238b36cb5d79425e02167d0bb6415975a49915063a76a2724d0901ef128f9
d1,G04_SP10_F10_EUC_UNION,0,views.npz,/root/autodl-fs/night6d_raw_runs_20260817/G04_SP10_F10_EUC_UNION/d1/seed_0/attempt_001/views.npz,2466443,7cd9d913fd2c5f1c2fc985b6bf38f9dde4f582472e1b5dd4d5b6bedef926dc6b
d1,G04_SP10_F10_EUC_UNION,1,run_manifest.json,/root/autodl-fs/night6d_raw_runs_20260817/G04_SP10_F10_EUC_UNION/d1/seed_1/attempt_001/run_manifest.json,6694,87b08291a796e4fe446016ef8ebddb6f89f99e9fcdabb75832a912a6e55d8b83
d1,G04_SP10_F10_EUC_UNION,1,checkpoint_reload_audit.json,/root/autodl-fs/night6d_raw_runs_20260817/G04_SP10_F10_EUC_UNION/d1/seed_1/attempt_001/checkpoint_reload_audit.json,2830,ac3d839688c7509a8a4c3680bcd096d6a05afd03f2cb3424a00c63cb7495be65
d1,G04_SP10_F10_EUC_UNION,1,coefficient_probe.json,/root/autodl-fs/night6d_raw_runs_20260817/G04_SP10_F10_EUC_UNION/d1/seed_1/attempt_001/coefficient_probe.json,31010,79f373a8c16a1702d0be2617887b2d54fdeb849d1a13af80e2a2783db11308a6
d1,G04_SP10_F10_EUC_UNION,1,h00_clusters.csv,/root/autodl-fs/night6d_raw_runs_20260817/G04_SP10_F10_EUC_UNION/d1/seed_1/attempt_001/h00_clusters.csv,80699,1ba5d9a24d4becc5d40294319724eebd56892b1b42decb262b00457e2b780989
d1,G04_SP10_F10_EUC_UNION,1,loss_trajectory.csv,/root/autodl-fs/night6d_raw_runs_20260817/G04_SP10_F10_EUC_UNION/d1/seed_1/attempt_001/loss_trajectory.csv,4960,da493f7bd06d6db1c1d693c7b547f13bfb6cdc1a3ffe7e67a699e128334fe4c6
d1,G04_SP10_F10_EUC_UNION,1,model_final.pt,/root/autodl-fs/night6d_raw_runs_20260817/G04_SP10_F10_EUC_UNION/d1/seed_1/attempt_001/model_final.pt,1606367,1d9579c012bd1d2664cf182d98d7398e179c8b74697d5686d048debc7c2ceb7a
d1,G04_SP10_F10_EUC_UNION,1,observation_ids.csv,/root/autodl-fs/night6d_raw_runs_20260817/G04_SP10_F10_EUC_UNION/d1/seed_1/attempt_001/observation_ids.csv,73913,9987fde7a974faa2ad2f493677414f6de2a3a6b2531c56b02e462eef09f99c6e
d1,G04_SP10_F10_EUC_UNION,1,reload_spec.json,/root/autodl-fs/night6d_raw_runs_20260817/G04_SP10_F10_EUC_UNION/d1/seed_1/attempt_001/reload_spec.json,433,74614ac990abaa70374736bdd1ab5468d073625e1a162af27318528968223e9f
d1,G04_SP10_F10_EUC_UNION,1,views.npz,/root/autodl-fs/night6d_raw_runs_20260817/G04_SP10_F10_EUC_UNION/d1/seed_1/attempt_001/views.npz,2465458,2bacf04c5e67251ab62458b514a770ba260471d671002f19a04a3263c9e42f62
d1,G04_SP10_F10_EUC_UNION,2,run_manifest.json,/root/autodl-fs/night6d_raw_runs_20260817/G04_SP10_F10_EUC_UNION/d1/seed_2/attempt_001/run_manifest.json,6695,91859efef094e3cbfa9c7ebefe6f76a8c8df3754fbc1415cd2683f4a3a838bba
d1,G04_SP10_F10_EUC_UNION,2,checkpoint_reload_audit.json,/root/autodl-fs/night6d_raw_runs_20260817/G04_SP10_F10_EUC_UNION/d1/seed_2/attempt_001/checkpoint_reload_audit.json,2832,7db13acf0d7ff141d68774d8fb5280043dfdc9a98c92e5566b616cf7292672ce
d1,G04_SP10_F10_EUC_UNION,2,coefficient_probe.json,/root/autodl-fs/night6d_raw_runs_20260817/G04_SP10_F10_EUC_UNION/d1/seed_2/attempt_001/coefficient_probe.json,30998,c09c78643cf1fb4d9bf17bcf7bea9271c5dfc408c9ecf3ec53c5326b08452b43
d1,G04_SP10_F10_EUC_UNION,2,h00_clusters.csv,/root/autodl-fs/night6d_raw_runs_20260817/G04_SP10_F10_EUC_UNION/d1/seed_2/attempt_001/h00_clusters.csv,80717,82e349cae02944b9d4064f7a97df239e9ae7c8352d7817add7be2f277364dde2
d1,G04_SP10_F10_EUC_UNION,2,loss_trajectory.csv,/root/autodl-fs/night6d_raw_runs_20260817/G04_SP10_F10_EUC_UNION/d1/seed_2/attempt_001/loss_trajectory.csv,4956,42bc058c743d9fd6a5322c9653991de51cf4c88122c6e04ee7dbcce31f919087
d1,G04_SP10_F10_EUC_UNION,2,model_final.pt,/root/autodl-fs/night6d_raw_runs_20260817/G04_SP10_F10_EUC_UNION/d1/seed_2/attempt_001/model_final.pt,1606367,5dda7974c2e5f94d156c89c9f5d14cd8c0d4fabeeace358aa803b4d69355a750
d1,G04_SP10_F10_EUC_UNION,2,observation_ids.csv,/root/autodl-fs/night6d_raw_runs_20260817/G04_SP10_F10_EUC_UNION/d1/seed_2/attempt_001/observation_ids.csv,73913,9987fde7a974faa2ad2f493677414f6de2a3a6b2531c56b02e462eef09f99c6e
d1,G04_SP10_F10_EUC_UNION,2,reload_spec.json,/root/autodl-fs/night6d_raw_runs_20260817/G04_SP10_F10_EUC_UNION/d1/seed_2/attempt_001/reload_spec.json,433,a286f047081c90370170c4afe18b133d0c68e7a030801eb9b00be0f5079228b1
d1,G04_SP10_F10_EUC_UNION,2,views.npz,/root/autodl-fs/night6d_raw_runs_20260817/G04_SP10_F10_EUC_UNION/d1/seed_2/attempt_001/views.npz,2466446,1791bad8b2bb32b8d6a66e4bd0e668f0c0cd57f6bfcd9db1d7e0b4395b30d86d
d1,G04_SP10_F10_EUC_UNION,3,run_manifest.json,/root/autodl-fs/night6d_raw_runs_20260817/G04_SP10_F10_EUC_UNION/d1/seed_3/attempt_001/run_manifest.json,6695,1d076aa782c819b02c1ac358ce48dc96583b1120f26a67f487d43bda032a74dc
d1,G04_SP10_F10_EUC_UNION,3,checkpoint_reload_audit.json,/root/autodl-fs/night6d_raw_runs_20260817/G04_SP10_F10_EUC_UNION/d1/seed_3/attempt_001/checkpoint_reload_audit.json,2834,88ab9826269414a4f94408d7c2547ac42735655250c7cfc85bd7e44f5e11f496
d1,G04_SP10_F10_EUC_UNION,3,coefficient_probe.json,/root/autodl-fs/night6d_raw_runs_20260817/G04_SP10_F10_EUC_UNION/d1/seed_3/attempt_001/coefficient_probe.json,30940,36c20e2e5cdb9b75837b98767f8b7e9d4baba9f657456e4981bb91ebce7aef87
d1,G04_SP10_F10_EUC_UNION,3,h00_clusters.csv,/root/autodl-fs/night6d_raw_runs_20260817/G04_SP10_F10_EUC_UNION/d1/seed_3/attempt_001/h00_clusters.csv,80721,94ae3a368c9fc2d07befb3b5c8f201a03aa3bcdecdafe5d5fb18b9ef2d464d47
d1,G04_SP10_F10_EUC_UNION,3,loss_trajectory.csv,/root/autodl-fs/night6d_raw_runs_20260817/G04_SP10_F10_EUC_UNION/d1/seed_3/attempt_001/loss_trajectory.csv,4987,6e13533f536e486cec38ca92f077fc1469b4bf81243f58333864b6f8a4bddc92
d1,G04_SP10_F10_EUC_UNION,3,model_final.pt,/root/autodl-fs/night6d_raw_runs_20260817/G04_SP10_F10_EUC_UNION/d1/seed_3/attempt_001/model_final.pt,1606367,b57f3c722b2709d0d60bfcb31d18b5659e48de9570729f65bf065f7875325532
d1,G04_SP10_F10_EUC_UNION,3,observation_ids.csv,/root/autodl-fs/night6d_raw_runs_20260817/G04_SP10_F10_EUC_UNION/d1/seed_3/attempt_001/observation_ids.csv,73913,9987fde7a974faa2ad2f493677414f6de2a3a6b2531c56b02e462eef09f99c6e
d1,G04_SP10_F10_EUC_UNION,3,reload_spec.json,/root/autodl-fs/night6d_raw_runs_20260817/G04_SP10_F10_EUC_UNION/d1/seed_3/attempt_001/reload_spec.json,433,5abb09a7f56b277bf6b713167edbdd3e66309dfafa7e8d9b7e541db0f2c2ff11
d1,G04_SP10_F10_EUC_UNION,3,views.npz,/root/autodl-fs/night6d_raw_runs_20260817/G04_SP10_F10_EUC_UNION/d1/seed_3/attempt_001/views.npz,2466519,7971c1f074543f00fe39446fb6486b4c716d248645d7d274ddd34d89289c6c28
d1,G04_SP10_F10_EUC_UNION,4,run_manifest.json,/root/autodl-fs/night6d_raw_runs_20260817/G04_SP10_F10_EUC_UNION/d1/seed_4/attempt_001/run_manifest.json,6694,bd40361ec287fcbc1bd35458fda9eeec71ec1ef4564d169c5ac00a507ed8ef97
d1,G04_SP10_F10_EUC_UNION,4,checkpoint_reload_audit.json,/root/autodl-fs/night6d_raw_runs_20260817/G04_SP10_F10_EUC_UNION/d1/seed_4/attempt_001/checkpoint_reload_audit.json,2835,728a0a1b0c3f1a9bd5280e424c331fb7c09657f358e310ce1283e30eeec2c32c
d1,G04_SP10_F10_EUC_UNION,4,coefficient_probe.json,/root/autodl-fs/night6d_raw_runs_20260817/G04_SP10_F10_EUC_UNION/d1/seed_4/attempt_001/coefficient_probe.json,30980,c36a6d14dbad4a4922b9925ea4cac980f6d9ccc641b7f6d6aeb7127407f2e011
d1,G04_SP10_F10_EUC_UNION,4,h00_clusters.csv,/root/autodl-fs/night6d_raw_runs_20260817/G04_SP10_F10_EUC_UNION/d1/seed_4/attempt_001/h00_clusters.csv,80715,ef13521a18a012e010ad6602fa1650dfd30ca20fe9999125ccf5d3dd357abc55
d1,G04_SP10_F10_EUC_UNION,4,loss_trajectory.csv,/root/autodl-fs/night6d_raw_runs_20260817/G04_SP10_F10_EUC_UNION/d1/seed_4/attempt_001/loss_trajectory.csv,4963,5d73f135a70a66419f946dcb9604d5cd200a6cd7484735c95fcdc2158551fc9d
d1,G04_SP10_F10_EUC_UNION,4,model_final.pt,/root/autodl-fs/night6d_raw_runs_20260817/G04_SP10_F10_EUC_UNION/d1/seed_4/attempt_001/model_final.pt,1606367,25dcdb25f19cb29b431a7c5432a06d64696990b7433a60532c8b891e0592761b
d1,G04_SP10_F10_EUC_UNION,4,observation_ids.csv,/root/autodl-fs/night6d_raw_runs_20260817/G04_SP10_F10_EUC_UNION/d1/seed_4/attempt_001/observation_ids.csv,73913,9987fde7a974faa2ad2f493677414f6de2a3a6b2531c56b02e462eef09f99c6e
d1,G04_SP10_F10_EUC_UNION,4,reload_spec.json,/root/autodl-fs/night6d_raw_runs_20260817/G04_SP10_F10_EUC_UNION/d1/seed_4/attempt_001/reload_spec.json,433,bbf81cc1d1f41b06d7e8587df175508639308af790dad1db5cd1d60f4461f9b9
d1,G04_SP10_F10_EUC_UNION,4,views.npz,/root/autodl-fs/night6d_raw_runs_20260817/G04_SP10_F10_EUC_UNION/d1/seed_4/attempt_001/views.npz,2465908,2a7b4cedc7e5e3ebec5984987de3e070a68ee213973933a53852e0ad4cc85153
d1,G04_SP10_F10_EUC_UNION,5,run_manifest.json,/root/autodl-fs/night6d_raw_runs_20260817/G04_SP10_F10_EUC_UNION/d1/seed_5/attempt_001/run_manifest.json,6692,a19c1905ca67c597e7045a65a668bb937ab27a9d327b4caf7d8dcbe8594df571
d1,G04_SP10_F10_EUC_UNION,5,checkpoint_reload_audit.json,/root/autodl-fs/night6d_raw_runs_20260817/G04_SP10_F10_EUC_UNION/d1/seed_5/attempt_001/checkpoint_reload_audit.json,2833,f0a849ed05d2d2ad4e4f4bb5b096acf012bfe26ac7119b7b2e95d1726ba0ea58
d1,G04_SP10_F10_EUC_UNION,5,coefficient_probe.json,/root/autodl-fs/night6d_raw_runs_20260817/G04_SP10_F10_EUC_UNION/d1/seed_5/attempt_001/coefficient_probe.json,30962,d945c01f8083c40b932bbd7d67cb6156a86b00ac9d225e5a298be53f23270141
d1,G04_SP10_F10_EUC_UNION,5,h00_clusters.csv,/root/autodl-fs/night6d_raw_runs_20260817/G04_SP10_F10_EUC_UNION/d1/seed_5/attempt_001/h00_clusters.csv,80798,d0454ba6ce204874413e86807ba755101dd67953ad5fd62786c254c707503c8f
d1,G04_SP10_F10_EUC_UNION,5,loss_trajectory.csv,/root/autodl-fs/night6d_raw_runs_20260817/G04_SP10_F10_EUC_UNION/d1/seed_5/attempt_001/loss_trajectory.csv,4947,2b5a3c8fb13afa25834411fe9425d67102d6159b0858bc231dffd1e853a94db0
d1,G04_SP10_F10_EUC_UNION,5,model_final.pt,/root/autodl-fs/night6d_raw_runs_20260817/G04_SP10_F10_EUC_UNION/d1/seed_5/attempt_001/model_final.pt,1606367,9d7f6f91d915b954f4ddf361f6515ec5c16d55840538d2ffe2910160a8b9e2b6
d1,G04_SP10_F10_EUC_UNION,5,observation_ids.csv,/root/autodl-fs/night6d_raw_runs_20260817/G04_SP10_F10_EUC_UNION/d1/seed_5/attempt_001/observation_ids.csv,73913,9987fde7a974faa2ad2f493677414f6de2a3a6b2531c56b02e462eef09f99c6e
d1,G04_SP10_F10_EUC_UNION,5,reload_spec.json,/root/autodl-fs/night6d_raw_runs_20260817/G04_SP10_F10_EUC_UNION/d1/seed_5/attempt_001/reload_spec.json,433,227bd717d557063ee180fad7b82b27e05f3401c0a196ffe0b54c662cf9cb7894
d1,G04_SP10_F10_EUC_UNION,5,views.npz,/root/autodl-fs/night6d_raw_runs_20260817/G04_SP10_F10_EUC_UNION/d1/seed_5/attempt_001/views.npz,2466312,a8d77dd2e088787082d6a3bb8ed0d79a4f2ea1402b4200a74ded48f493620f40
d1,G04_SP10_F10_EUC_UNION,6,run_manifest.json,/root/autodl-fs/night6d_raw_runs_20260817/G04_SP10_F10_EUC_UNION/d1/seed_6/attempt_001/run_manifest.json,6695,77bfb9670458d5b0bc3e693ba068389c94875556e1512b9d275cb750d61a113e
d1,G04_SP10_F10_EUC_UNION,6,checkpoint_reload_audit.json,/root/autodl-fs/night6d_raw_runs_20260817/G04_SP10_F10_EUC_UNION/d1/seed_6/attempt_001/checkpoint_reload_audit.json,2836,5f978f8eee764c329f35581d661f4f9d2397a216cbaf312edbcda36c6bfb3197
d1,G04_SP10_F10_EUC_UNION,6,coefficient_probe.json,/root/autodl-fs/night6d_raw_runs_20260817/G04_SP10_F10_EUC_UNION/d1/seed_6/attempt_001/coefficient_probe.json,30962,03f5e417546477e2551b7afdadd39138859077cfc72d75c309dc7691e1057c80
d1,G04_SP10_F10_EUC_UNION,6,h00_clusters.csv,/root/autodl-fs/night6d_raw_runs_20260817/G04_SP10_F10_EUC_UNION/d1/seed_6/attempt_001/h00_clusters.csv,80717,5b2275f96cc36ab2ca6a99247270ce34a08381972efc1dd13034ebf861131c35
d1,G04_SP10_F10_EUC_UNION,6,loss_trajectory.csv,/root/autodl-fs/night6d_raw_runs_20260817/G04_SP10_F10_EUC_UNION/d1/seed_6/attempt_001/loss_trajectory.csv,4967,c284b976f187fbe10272d151a9a4b9c3538b3a2c8da7094cffa95909a72e07b4
d1,G04_SP10_F10_EUC_UNION,6,model_final.pt,/root/autodl-fs/night6d_raw_runs_20260817/G04_SP10_F10_EUC_UNION/d1/seed_6/attempt_001/model_final.pt,1606367,0a2ecb46726f5edfdc9f798c31ba5848c5beb28e629d2d22087a50616387df72
d1,G04_SP10_F10_EUC_UNION,6,observation_ids.csv,/root/autodl-fs/night6d_raw_runs_20260817/G04_SP10_F10_EUC_UNION/d1/seed_6/attempt_001/observation_ids.csv,73913,9987fde7a974faa2ad2f493677414f6de2a3a6b2531c56b02e462eef09f99c6e
d1,G04_SP10_F10_EUC_UNION,6,reload_spec.json,/root/autodl-fs/night6d_raw_runs_20260817/G04_SP10_F10_EUC_UNION/d1/seed_6/attempt_001/reload_spec.json,433,e548c52dd2b7b12a2eea35aac5c94d22bb12d57123854698e2813a4d7dc3e24b
d1,G04_SP10_F10_EUC_UNION,6,views.npz,/root/autodl-fs/night6d_raw_runs_20260817/G04_SP10_F10_EUC_UNION/d1/seed_6/attempt_001/views.npz,2465716,ce029d5c1243dc528de7aa96d1f587d48ae6efffbc8ddd5089f20097617a6ba3
d1,G04_SP10_F10_EUC_UNION,7,run_manifest.json,/root/autodl-fs/night6d_raw_runs_20260817/G04_SP10_F10_EUC_UNION/d1/seed_7/attempt_001/run_manifest.json,6694,470ff3cd079e388dce372b08bb29cebfcea7176535c9c3458dcd8af750d35e69
d1,G04_SP10_F10_EUC_UNION,7,checkpoint_reload_audit.json,/root/autodl-fs/night6d_raw_runs_20260817/G04_SP10_F10_EUC_UNION/d1/seed_7/attempt_001/checkpoint_reload_audit.json,2834,6e51944463f1f3e9f2974fad7bf7ea755d1d66739e6180291c2d3be3a96655a4
d1,G04_SP10_F10_EUC_UNION,7,coefficient_probe.json,/root/autodl-fs/night6d_raw_runs_20260817/G04_SP10_F10_EUC_UNION/d1/seed_7/attempt_001/coefficient_probe.json,30965,bd1d1dd89310859b98b368e6a0e11879821185443684304baed386de6b1292b6
d1,G04_SP10_F10_EUC_UNION,7,h00_clusters.csv,/root/autodl-fs/night6d_raw_runs_20260817/G04_SP10_F10_EUC_UNION/d1/seed_7/attempt_001/h00_clusters.csv,80975,ae46e15f62fa74c0a6af2cfd2266cd30579e205eadbf3be3c46d0a88ec5f81c5
d1,G04_SP10_F10_EUC_UNION,7,loss_trajectory.csv,/root/autodl-fs/night6d_raw_runs_20260817/G04_SP10_F10_EUC_UNION/d1/seed_7/attempt_001/loss_trajectory.csv,4970,5e065e684fb24b141cc3ca5c2050be75f8f3dd4c406224d65f11c3d7571ec40f
d1,G04_SP10_F10_EUC_UNION,7,model_final.pt,/root/autodl-fs/night6d_raw_runs_20260817/G04_SP10_F10_EUC_UNION/d1/seed_7/attempt_001/model_final.pt,1606367,7bcc47967ca8d9aa6d42df062c5b6bd33c83b3d0bc2904371bb432cfbe28cd0d
d1,G04_SP10_F10_EUC_UNION,7,observation_ids.csv,/root/autodl-fs/night6d_raw_runs_20260817/G04_SP10_F10_EUC_UNION/d1/seed_7/attempt_001/observation_ids.csv,73913,9987fde7a974faa2ad2f493677414f6de2a3a6b2531c56b02e462eef09f99c6e
d1,G04_SP10_F10_EUC_UNION,7,reload_spec.json,/root/autodl-fs/night6d_raw_runs_20260817/G04_SP10_F10_EUC_UNION/d1/seed_7/attempt_001/reload_spec.json,433,31ceea3b1632d311c0a6c27b5d2143098f396e64d6c2cd6bbe67569a5767c257
d1,G04_SP10_F10_EUC_UNION,7,views.npz,/root/autodl-fs/night6d_raw_runs_20260817/G04_SP10_F10_EUC_UNION/d1/seed_7/attempt_001/views.npz,2466747,b7225074b4a57204902ec264cd7ebb60a0710e6f1d8322add7317026e7a464f9
d1,G04_SP10_F10_EUC_UNION,8,run_manifest.json,/root/autodl-fs/night6d_raw_runs_20260817/G04_SP10_F10_EUC_UNION/d1/seed_8/attempt_001/run_manifest.json,6694,d60da7d09c2adcbea040a1c6f34f7ecaedd9f7a43e4c2a8d36d915183c5d51cb
d1,G04_SP10_F10_EUC_UNION,8,checkpoint_reload_audit.json,/root/autodl-fs/night6d_raw_runs_20260817/G04_SP10_F10_EUC_UNION/d1/seed_8/attempt_001/checkpoint_reload_audit.json,2836,c48a3d80842277d49dfe88ea7f7318a5482ee967c6e4cf0d36f42e739a34dbf0
d1,G04_SP10_F10_EUC_UNION,8,coefficient_probe.json,/root/autodl-fs/night6d_raw_runs_20260817/G04_SP10_F10_EUC_UNION/d1/seed_8/attempt_001/coefficient_probe.json,30963,c13d4e20482a4f391b41ad89ca79726fd68a63732a955e13be5029c0ded59c30
d1,G04_SP10_F10_EUC_UNION,8,h00_clusters.csv,/root/autodl-fs/night6d_raw_runs_20260817/G04_SP10_F10_EUC_UNION/d1/seed_8/attempt_001/h00_clusters.csv,80709,78280fdebd03c87960bbaf7e6c611a80152f867beae58e490bff49c712d3f7ec
d1,G04_SP10_F10_EUC_UNION,8,loss_trajectory.csv,/root/autodl-fs/night6d_raw_runs_20260817/G04_SP10_F10_EUC_UNION/d1/seed_8/attempt_001/loss_trajectory.csv,4964,a3621f2eeb4c7db6dd23f1b38cb11f924b143eb08fb638ba8f25c2725e446fb2
d1,G04_SP10_F10_EUC_UNION,8,model_final.pt,/root/autodl-fs/night6d_raw_runs_20260817/G04_SP10_F10_EUC_UNION/d1/seed_8/attempt_001/model_final.pt,1606367,217c997ca600e174b070b5116bad44171b782b24f07c22d04896df537de70dcc
d1,G04_SP10_F10_EUC_UNION,8,observation_ids.csv,/root/autodl-fs/night6d_raw_runs_20260817/G04_SP10_F10_EUC_UNION/d1/seed_8/attempt_001/observation_ids.csv,73913,9987fde7a974faa2ad2f493677414f6de2a3a6b2531c56b02e462eef09f99c6e
d1,G04_SP10_F10_EUC_UNION,8,reload_spec.json,/root/autodl-fs/night6d_raw_runs_20260817/G04_SP10_F10_EUC_UNION/d1/seed_8/attempt_001/reload_spec.json,433,51d77cc49e41917947c79e77bf055cb291599b98eb4b2793429436ae98fa5e94
d1,G04_SP10_F10_EUC_UNION,8,views.npz,/root/autodl-fs/night6d_raw_runs_20260817/G04_SP10_F10_EUC_UNION/d1/seed_8/attempt_001/views.npz,2466710,524674e5bf37bf0ce65203d0da86355adc039f9f2146092b081a3387977bba76
d1,G04_SP10_F10_EUC_UNION,9,run_manifest.json,/root/autodl-fs/night6d_raw_runs_20260817/G04_SP10_F10_EUC_UNION/d1/seed_9/attempt_001/run_manifest.json,6693,b2dbe99abf9b487f35e2c3a838e942c8cbccea3b84891e01ce2f98751f6d351a
d1,G04_SP10_F10_EUC_UNION,9,checkpoint_reload_audit.json,/root/autodl-fs/night6d_raw_runs_20260817/G04_SP10_F10_EUC_UNION/d1/seed_9/attempt_001/checkpoint_reload_audit.json,2834,5b946248a5a3974f5974a5b72a24b7787cfc7ad3c3189228398888458b10aa37
d1,G04_SP10_F10_EUC_UNION,9,coefficient_probe.json,/root/autodl-fs/night6d_raw_runs_20260817/G04_SP10_F10_EUC_UNION/d1/seed_9/attempt_001/coefficient_probe.json,30986,2635b2e59e25482c32aade5b6a738b9a1c3c94769a47032e598bf02e7e936ea0
d1,G04_SP10_F10_EUC_UNION,9,h00_clusters.csv,/root/autodl-fs/night6d_raw_runs_20260817/G04_SP10_F10_EUC_UNION/d1/seed_9/attempt_001/h00_clusters.csv,80832,d8ebb8dd320674cf04ae783790ef42229401f6eac46bd6eb55dded84cc0bc9db
d1,G04_SP10_F10_EUC_UNION,9,loss_trajectory.csv,/root/autodl-fs/night6d_raw_runs_20260817/G04_SP10_F10_EUC_UNION/d1/seed_9/attempt_001/loss_trajectory.csv,4936,f52ba0475f5bebdf1112a2509d3dd72049304d729e240f6c997a73670619bd96
d1,G04_SP10_F10_EUC_UNION,9,model_final.pt,/root/autodl-fs/night6d_raw_runs_20260817/G04_SP10_F10_EUC_UNION/d1/seed_9/attempt_001/model_final.pt,1606367,f070f99cbb7e0c1d6ccb8cffb9c2ca6e5cdaacfb151750ce40a50c7a783df41f
d1,G04_SP10_F10_EUC_UNION,9,observation_ids.csv,/root/autodl-fs/night6d_raw_runs_20260817/G04_SP10_F10_EUC_UNION/d1/seed_9/attempt_001/observation_ids.csv,73913,9987fde7a974faa2ad2f493677414f6de2a3a6b2531c56b02e462eef09f99c6e
d1,G04_SP10_F10_EUC_UNION,9,reload_spec.json,/root/autodl-fs/night6d_raw_runs_20260817/G04_SP10_F10_EUC_UNION/d1/seed_9/attempt_001/reload_spec.json,433,863b0d08a682cb2b16dd3179ef1ccb122b01d8cebb6e376c467698d686f478a6
d1,G04_SP10_F10_EUC_UNION,9,views.npz,/root/autodl-fs/night6d_raw_runs_20260817/G04_SP10_F10_EUC_UNION/d1/seed_9/attempt_001/views.npz,2466001,ac7e4020523bcfe7107f8b41e69c81e52bac5aa29417f4f959f190959b5c0092
p22,G00_SP18_F20_CORR_UNION,0,run_manifest.json,/root/autodl-fs/night6d_raw_runs_20260817/G00_SP18_F20_CORR_UNION/p22/seed_0/attempt_001/run_manifest.json,6708,bded8d21ebfa5c81e4b14c6e42122282f5ca3ca6dd2879087df4f3e61aa4381d
p22,G00_SP18_F20_CORR_UNION,0,checkpoint_reload_audit.json,/root/autodl-fs/night6d_raw_runs_20260817/G00_SP18_F20_CORR_UNION/p22/seed_0/attempt_001/checkpoint_reload_audit.json,2833,6dbcb7a39a2cd630991ad97eb9fad4184c7649b4bbcf92f31db34a7713910703
p22,G00_SP18_F20_CORR_UNION,0,coefficient_probe.json,/root/autodl-fs/night6d_raw_runs_20260817/G00_SP18_F20_CORR_UNION/p22/seed_0/attempt_001/coefficient_probe.json,31167,8b37785a77d49ce18ddb039e490564501fb8dfa9a9d2f2da9dae2b5b71926b2c
p22,G00_SP18_F20_CORR_UNION,0,h00_clusters.csv,/root/autodl-fs/night6d_raw_runs_20260817/G00_SP18_F20_CORR_UNION/p22/seed_0/attempt_001/h00_clusters.csv,174747,8cfe8169e136ab86a93b82bde9995c341200969ab8d837288d1916359fa3eef8
p22,G00_SP18_F20_CORR_UNION,0,loss_trajectory.csv,/root/autodl-fs/night6d_raw_runs_20260817/G00_SP18_F20_CORR_UNION/p22/seed_0/attempt_001/loss_trajectory.csv,5440,d584f18c71f18e033c128501c6d734d07ddcea1d3f13a8180203fceb6915ecdc
p22,G00_SP18_F20_CORR_UNION,0,model_final.pt,/root/autodl-fs/night6d_raw_runs_20260817/G00_SP18_F20_CORR_UNION/p22/seed_0/attempt_001/model_final.pt,2302431,62210c7bc786cda91531d30196e4b1ad8106a9f699ad3c62f784076b8f1d9149
p22,G00_SP18_F20_CORR_UNION,0,observation_ids.csv,/root/autodl-fs/night6d_raw_runs_20260817/G00_SP18_F20_CORR_UNION/p22/seed_0/attempt_001/observation_ids.csv,156347,c4381314391f7bf7b05bb55b1c318c58903724a2dc560d1152447b02e704c7eb
p22,G00_SP18_F20_CORR_UNION,0,reload_spec.json,/root/autodl-fs/night6d_raw_runs_20260817/G00_SP18_F20_CORR_UNION/p22/seed_0/attempt_001/reload_spec.json,449,7f99b2cb4ab378d2faf781ec3e14f7fa5349d8385c00cafc92e44b7b7c598aeb
p22,G00_SP18_F20_CORR_UNION,0,views.npz,/root/autodl-fs/night6d_raw_runs_20260817/G00_SP18_F20_CORR_UNION/p22/seed_0/attempt_001/views.npz,13274592,b26866a97621d7e035e1f52b83d727d1adcf03b86bcc405b5f8802720b12550c
p22,G00_SP18_F20_CORR_UNION,1,run_manifest.json,/root/autodl-fs/night6d_raw_runs_20260817/G00_SP18_F20_CORR_UNION/p22/seed_1/attempt_001/run_manifest.json,6711,2f7d4fc5cb74d3c6a3dda9302c2983ce39d47cbe5dc5b2c735875529556466aa
p22,G00_SP18_F20_CORR_UNION,1,checkpoint_reload_audit.json,/root/autodl-fs/night6d_raw_runs_20260817/G00_SP18_F20_CORR_UNION/p22/seed_1/attempt_001/checkpoint_reload_audit.json,2836,593ca6a7318c56f9d7761735fbc5d95dec15b07da3330ed83321a53f248a8734
p22,G00_SP18_F20_CORR_UNION,1,coefficient_probe.json,/root/autodl-fs/night6d_raw_runs_20260817/G00_SP18_F20_CORR_UNION/p22/seed_1/attempt_001/coefficient_probe.json,31118,1fc3a5c0c90737e3c0fca0d8d6f7c658b9351bbdefdafc57fa5e42fa7252bce3
p22,G00_SP18_F20_CORR_UNION,1,h00_clusters.csv,/root/autodl-fs/night6d_raw_runs_20260817/G00_SP18_F20_CORR_UNION/p22/seed_1/attempt_001/h00_clusters.csv,174747,a035e36013c3ca116e39d525889cc30bea915e0a61d43354fdcca5c9760823b8
p22,G00_SP18_F20_CORR_UNION,1,loss_trajectory.csv,/root/autodl-fs/night6d_raw_runs_20260817/G00_SP18_F20_CORR_UNION/p22/seed_1/attempt_001/loss_trajectory.csv,5478,d5e2b57a5eaefff31cc470c883087e7157e063f9878a4794024615bdfd2aa975
p22,G00_SP18_F20_CORR_UNION,1,model_final.pt,/root/autodl-fs/night6d_raw_runs_20260817/G00_SP18_F20_CORR_UNION/p22/seed_1/attempt_001/model_final.pt,2302431,8b9f24e64d6fe894cfb7e4ef4a0eb1c226a7edc2aa2e8f8259c81e729c171409
p22,G00_SP18_F20_CORR_UNION,1,observation_ids.csv,/root/autodl-fs/night6d_raw_runs_20260817/G00_SP18_F20_CORR_UNION/p22/seed_1/attempt_001/observation_ids.csv,156347,c4381314391f7bf7b05bb55b1c318c58903724a2dc560d1152447b02e704c7eb
p22,G00_SP18_F20_CORR_UNION,1,reload_spec.json,/root/autodl-fs/night6d_raw_runs_20260817/G00_SP18_F20_CORR_UNION/p22/seed_1/attempt_001/reload_spec.json,449,32e30c00c0b26ed84f797390ef1baccd52cbbd5a8db5f7dc8eee1331d50c1fbb
p22,G00_SP18_F20_CORR_UNION,1,views.npz,/root/autodl-fs/night6d_raw_runs_20260817/G00_SP18_F20_CORR_UNION/p22/seed_1/attempt_001/views.npz,13284831,4e5829cf31184019eacc4c7bf670a95b9765fec95465e1e6d8ccd0e44291cb58
p22,G00_SP18_F20_CORR_UNION,2,run_manifest.json,/root/autodl-fs/night6d_raw_runs_20260817/G00_SP18_F20_CORR_UNION/p22/seed_2/attempt_001/run_manifest.json,6709,64c938d7d0337147167ac0f2c5a2ea6977329b91c2517d2807113c9393818b0d
p22,G00_SP18_F20_CORR_UNION,2,checkpoint_reload_audit.json,/root/autodl-fs/night6d_raw_runs_20260817/G00_SP18_F20_CORR_UNION/p22/seed_2/attempt_001/checkpoint_reload_audit.json,2833,e55c24cf208b325fa7a9a353bc24e85d652f259fb893a6dd70ac1ed526067b3f
p22,G00_SP18_F20_CORR_UNION,2,coefficient_probe.json,/root/autodl-fs/night6d_raw_runs_20260817/G00_SP18_F20_CORR_UNION/p22/seed_2/attempt_001/coefficient_probe.json,31261,d79e770305f7053790dd2f847ec8d43c588307d4c3237c03e746a5e39b2d5e64
p22,G00_SP18_F20_CORR_UNION,2,h00_clusters.csv,/root/autodl-fs/night6d_raw_runs_20260817/G00_SP18_F20_CORR_UNION/p22/seed_2/attempt_001/h00_clusters.csv,174747,5a8d900c4a791ef9148a72c754496d0767015187d3497535385da12de23da26f
p22,G00_SP18_F20_CORR_UNION,2,loss_trajectory.csv,/root/autodl-fs/night6d_raw_runs_20260817/G00_SP18_F20_CORR_UNION/p22/seed_2/attempt_001/loss_trajectory.csv,5473,7caeb1635ad036806f9286197f5fa7064a4eb6a549dd04e309b293cea7ee62aa
p22,G00_SP18_F20_CORR_UNION,2,model_final.pt,/root/autodl-fs/night6d_raw_runs_20260817/G00_SP18_F20_CORR_UNION/p22/seed_2/attempt_001/model_final.pt,2302431,26c95a782b34a4b975458d10c8028b8044e968efe14ec8ee052bf00a589a8be7
p22,G00_SP18_F20_CORR_UNION,2,observation_ids.csv,/root/autodl-fs/night6d_raw_runs_20260817/G00_SP18_F20_CORR_UNION/p22/seed_2/attempt_001/observation_ids.csv,156347,c4381314391f7bf7b05bb55b1c318c58903724a2dc560d1152447b02e704c7eb
p22,G00_SP18_F20_CORR_UNION,2,reload_spec.json,/root/autodl-fs/night6d_raw_runs_20260817/G00_SP18_F20_CORR_UNION/p22/seed_2/attempt_001/reload_spec.json,449,ed64ba2d5664f706afd2994c260f9e8467ce7147b57e87081de1f5d77ff85148
p22,G00_SP18_F20_CORR_UNION,2,views.npz,/root/autodl-fs/night6d_raw_runs_20260817/G00_SP18_F20_CORR_UNION/p22/seed_2/attempt_001/views.npz,13280920,e51dac938856ce042a581947f763e12073dcb3f0ccf76f7acbd7556006bf5de9
p22,G00_SP18_F20_CORR_UNION,3,run_manifest.json,/root/autodl-fs/night6d_raw_runs_20260817/G00_SP18_F20_CORR_UNION/p22/seed_3/attempt_001/run_manifest.json,6709,179799eb6ff14185f02a6b55fcec3c11dba431615cf09c5ec83888879fec95fc
p22,G00_SP18_F20_CORR_UNION,3,checkpoint_reload_audit.json,/root/autodl-fs/night6d_raw_runs_20260817/G00_SP18_F20_CORR_UNION/p22/seed_3/attempt_001/checkpoint_reload_audit.json,2839,d6d9558d020a0e5fd9ecddf3f6902d40a9b6b69946f031af22aaaebc9c1b7fb6
p22,G00_SP18_F20_CORR_UNION,3,coefficient_probe.json,/root/autodl-fs/night6d_raw_runs_20260817/G00_SP18_F20_CORR_UNION/p22/seed_3/attempt_001/coefficient_probe.json,31204,ee000700a16600c140712c47ed3e3af4b539f00c1f289c2096413b3fb80976c4
p22,G00_SP18_F20_CORR_UNION,3,h00_clusters.csv,/root/autodl-fs/night6d_raw_runs_20260817/G00_SP18_F20_CORR_UNION/p22/seed_3/attempt_001/h00_clusters.csv,174747,ae29e7bd63b72bc4093b39decc4ea981c3813abeb53d767f389a875483f5112f
p22,G00_SP18_F20_CORR_UNION,3,loss_trajectory.csv,/root/autodl-fs/night6d_raw_runs_20260817/G00_SP18_F20_CORR_UNION/p22/seed_3/attempt_001/loss_trajectory.csv,5461,fb5be016e07eec0313e5b8c7f1634c3ed002f45c94348fb10ec8bf7cdc5602f9
p22,G00_SP18_F20_CORR_UNION,3,model_final.pt,/root/autodl-fs/night6d_raw_runs_20260817/G00_SP18_F20_CORR_UNION/p22/seed_3/attempt_001/model_final.pt,2302431,73ef540e10599e51eac155c523737dd480cd7a5ca34d4c78f19cee294a1465f5
p22,G00_SP18_F20_CORR_UNION,3,observation_ids.csv,/root/autodl-fs/night6d_raw_runs_20260817/G00_SP18_F20_CORR_UNION/p22/seed_3/attempt_001/observation_ids.csv,156347,c4381314391f7bf7b05bb55b1c318c58903724a2dc560d1152447b02e704c7eb
p22,G00_SP18_F20_CORR_UNION,3,reload_spec.json,/root/autodl-fs/night6d_raw_runs_20260817/G00_SP18_F20_CORR_UNION/p22/seed_3/attempt_001/reload_spec.json,449,7e82bbf8541a9006da8fe500ab30610b3ae2e0381da5fe75ad9237cdbd74511a
p22,G00_SP18_F20_CORR_UNION,3,views.npz,/root/autodl-fs/night6d_raw_runs_20260817/G00_SP18_F20_CORR_UNION/p22/seed_3/attempt_001/views.npz,13276271,1d426f609eebbdec67cb98df908d3877f24ba4eb512d7b23440a0036a33e5dad
p22,G00_SP18_F20_CORR_UNION,4,run_manifest.json,/root/autodl-fs/night6d_raw_runs_20260817/G00_SP18_F20_CORR_UNION/p22/seed_4/attempt_001/run_manifest.json,6710,277acbc1a41557846f80cdf3f479f7a048bb4cd994df3954c15b8fc6fca4b184
p22,G00_SP18_F20_CORR_UNION,4,checkpoint_reload_audit.json,/root/autodl-fs/night6d_raw_runs_20260817/G00_SP18_F20_CORR_UNION/p22/seed_4/attempt_001/checkpoint_reload_audit.json,2833,8abbca39e598d9ba62ac7268208ae678cfab5d8a4d9d883d5a8fa630cd00feba
p22,G00_SP18_F20_CORR_UNION,4,coefficient_probe.json,/root/autodl-fs/night6d_raw_runs_20260817/G00_SP18_F20_CORR_UNION/p22/seed_4/attempt_001/coefficient_probe.json,31193,d3157ad1106a09559be678f430238120c1cc97852cc65fec631f57950b6e2753
p22,G00_SP18_F20_CORR_UNION,4,h00_clusters.csv,/root/autodl-fs/night6d_raw_runs_20260817/G00_SP18_F20_CORR_UNION/p22/seed_4/attempt_001/h00_clusters.csv,174747,b3f64f41056d75904a583da05e1dbcd89a2b3cf3ab694656023549735aff36e4
p22,G00_SP18_F20_CORR_UNION,4,loss_trajectory.csv,/root/autodl-fs/night6d_raw_runs_20260817/G00_SP18_F20_CORR_UNION/p22/seed_4/attempt_001/loss_trajectory.csv,5468,b35679ecbf2ea8335b06a425b1d229433d49a95693098c4e9f34395035c44fd9
p22,G00_SP18_F20_CORR_UNION,4,model_final.pt,/root/autodl-fs/night6d_raw_runs_20260817/G00_SP18_F20_CORR_UNION/p22/seed_4/attempt_001/model_final.pt,2302431,fb508c1e71cfeb2cfc1a17d3afc7c7d7e84559ad4cfc67744f4b7be096f42cbc
p22,G00_SP18_F20_CORR_UNION,4,observation_ids.csv,/root/autodl-fs/night6d_raw_runs_20260817/G00_SP18_F20_CORR_UNION/p22/seed_4/attempt_001/observation_ids.csv,156347,c4381314391f7bf7b05bb55b1c318c58903724a2dc560d1152447b02e704c7eb
p22,G00_SP18_F20_CORR_UNION,4,reload_spec.json,/root/autodl-fs/night6d_raw_runs_20260817/G00_SP18_F20_CORR_UNION/p22/seed_4/attempt_001/reload_spec.json,449,84daf68e85e1eb0e15dc11c05b3e0c1037825da71c95e2729ce2e257f54f2906
p22,G00_SP18_F20_CORR_UNION,4,views.npz,/root/autodl-fs/night6d_raw_runs_20260817/G00_SP18_F20_CORR_UNION/p22/seed_4/attempt_001/views.npz,13272675,129e887adac505f7d1c8242198e5e96d011ebbcbc37bb7b33957ba97a207b700
p22,G00_SP18_F20_CORR_UNION,5,run_manifest.json,/root/autodl-fs/night6d_raw_runs_20260817/G00_SP18_F20_CORR_UNION/p22/seed_5/attempt_001/run_manifest.json,6710,e44ccb0b5af50706a53517992a8e63ea8138bab67eff481fbaec773f36080e95
p22,G00_SP18_F20_CORR_UNION,5,checkpoint_reload_audit.json,/root/autodl-fs/night6d_raw_runs_20260817/G00_SP18_F20_CORR_UNION/p22/seed_5/attempt_001/checkpoint_reload_audit.json,2831,cfdfa1549f6305f2abac3902b7cd6c922edd58ea23c12cc5cfee321506435f60
p22,G00_SP18_F20_CORR_UNION,5,coefficient_probe.json,/root/autodl-fs/night6d_raw_runs_20260817/G00_SP18_F20_CORR_UNION/p22/seed_5/attempt_001/coefficient_probe.json,31205,608aee2b36063f015a32448b8bb60f55f1d4bc661db2eacae885e8ab0d95a939
p22,G00_SP18_F20_CORR_UNION,5,h00_clusters.csv,/root/autodl-fs/night6d_raw_runs_20260817/G00_SP18_F20_CORR_UNION/p22/seed_5/attempt_001/h00_clusters.csv,174747,68caee84b2899bfd9c5e6f59c48c745f3d90035d08e5ce46d93a0f9a78c8ec85
p22,G00_SP18_F20_CORR_UNION,5,loss_trajectory.csv,/root/autodl-fs/night6d_raw_runs_20260817/G00_SP18_F20_CORR_UNION/p22/seed_5/attempt_001/loss_trajectory.csv,5483,0c5d2b58c40a3fa9a3c3dea47d039029e7a78ef91bfe2acc3975a4a2a4e1e0b4
p22,G00_SP18_F20_CORR_UNION,5,model_final.pt,/root/autodl-fs/night6d_raw_runs_20260817/G00_SP18_F20_CORR_UNION/p22/seed_5/attempt_001/model_final.pt,2302431,1c03fab6f651e1550c5cece91246dbcf3e58b26c1190dabd09a085a881c62b96
p22,G00_SP18_F20_CORR_UNION,5,observation_ids.csv,/root/autodl-fs/night6d_raw_runs_20260817/G00_SP18_F20_CORR_UNION/p22/seed_5/attempt_001/observation_ids.csv,156347,c4381314391f7bf7b05bb55b1c318c58903724a2dc560d1152447b02e704c7eb
p22,G00_SP18_F20_CORR_UNION,5,reload_spec.json,/root/autodl-fs/night6d_raw_runs_20260817/G00_SP18_F20_CORR_UNION/p22/seed_5/attempt_001/reload_spec.json,449,fcf0846f3ac7aceeb1ac7621e256db5dfe557efea6e49c81bb7d20306d4021f6
p22,G00_SP18_F20_CORR_UNION,5,views.npz,/root/autodl-fs/night6d_raw_runs_20260817/G00_SP18_F20_CORR_UNION/p22/seed_5/attempt_001/views.npz,13273150,13bee9d4ccb241c489f0e8ea19430f1245dc9f576103f2e1fc44cd90028f6a55
p22,G00_SP18_F20_CORR_UNION,6,run_manifest.json,/root/autodl-fs/night6d_raw_runs_20260817/G00_SP18_F20_CORR_UNION/p22/seed_6/attempt_001/run_manifest.json,6710,3dc7496316b58295d66db34c997e9f0f787d0694165f54c6f5f30a78d350b52d
p22,G00_SP18_F20_CORR_UNION,6,checkpoint_reload_audit.json,/root/autodl-fs/night6d_raw_runs_20260817/G00_SP18_F20_CORR_UNION/p22/seed_6/attempt_001/checkpoint_reload_audit.json,2833,5cd51926f5ebf744ddf8dcb01ec251f73ccd6999fd1f6e57378cfc2f047413ed
p22,G00_SP18_F20_CORR_UNION,6,coefficient_probe.json,/root/autodl-fs/night6d_raw_runs_20260817/G00_SP18_F20_CORR_UNION/p22/seed_6/attempt_001/coefficient_probe.json,31224,136bf4c58a8445e604f664f80badcb83b101125c23a05e10b760ce55bd8d2add
p22,G00_SP18_F20_CORR_UNION,6,h00_clusters.csv,/root/autodl-fs/night6d_raw_runs_20260817/G00_SP18_F20_CORR_UNION/p22/seed_6/attempt_001/h00_clusters.csv,174747,c9691aa15677645adab1f546e4a0a955d3c91132ff3a3c3124a486ae302a9e4f
p22,G00_SP18_F20_CORR_UNION,6,loss_trajectory.csv,/root/autodl-fs/night6d_raw_runs_20260817/G00_SP18_F20_CORR_UNION/p22/seed_6/attempt_001/loss_trajectory.csv,5481,d74ae6f8e1e79ecd8ef4a925134ef2d267202282512555e88f793518ac12cfa4
p22,G00_SP18_F20_CORR_UNION,6,model_final.pt,/root/autodl-fs/night6d_raw_runs_20260817/G00_SP18_F20_CORR_UNION/p22/seed_6/attempt_001/model_final.pt,2302431,f2a409df8518f7fda9ca58e67d15697bc5e508618e65c778f078052bbb6257c2
p22,G00_SP18_F20_CORR_UNION,6,observation_ids.csv,/root/autodl-fs/night6d_raw_runs_20260817/G00_SP18_F20_CORR_UNION/p22/seed_6/attempt_001/observation_ids.csv,156347,c4381314391f7bf7b05bb55b1c318c58903724a2dc560d1152447b02e704c7eb
p22,G00_SP18_F20_CORR_UNION,6,reload_spec.json,/root/autodl-fs/night6d_raw_runs_20260817/G00_SP18_F20_CORR_UNION/p22/seed_6/attempt_001/reload_spec.json,449,fa90a688751c19fb374aa3c66438dfea753639571f7f6f5340557a14f0c25901
p22,G00_SP18_F20_CORR_UNION,6,views.npz,/root/autodl-fs/night6d_raw_runs_20260817/G00_SP18_F20_CORR_UNION/p22/seed_6/attempt_001/views.npz,13273987,8b64597ab84dbfe815b3e75c26c9bd4300daa089f6f027c42ebfeeb79815cd3a
p22,G00_SP18_F20_CORR_UNION,7,run_manifest.json,/root/autodl-fs/night6d_raw_runs_20260817/G00_SP18_F20_CORR_UNION/p22/seed_7/attempt_001/run_manifest.json,6709,5adfc75835cba5b34a9c29acfff888fcad357c1d93b5732a553fa0f6d533263a
p22,G00_SP18_F20_CORR_UNION,7,checkpoint_reload_audit.json,/root/autodl-fs/night6d_raw_runs_20260817/G00_SP18_F20_CORR_UNION/p22/seed_7/attempt_001/checkpoint_reload_audit.json,2834,f713048a5405df4491032da780ba3ed3e1fd72e242be64c3632f438a2bbf9a48
p22,G00_SP18_F20_CORR_UNION,7,coefficient_probe.json,/root/autodl-fs/night6d_raw_runs_20260817/G00_SP18_F20_CORR_UNION/p22/seed_7/attempt_001/coefficient_probe.json,31210,fb54cd2c8af82b4456318a9552cf083f958597c05e8d22a7476c57266908ab7b
p22,G00_SP18_F20_CORR_UNION,7,h00_clusters.csv,/root/autodl-fs/night6d_raw_runs_20260817/G00_SP18_F20_CORR_UNION/p22/seed_7/attempt_001/h00_clusters.csv,174747,da723e537d3dc0325b43fe498f708e1c740dbfc09f1123277f0123872b4a0994
p22,G00_SP18_F20_CORR_UNION,7,loss_trajectory.csv,/root/autodl-fs/night6d_raw_runs_20260817/G00_SP18_F20_CORR_UNION/p22/seed_7/attempt_001/loss_trajectory.csv,5480,c74d6ce621ad89a2fa90c41ec8d63c0efe2d96c94db5a7fa7d7a86eab2075eea
p22,G00_SP18_F20_CORR_UNION,7,model_final.pt,/root/autodl-fs/night6d_raw_runs_20260817/G00_SP18_F20_CORR_UNION/p22/seed_7/attempt_001/model_final.pt,2302431,21ff129242e68742d34881706cecee2808622e15fcd7b479f0cd8a812a0fd9e1
p22,G00_SP18_F20_CORR_UNION,7,observation_ids.csv,/root/autodl-fs/night6d_raw_runs_20260817/G00_SP18_F20_CORR_UNION/p22/seed_7/attempt_001/observation_ids.csv,156347,c4381314391f7bf7b05bb55b1c318c58903724a2dc560d1152447b02e704c7eb
p22,G00_SP18_F20_CORR_UNION,7,reload_spec.json,/root/autodl-fs/night6d_raw_runs_20260817/G00_SP18_F20_CORR_UNION/p22/seed_7/attempt_001/reload_spec.json,449,c818d0e61d2e76d348e66d372acdbecc075a0c128a5fefb81f30818be7a289b4
p22,G00_SP18_F20_CORR_UNION,7,views.npz,/root/autodl-fs/night6d_raw_runs_20260817/G00_SP18_F20_CORR_UNION/p22/seed_7/attempt_001/views.npz,13273103,e7177eaaab215c4a217916e6de55b5bb7be9c5ebef8cb44a996cce59b4146e0d
p22,G00_SP18_F20_CORR_UNION,8,run_manifest.json,/root/autodl-fs/night6d_raw_runs_20260817/G00_SP18_F20_CORR_UNION/p22/seed_8/attempt_001/run_manifest.json,6710,3e8e4ea9ada423013bdaaf2bde68006da77b29313edbe07e92485659d5912a61
p22,G00_SP18_F20_CORR_UNION,8,checkpoint_reload_audit.json,/root/autodl-fs/night6d_raw_runs_20260817/G00_SP18_F20_CORR_UNION/p22/seed_8/attempt_001/checkpoint_reload_audit.json,2833,2e313af57f8d1b870366c640d8fb3877cea0290e595c94fef7d86bcaaadf1e6c
p22,G00_SP18_F20_CORR_UNION,8,coefficient_probe.json,/root/autodl-fs/night6d_raw_runs_20260817/G00_SP18_F20_CORR_UNION/p22/seed_8/attempt_001/coefficient_probe.json,31193,a1fa081af621c083a8f2035269737dce844a582441fa887855ad93be3a71de41
p22,G00_SP18_F20_CORR_UNION,8,h00_clusters.csv,/root/autodl-fs/night6d_raw_runs_20260817/G00_SP18_F20_CORR_UNION/p22/seed_8/attempt_001/h00_clusters.csv,174747,7c7cea60a75622cdad87e6d82728e7d7e1f7f75b102af92a2476861ad5e868b1
p22,G00_SP18_F20_CORR_UNION,8,loss_trajectory.csv,/root/autodl-fs/night6d_raw_runs_20260817/G00_SP18_F20_CORR_UNION/p22/seed_8/attempt_001/loss_trajectory.csv,5478,df6ddc38d215b1248835fc3d897e78eaf982c8fdf0c8084a0dd4f47c303a2005
p22,G00_SP18_F20_CORR_UNION,8,model_final.pt,/root/autodl-fs/night6d_raw_runs_20260817/G00_SP18_F20_CORR_UNION/p22/seed_8/attempt_001/model_final.pt,2302431,d7e31d7cad9cc614c3cbefa84513c260ba5b5a4013ca20ff452e2d77ea1ee276
p22,G00_SP18_F20_CORR_UNION,8,observation_ids.csv,/root/autodl-fs/night6d_raw_runs_20260817/G00_SP18_F20_CORR_UNION/p22/seed_8/attempt_001/observation_ids.csv,156347,c4381314391f7bf7b05bb55b1c318c58903724a2dc560d1152447b02e704c7eb
p22,G00_SP18_F20_CORR_UNION,8,reload_spec.json,/root/autodl-fs/night6d_raw_runs_20260817/G00_SP18_F20_CORR_UNION/p22/seed_8/attempt_001/reload_spec.json,449,35c56a631c6988c93b2273bfcbaaf538e4363c1b88fe5966bfa28ba4ec138b11
p22,G00_SP18_F20_CORR_UNION,8,views.npz,/root/autodl-fs/night6d_raw_runs_20260817/G00_SP18_F20_CORR_UNION/p22/seed_8/attempt_001/views.npz,13273055,95b501f9d5dabb48559d0070b7b47512e4683629855a4b164b2b8fc68a98116a
p22,G00_SP18_F20_CORR_UNION,9,run_manifest.json,/root/autodl-fs/night6d_raw_runs_20260817/G00_SP18_F20_CORR_UNION/p22/seed_9/attempt_001/run_manifest.json,6709,e69d646c92d812ddd78e03cd6feeb26b79a24bb9d8e26d5f9659a28fdbdee57e
p22,G00_SP18_F20_CORR_UNION,9,checkpoint_reload_audit.json,/root/autodl-fs/night6d_raw_runs_20260817/G00_SP18_F20_CORR_UNION/p22/seed_9/attempt_001/checkpoint_reload_audit.json,2833,b822cb22a266593524cfbf65919b0134b1c2589769ac115c5bcc5bfbd4caa0f9
p22,G00_SP18_F20_CORR_UNION,9,coefficient_probe.json,/root/autodl-fs/night6d_raw_runs_20260817/G00_SP18_F20_CORR_UNION/p22/seed_9/attempt_001/coefficient_probe.json,31197,9c93f2fc488c684ff477de7609c9a53ba638d0879391056f96681f71abde3044
p22,G00_SP18_F20_CORR_UNION,9,h00_clusters.csv,/root/autodl-fs/night6d_raw_runs_20260817/G00_SP18_F20_CORR_UNION/p22/seed_9/attempt_001/h00_clusters.csv,174747,c4f6e710c14fc0f81caba6a27d5f8e978c1cb8d52900b71c7638a7dead455d11
p22,G00_SP18_F20_CORR_UNION,9,loss_trajectory.csv,/root/autodl-fs/night6d_raw_runs_20260817/G00_SP18_F20_CORR_UNION/p22/seed_9/attempt_001/loss_trajectory.csv,5458,059b3cc46dade253ee782a0b996fcb7c66aad0c267f6876e9be105bb73918c2f
p22,G00_SP18_F20_CORR_UNION,9,model_final.pt,/root/autodl-fs/night6d_raw_runs_20260817/G00_SP18_F20_CORR_UNION/p22/seed_9/attempt_001/model_final.pt,2302431,a581c30c2a7a1044f038404d5e21dd644b5d1ff2914631d99d3f830c9c442eda
p22,G00_SP18_F20_CORR_UNION,9,observation_ids.csv,/root/autodl-fs/night6d_raw_runs_20260817/G00_SP18_F20_CORR_UNION/p22/seed_9/attempt_001/observation_ids.csv,156347,c4381314391f7bf7b05bb55b1c318c58903724a2dc560d1152447b02e704c7eb
p22,G00_SP18_F20_CORR_UNION,9,reload_spec.json,/root/autodl-fs/night6d_raw_runs_20260817/G00_SP18_F20_CORR_UNION/p22/seed_9/attempt_001/reload_spec.json,449,be57aba9d882b81c808a3e7c758b4681927f3022350ff8d19e26109b7502e45d
p22,G00_SP18_F20_CORR_UNION,9,views.npz,/root/autodl-fs/night6d_raw_runs_20260817/G00_SP18_F20_CORR_UNION/p22/seed_9/attempt_001/views.npz,13288768,b971b0c83cef8b008d922c71b83e54679a2d4f0b72811f672e71e7948a163006
p22,G04_SP10_F10_EUC_UNION,0,run_manifest.json,/root/autodl-fs/night6d_raw_runs_20260817/G04_SP10_F10_EUC_UNION/p22/seed_0/attempt_001/run_manifest.json,6711,63663e8736194a472df1c8c172c4e329fc0c33adb050c680c38273a3dc63edf4
p22,G04_SP10_F10_EUC_UNION,0,checkpoint_reload_audit.json,/root/autodl-fs/night6d_raw_runs_20260817/G04_SP10_F10_EUC_UNION/p22/seed_0/attempt_001/checkpoint_reload_audit.json,2834,14be9ca68d1a84329288ec84ad577c5445f50eac8b26fe3d818ed67b90aed142
p22,G04_SP10_F10_EUC_UNION,0,coefficient_probe.json,/root/autodl-fs/night6d_raw_runs_20260817/G04_SP10_F10_EUC_UNION/p22/seed_0/attempt_001/coefficient_probe.json,31193,822dc00dbd905bc1f45246051e3f7daad93eb65fa673d44fb2aab28dbea7d532
p22,G04_SP10_F10_EUC_UNION,0,h00_clusters.csv,/root/autodl-fs/night6d_raw_runs_20260817/G04_SP10_F10_EUC_UNION/p22/seed_0/attempt_001/h00_clusters.csv,174747,613deac4c351ad30fa44810d636fa24411c312702f86e1de11cb72aa7e3e792f
p22,G04_SP10_F10_EUC_UNION,0,loss_trajectory.csv,/root/autodl-fs/night6d_raw_runs_20260817/G04_SP10_F10_EUC_UNION/p22/seed_0/attempt_001/loss_trajectory.csv,5484,0de9ca1b69da813aea9787cc46cb16fdf4b5bc20bdf02891a94468477785a759
p22,G04_SP10_F10_EUC_UNION,0,model_final.pt,/root/autodl-fs/night6d_raw_runs_20260817/G04_SP10_F10_EUC_UNION/p22/seed_0/attempt_001/model_final.pt,2302431,338fc2c6f392f7a19c06ff484437a92b45657b822b27b91018f467ec9266210b
p22,G04_SP10_F10_EUC_UNION,0,observation_ids.csv,/root/autodl-fs/night6d_raw_runs_20260817/G04_SP10_F10_EUC_UNION/p22/seed_0/attempt_001/observation_ids.csv,156347,c4381314391f7bf7b05bb55b1c318c58903724a2dc560d1152447b02e704c7eb
p22,G04_SP10_F10_EUC_UNION,0,reload_spec.json,/root/autodl-fs/night6d_raw_runs_20260817/G04_SP10_F10_EUC_UNION/p22/seed_0/attempt_001/reload_spec.json,447,459c37d45c266c08f5f2ff1df4d76eef479ae84594271badbc7e2a69f08131d2
p22,G04_SP10_F10_EUC_UNION,0,views.npz,/root/autodl-fs/night6d_raw_runs_20260817/G04_SP10_F10_EUC_UNION/p22/seed_0/attempt_001/views.npz,13261523,c33182fd61822a4e3f6befdc693a8b09bd7fc2b0da494147eadc4656bb7edfd2
p22,G04_SP10_F10_EUC_UNION,1,run_manifest.json,/root/autodl-fs/night6d_raw_runs_20260817/G04_SP10_F10_EUC_UNION/p22/seed_1/attempt_001/run_manifest.json,6710,c7cc940a3a73aeea6daffb3bcee2edfd3b284b3051616cb1164f71a042259e15
p22,G04_SP10_F10_EUC_UNION,1,checkpoint_reload_audit.json,/root/autodl-fs/night6d_raw_runs_20260817/G04_SP10_F10_EUC_UNION/p22/seed_1/attempt_001/checkpoint_reload_audit.json,2834,cdaba6d6ecc92258cadeab0ff15302fbe0d021aa224bbca425fa5625fd036e70
p22,G04_SP10_F10_EUC_UNION,1,coefficient_probe.json,/root/autodl-fs/night6d_raw_runs_20260817/G04_SP10_F10_EUC_UNION/p22/seed_1/attempt_001/coefficient_probe.json,31210,78dd7225cee7ea9faf15ad2b67d7257164d28c144d056e7fdc026e0e2938aff2
p22,G04_SP10_F10_EUC_UNION,1,h00_clusters.csv,/root/autodl-fs/night6d_raw_runs_20260817/G04_SP10_F10_EUC_UNION/p22/seed_1/attempt_001/h00_clusters.csv,174747,22f3947e70acbaf11b3fe5d5c5093d17e624e34f806bb92d1748bf7fe418ca07
p22,G04_SP10_F10_EUC_UNION,1,loss_trajectory.csv,/root/autodl-fs/night6d_raw_runs_20260817/G04_SP10_F10_EUC_UNION/p22/seed_1/attempt_001/loss_trajectory.csv,5454,d7a37f40b54a71f02029bdcc0f5c3e1aa1ba32a44de79b242555511446755a5a
p22,G04_SP10_F10_EUC_UNION,1,model_final.pt,/root/autodl-fs/night6d_raw_runs_20260817/G04_SP10_F10_EUC_UNION/p22/seed_1/attempt_001/model_final.pt,2302431,45a1e35d5b080eb57b0163b11ba34f69eb9e8470e2d6a4a7425eb3045ce2395a
p22,G04_SP10_F10_EUC_UNION,1,observation_ids.csv,/root/autodl-fs/night6d_raw_runs_20260817/G04_SP10_F10_EUC_UNION/p22/seed_1/attempt_001/observation_ids.csv,156347,c4381314391f7bf7b05bb55b1c318c58903724a2dc560d1152447b02e704c7eb
p22,G04_SP10_F10_EUC_UNION,1,reload_spec.json,/root/autodl-fs/night6d_raw_runs_20260817/G04_SP10_F10_EUC_UNION/p22/seed_1/attempt_001/reload_spec.json,447,937471a7440991a12931ca8a66a9d7c2851be9ef107fde939dd4ac5cca07027d
p22,G04_SP10_F10_EUC_UNION,1,views.npz,/root/autodl-fs/night6d_raw_runs_20260817/G04_SP10_F10_EUC_UNION/p22/seed_1/attempt_001/views.npz,13272865,06bc597ac56f114f0b4f452d498d9232f3c7c5ed35951e9ab28601613149e329
p22,G04_SP10_F10_EUC_UNION,2,run_manifest.json,/root/autodl-fs/night6d_raw_runs_20260817/G04_SP10_F10_EUC_UNION/p22/seed_2/attempt_001/run_manifest.json,6712,3d46a2aa1ee84967570a2607b3a96b06d7329d6967c3a90fb47789a5233b0e22
p22,G04_SP10_F10_EUC_UNION,2,checkpoint_reload_audit.json,/root/autodl-fs/night6d_raw_runs_20260817/G04_SP10_F10_EUC_UNION/p22/seed_2/attempt_001/checkpoint_reload_audit.json,2832,d1931b6c4fa1bc9fdac3b0bbbeb4057b3a21bd88437d463596db334fce7407e4
p22,G04_SP10_F10_EUC_UNION,2,coefficient_probe.json,/root/autodl-fs/night6d_raw_runs_20260817/G04_SP10_F10_EUC_UNION/p22/seed_2/attempt_001/coefficient_probe.json,31268,547abb9474054efe55c9d799713669327c602b0fda8820b0469b7f9666dc023d
p22,G04_SP10_F10_EUC_UNION,2,h00_clusters.csv,/root/autodl-fs/night6d_raw_runs_20260817/G04_SP10_F10_EUC_UNION/p22/seed_2/attempt_001/h00_clusters.csv,174747,3c4f41918696c365f526dd493cd2cefdc7a16b6578ccff4be7a973ffa342ec35
p22,G04_SP10_F10_EUC_UNION,2,loss_trajectory.csv,/root/autodl-fs/night6d_raw_runs_20260817/G04_SP10_F10_EUC_UNION/p22/seed_2/attempt_001/loss_trajectory.csv,5483,cafcfbe24aacbca2ce1cfb22a853e0b389e7bc908839a2cd2bf624dcbe72ede5
p22,G04_SP10_F10_EUC_UNION,2,model_final.pt,/root/autodl-fs/night6d_raw_runs_20260817/G04_SP10_F10_EUC_UNION/p22/seed_2/attempt_001/model_final.pt,2302431,6353616ee4a9fdb3933933048dbdf8143c961050bc9a6aab54c2f247cd5d963d
p22,G04_SP10_F10_EUC_UNION,2,observation_ids.csv,/root/autodl-fs/night6d_raw_runs_20260817/G04_SP10_F10_EUC_UNION/p22/seed_2/attempt_001/observation_ids.csv,156347,c4381314391f7bf7b05bb55b1c318c58903724a2dc560d1152447b02e704c7eb
p22,G04_SP10_F10_EUC_UNION,2,reload_spec.json,/root/autodl-fs/night6d_raw_runs_20260817/G04_SP10_F10_EUC_UNION/p22/seed_2/attempt_001/reload_spec.json,447,a22ba31fc7334aa12222ecd6a305dd2a52bce1dc2fffd9bf5d4fda80e02d2a39
p22,G04_SP10_F10_EUC_UNION,2,views.npz,/root/autodl-fs/night6d_raw_runs_20260817/G04_SP10_F10_EUC_UNION/p22/seed_2/attempt_001/views.npz,13278587,ccd3013deff7bd9ff853432be5744ca29a7c273ac54dc52eda2f169c59fcca03
p22,G04_SP10_F10_EUC_UNION,3,run_manifest.json,/root/autodl-fs/night6d_raw_runs_20260817/G04_SP10_F10_EUC_UNION/p22/seed_3/attempt_001/run_manifest.json,6711,0198d06c60aff3b98aa7fd5f0323c1fdb8c9790c120d79c8e71963925730e52f
p22,G04_SP10_F10_EUC_UNION,3,checkpoint_reload_audit.json,/root/autodl-fs/night6d_raw_runs_20260817/G04_SP10_F10_EUC_UNION/p22/seed_3/attempt_001/checkpoint_reload_audit.json,2834,cd44ffcfad6dd21cb35e89dc1874817b04ec279348035d6aa0cc1ac425c9a1ac
p22,G04_SP10_F10_EUC_UNION,3,coefficient_probe.json,/root/autodl-fs/night6d_raw_runs_20260817/G04_SP10_F10_EUC_UNION/p22/seed_3/attempt_001/coefficient_probe.json,31242,a48641094421a7445da6f71a4e614d22dfb3f116bc45c8f158e973e4332d1193
p22,G04_SP10_F10_EUC_UNION,3,h00_clusters.csv,/root/autodl-fs/night6d_raw_runs_20260817/G04_SP10_F10_EUC_UNION/p22/seed_3/attempt_001/h00_clusters.csv,174747,44e0dc50f0360ec335e9510906ef149f37fb12e3aaa93c1f2ce35e7d66fec147
p22,G04_SP10_F10_EUC_UNION,3,loss_trajectory.csv,/root/autodl-fs/night6d_raw_runs_20260817/G04_SP10_F10_EUC_UNION/p22/seed_3/attempt_001/loss_trajectory.csv,5466,3364e88fc463a957188c2d9f6dd4fd8a112d2bd966068a7c9cb94594ec1440e1
p22,G04_SP10_F10_EUC_UNION,3,model_final.pt,/root/autodl-fs/night6d_raw_runs_20260817/G04_SP10_F10_EUC_UNION/p22/seed_3/attempt_001/model_final.pt,2302431,d5916b95ac0db5843b470d783852675aac9692a6edfc7741eec151c8d88a8d81
p22,G04_SP10_F10_EUC_UNION,3,observation_ids.csv,/root/autodl-fs/night6d_raw_runs_20260817/G04_SP10_F10_EUC_UNION/p22/seed_3/attempt_001/observation_ids.csv,156347,c4381314391f7bf7b05bb55b1c318c58903724a2dc560d1152447b02e704c7eb
p22,G04_SP10_F10_EUC_UNION,3,reload_spec.json,/root/autodl-fs/night6d_raw_runs_20260817/G04_SP10_F10_EUC_UNION/p22/seed_3/attempt_001/reload_spec.json,447,64fea03f1196cc5f4d42bac9fbc4156daf87be9257f0b82eef2f094f043066cc
p22,G04_SP10_F10_EUC_UNION,3,views.npz,/root/autodl-fs/night6d_raw_runs_20260817/G04_SP10_F10_EUC_UNION/p22/seed_3/attempt_001/views.npz,13267827,d24b6395e3cc28a1d52207faf063654cd5384931fd5c1cdb64ea566e173d6985
p22,G04_SP10_F10_EUC_UNION,4,run_manifest.json,/root/autodl-fs/night6d_raw_runs_20260817/G04_SP10_F10_EUC_UNION/p22/seed_4/attempt_001/run_manifest.json,6712,211f63fa4fc8c0e1b868befe34a1188f3251252d4bbfdde53b0b3c9409932339
p22,G04_SP10_F10_EUC_UNION,4,checkpoint_reload_audit.json,/root/autodl-fs/night6d_raw_runs_20260817/G04_SP10_F10_EUC_UNION/p22/seed_4/attempt_001/checkpoint_reload_audit.json,2837,ebc26afd112228071af98bbcba128b5ad09a6df468b53df48e2fbf1b5fb0694a
p22,G04_SP10_F10_EUC_UNION,4,coefficient_probe.json,/root/autodl-fs/night6d_raw_runs_20260817/G04_SP10_F10_EUC_UNION/p22/seed_4/attempt_001/coefficient_probe.json,31203,726ef07c6c82a017471f7019d677e25674bf28d154a8003cbde53ac2bb6a80a6
p22,G04_SP10_F10_EUC_UNION,4,h00_clusters.csv,/root/autodl-fs/night6d_raw_runs_20260817/G04_SP10_F10_EUC_UNION/p22/seed_4/attempt_001/h00_clusters.csv,174747,83853cd12c4931d9a9291b437d0197ff1d11b68e883ecbcdbb3a9356eb20eb61
p22,G04_SP10_F10_EUC_UNION,4,loss_trajectory.csv,/root/autodl-fs/night6d_raw_runs_20260817/G04_SP10_F10_EUC_UNION/p22/seed_4/attempt_001/loss_trajectory.csv,5462,8828d2bc9c4f6d729443b6ab4019f82436c4cac7786fb74c1ac4f3c6f8493259
p22,G04_SP10_F10_EUC_UNION,4,model_final.pt,/root/autodl-fs/night6d_raw_runs_20260817/G04_SP10_F10_EUC_UNION/p22/seed_4/attempt_001/model_final.pt,2302431,c9edb8c26acbbfd68fc50aba92255dfdd003e10962e931699de04561b54318b1
p22,G04_SP10_F10_EUC_UNION,4,observation_ids.csv,/root/autodl-fs/night6d_raw_runs_20260817/G04_SP10_F10_EUC_UNION/p22/seed_4/attempt_001/observation_ids.csv,156347,c4381314391f7bf7b05bb55b1c318c58903724a2dc560d1152447b02e704c7eb
p22,G04_SP10_F10_EUC_UNION,4,reload_spec.json,/root/autodl-fs/night6d_raw_runs_20260817/G04_SP10_F10_EUC_UNION/p22/seed_4/attempt_001/reload_spec.json,447,ac732492b7fe25351c58c060f8326aa8b6108b06274b5d34389d8561b88bf0a2
p22,G04_SP10_F10_EUC_UNION,4,views.npz,/root/autodl-fs/night6d_raw_runs_20260817/G04_SP10_F10_EUC_UNION/p22/seed_4/attempt_001/views.npz,13262530,a3cee3327f37adc8703fa622c9781b99827b02f27f92a7afef90e349afe1f3eb
p22,G04_SP10_F10_EUC_UNION,5,run_manifest.json,/root/autodl-fs/night6d_raw_runs_20260817/G04_SP10_F10_EUC_UNION/p22/seed_5/attempt_001/run_manifest.json,6712,50dfe7fc56cdd045eed137f33310cb5d51f8ab5c4b2e9c5cd496e02c501da690
p22,G04_SP10_F10_EUC_UNION,5,checkpoint_reload_audit.json,/root/autodl-fs/night6d_raw_runs_20260817/G04_SP10_F10_EUC_UNION/p22/seed_5/attempt_001/checkpoint_reload_audit.json,2834,1dd4753a3f4ac40c1e51192579c5eefa8a72814147dc4f2c881279a121abe178
p22,G04_SP10_F10_EUC_UNION,5,coefficient_probe.json,/root/autodl-fs/night6d_raw_runs_20260817/G04_SP10_F10_EUC_UNION/p22/seed_5/attempt_001/coefficient_probe.json,31191,1e321a07580d79933e393b607ca59494b8ab3b8279e112a6102088f5f3b2d5d6
p22,G04_SP10_F10_EUC_UNION,5,h00_clusters.csv,/root/autodl-fs/night6d_raw_runs_20260817/G04_SP10_F10_EUC_UNION/p22/seed_5/attempt_001/h00_clusters.csv,174747,fa11fd6030c54995199d9327d57260c1ace4c3cd87d1beb95d2bd4dedf1502f3
p22,G04_SP10_F10_EUC_UNION,5,loss_trajectory.csv,/root/autodl-fs/night6d_raw_runs_20260817/G04_SP10_F10_EUC_UNION/p22/seed_5/attempt_001/loss_trajectory.csv,5486,5ae0e0ee7ad472e878ffb6d78698b720644dd15b2f93733edafc3fe3581a3231
p22,G04_SP10_F10_EUC_UNION,5,model_final.pt,/root/autodl-fs/night6d_raw_runs_20260817/G04_SP10_F10_EUC_UNION/p22/seed_5/attempt_001/model_final.pt,2302431,03d327e61612158525a0baedf0e29e3160a366e08c952583e66a7fcf77437b47
p22,G04_SP10_F10_EUC_UNION,5,observation_ids.csv,/root/autodl-fs/night6d_raw_runs_20260817/G04_SP10_F10_EUC_UNION/p22/seed_5/attempt_001/observation_ids.csv,156347,c4381314391f7bf7b05bb55b1c318c58903724a2dc560d1152447b02e704c7eb
p22,G04_SP10_F10_EUC_UNION,5,reload_spec.json,/root/autodl-fs/night6d_raw_runs_20260817/G04_SP10_F10_EUC_UNION/p22/seed_5/attempt_001/reload_spec.json,447,97d05647853a681f486421f8bbd0367f13a4cbc8b83d419ff7c19d18ee792a74
p22,G04_SP10_F10_EUC_UNION,5,views.npz,/root/autodl-fs/night6d_raw_runs_20260817/G04_SP10_F10_EUC_UNION/p22/seed_5/attempt_001/views.npz,13261296,7dfc7106299c5252a26eb514364db57692193b7b90f561b72e01a7591611bdd5
p22,G04_SP10_F10_EUC_UNION,6,run_manifest.json,/root/autodl-fs/night6d_raw_runs_20260817/G04_SP10_F10_EUC_UNION/p22/seed_6/attempt_001/run_manifest.json,6711,77596fb995ae8b3869098746041ea00ce30239e2c8b59c086531be798466a61c
p22,G04_SP10_F10_EUC_UNION,6,checkpoint_reload_audit.json,/root/autodl-fs/night6d_raw_runs_20260817/G04_SP10_F10_EUC_UNION/p22/seed_6/attempt_001/checkpoint_reload_audit.json,2835,0a9bad8fd48f2e393c5dfb361a8d9278b044e9f43c40132a62513248fe3c5b0e
p22,G04_SP10_F10_EUC_UNION,6,coefficient_probe.json,/root/autodl-fs/night6d_raw_runs_20260817/G04_SP10_F10_EUC_UNION/p22/seed_6/attempt_001/coefficient_probe.json,31201,8e7d237e8bd5c9f194d5146a3e31e298d09f567d430ec26b6240f147df750576
p22,G04_SP10_F10_EUC_UNION,6,h00_clusters.csv,/root/autodl-fs/night6d_raw_runs_20260817/G04_SP10_F10_EUC_UNION/p22/seed_6/attempt_001/h00_clusters.csv,174747,ad6643b477b92cebae695ccba3edf23f6455f3f6671702400b5ddf32b76c5a8e
p22,G04_SP10_F10_EUC_UNION,6,loss_trajectory.csv,/root/autodl-fs/night6d_raw_runs_20260817/G04_SP10_F10_EUC_UNION/p22/seed_6/attempt_001/loss_trajectory.csv,5481,b0427ee433203a82265599ca3c919a62ac01c3bf020d7fe90168c2a284da8e7f
p22,G04_SP10_F10_EUC_UNION,6,model_final.pt,/root/autodl-fs/night6d_raw_runs_20260817/G04_SP10_F10_EUC_UNION/p22/seed_6/attempt_001/model_final.pt,2302431,d44338417bf26857d952e2800e3d31e12f8ea387e84283b9bd19f48184ecd346
p22,G04_SP10_F10_EUC_UNION,6,observation_ids.csv,/root/autodl-fs/night6d_raw_runs_20260817/G04_SP10_F10_EUC_UNION/p22/seed_6/attempt_001/observation_ids.csv,156347,c4381314391f7bf7b05bb55b1c318c58903724a2dc560d1152447b02e704c7eb
p22,G04_SP10_F10_EUC_UNION,6,reload_spec.json,/root/autodl-fs/night6d_raw_runs_20260817/G04_SP10_F10_EUC_UNION/p22/seed_6/attempt_001/reload_spec.json,447,0ed96948bdfc0482cdc13afebdeb95a5352fed5c334b640e25a6eabefa5706ce
p22,G04_SP10_F10_EUC_UNION,6,views.npz,/root/autodl-fs/night6d_raw_runs_20260817/G04_SP10_F10_EUC_UNION/p22/seed_6/attempt_001/views.npz,13267001,3f702cf984d9e1b183a367551d6d3d5efcd05abf96545929aec759544276e543
p22,G04_SP10_F10_EUC_UNION,7,run_manifest.json,/root/autodl-fs/night6d_raw_runs_20260817/G04_SP10_F10_EUC_UNION/p22/seed_7/attempt_001/run_manifest.json,6712,610e140caa6b2a391496221e0d80ab0ab7c3cc8331a112f966001bc987a68927
p22,G04_SP10_F10_EUC_UNION,7,checkpoint_reload_audit.json,/root/autodl-fs/night6d_raw_runs_20260817/G04_SP10_F10_EUC_UNION/p22/seed_7/attempt_001/checkpoint_reload_audit.json,2834,0d5905a92e8e80e9670b37a5cce2673711af0297bb42a33058cc3f13f458dc87
p22,G04_SP10_F10_EUC_UNION,7,coefficient_probe.json,/root/autodl-fs/night6d_raw_runs_20260817/G04_SP10_F10_EUC_UNION/p22/seed_7/attempt_001/coefficient_probe.json,31222,be486cf6600d05fc4287a8af30030d4c2092ab826f97e19f59aadf90b34d3948
p22,G04_SP10_F10_EUC_UNION,7,h00_clusters.csv,/root/autodl-fs/night6d_raw_runs_20260817/G04_SP10_F10_EUC_UNION/p22/seed_7/attempt_001/h00_clusters.csv,174747,8e96c9d091c40cf9b85b6ca4eb9161af4bc72f691743db1b8ea7d0b2605bf873
p22,G04_SP10_F10_EUC_UNION,7,loss_trajectory.csv,/root/autodl-fs/night6d_raw_runs_20260817/G04_SP10_F10_EUC_UNION/p22/seed_7/attempt_001/loss_trajectory.csv,5483,17b1904ceb750aab2e21b78522a62411363b68ae41f08286198a6389d6c5189b
p22,G04_SP10_F10_EUC_UNION,7,model_final.pt,/root/autodl-fs/night6d_raw_runs_20260817/G04_SP10_F10_EUC_UNION/p22/seed_7/attempt_001/model_final.pt,2302431,dc820d070a6bbd561f59bcb91f919bb951ad651d05d6584e15be2ff90cc3c2d0
p22,G04_SP10_F10_EUC_UNION,7,observation_ids.csv,/root/autodl-fs/night6d_raw_runs_20260817/G04_SP10_F10_EUC_UNION/p22/seed_7/attempt_001/observation_ids.csv,156347,c4381314391f7bf7b05bb55b1c318c58903724a2dc560d1152447b02e704c7eb
p22,G04_SP10_F10_EUC_UNION,7,reload_spec.json,/root/autodl-fs/night6d_raw_runs_20260817/G04_SP10_F10_EUC_UNION/p22/seed_7/attempt_001/reload_spec.json,447,fe2ab450cc89c2f8d0553251af1ac9701f88ffdac5412490803477e1cf4097ee
p22,G04_SP10_F10_EUC_UNION,7,views.npz,/root/autodl-fs/night6d_raw_runs_20260817/G04_SP10_F10_EUC_UNION/p22/seed_7/attempt_001/views.npz,13262489,fd8ded1a2ef21a43899f36f130621fb074087c2a0d183dd4d2ad42b63f93629c
p22,G04_SP10_F10_EUC_UNION,8,run_manifest.json,/root/autodl-fs/night6d_raw_runs_20260817/G04_SP10_F10_EUC_UNION/p22/seed_8/attempt_001/run_manifest.json,6709,3f122b85133b8cb20483d82ff0e183e970d5d26c6cd9d2a285841edc10c8aaa2
p22,G04_SP10_F10_EUC_UNION,8,checkpoint_reload_audit.json,/root/autodl-fs/night6d_raw_runs_20260817/G04_SP10_F10_EUC_UNION/p22/seed_8/attempt_001/checkpoint_reload_audit.json,2833,89ba221e36893a430d26a58e5da4275aa8efc0eba76fb2c60363c17dfe9f93b4
p22,G04_SP10_F10_EUC_UNION,8,coefficient_probe.json,/root/autodl-fs/night6d_raw_runs_20260817/G04_SP10_F10_EUC_UNION/p22/seed_8/attempt_001/coefficient_probe.json,31209,a5effbefcae8f902e9ae5b3b0c39a17dffbd7cfa1d9aef1665b84f33c98ba428
p22,G04_SP10_F10_EUC_UNION,8,h00_clusters.csv,/root/autodl-fs/night6d_raw_runs_20260817/G04_SP10_F10_EUC_UNION/p22/seed_8/attempt_001/h00_clusters.csv,174747,77ce7936b2bb6bbd9e51d181d99490222ea4e7c6bfe99884625aa5d7860b3523
p22,G04_SP10_F10_EUC_UNION,8,loss_trajectory.csv,/root/autodl-fs/night6d_raw_runs_20260817/G04_SP10_F10_EUC_UNION/p22/seed_8/attempt_001/loss_trajectory.csv,5437,dbb29b939f7fe75e40ad57e78f9016a91179f3510ff61b310bcf5d67ca6712b0
p22,G04_SP10_F10_EUC_UNION,8,model_final.pt,/root/autodl-fs/night6d_raw_runs_20260817/G04_SP10_F10_EUC_UNION/p22/seed_8/attempt_001/model_final.pt,2302431,15c46bf08780de82e690c8a2a6d15339421f01f9ba97b8d58ffca431bcb1ec42
p22,G04_SP10_F10_EUC_UNION,8,observation_ids.csv,/root/autodl-fs/night6d_raw_runs_20260817/G04_SP10_F10_EUC_UNION/p22/seed_8/attempt_001/observation_ids.csv,156347,c4381314391f7bf7b05bb55b1c318c58903724a2dc560d1152447b02e704c7eb
p22,G04_SP10_F10_EUC_UNION,8,reload_spec.json,/root/autodl-fs/night6d_raw_runs_20260817/G04_SP10_F10_EUC_UNION/p22/seed_8/attempt_001/reload_spec.json,447,61ddd1b18a05c3c367b0d1720b124362126205069aaa10e8857b48ce38fa5f2a
p22,G04_SP10_F10_EUC_UNION,8,views.npz,/root/autodl-fs/night6d_raw_runs_20260817/G04_SP10_F10_EUC_UNION/p22/seed_8/attempt_001/views.npz,13262825,521084a1349e2dc83b62bb5c991c2a4f338d6b6122a76479feeb9ea3c00f6d05
p22,G04_SP10_F10_EUC_UNION,9,run_manifest.json,/root/autodl-fs/night6d_raw_runs_20260817/G04_SP10_F10_EUC_UNION/p22/seed_9/attempt_001/run_manifest.json,6706,6b865b1b1c294700d122fd3f999d48f480e86d4f257fdae2a7b2a1caeb65ffb2
p22,G04_SP10_F10_EUC_UNION,9,checkpoint_reload_audit.json,/root/autodl-fs/night6d_raw_runs_20260817/G04_SP10_F10_EUC_UNION/p22/seed_9/attempt_001/checkpoint_reload_audit.json,2833,7c0e4b14bba8a3fdfd6c22775eb5b73f83dbd0ad3f18c91056f9615a74b0fc4c
p22,G04_SP10_F10_EUC_UNION,9,coefficient_probe.json,/root/autodl-fs/night6d_raw_runs_20260817/G04_SP10_F10_EUC_UNION/p22/seed_9/attempt_001/coefficient_probe.json,31192,68b4fcbddff4e5078b291c193ca419bf3f110116bea2e39dc7314b73374c550b
p22,G04_SP10_F10_EUC_UNION,9,h00_clusters.csv,/root/autodl-fs/night6d_raw_runs_20260817/G04_SP10_F10_EUC_UNION/p22/seed_9/attempt_001/h00_clusters.csv,174747,fb4d203b4e8bd369e7b3cd8f679322e0ec96243be88f13685d24a3ca755b3223
p22,G04_SP10_F10_EUC_UNION,9,loss_trajectory.csv,/root/autodl-fs/night6d_raw_runs_20260817/G04_SP10_F10_EUC_UNION/p22/seed_9/attempt_001/loss_trajectory.csv,5466,d7a8cf75ea5457c25b4189513ac84993e0dbd87be6bea7514e6e77eebab1ae72
p22,G04_SP10_F10_EUC_UNION,9,model_final.pt,/root/autodl-fs/night6d_raw_runs_20260817/G04_SP10_F10_EUC_UNION/p22/seed_9/attempt_001/model_final.pt,2302431,7828e6429ed42723cf86627ac3e4a3744b33582a86aa5780a246fa1ca16ded06
p22,G04_SP10_F10_EUC_UNION,9,observation_ids.csv,/root/autodl-fs/night6d_raw_runs_20260817/G04_SP10_F10_EUC_UNION/p22/seed_9/attempt_001/observation_ids.csv,156347,c4381314391f7bf7b05bb55b1c318c58903724a2dc560d1152447b02e704c7eb
p22,G04_SP10_F10_EUC_UNION,9,reload_spec.json,/root/autodl-fs/night6d_raw_runs_20260817/G04_SP10_F10_EUC_UNION/p22/seed_9/attempt_001/reload_spec.json,447,b3791b734fd79a137ee2b285c25332713e657bca39df5d9f68b369f3fcb30774
p22,G04_SP10_F10_EUC_UNION,9,views.npz,/root/autodl-fs/night6d_raw_runs_20260817/G04_SP10_F10_EUC_UNION/p22/seed_9/attempt_001/views.npz,13281149,dd91e7497003df1843172ddb07812f9501b183aeb9e1ab0796a37e3a531a0c34
