stage,recipe_id,unit_id,dataset,seed,epochs,initial_total,final_total,loss_curve_sha256,initial_RECON,final_RECON,initial_RELKL,final_RELKL,initial_CLIP,final_CLIP,initial_MNN,final_MNN,initial_MASK,final_MASK,initial_SEMANTIC,final_SEMANTIC,initial_MOE_BALANCE,final_MOE_BALANCE,initial_DCCA,final_DCCA
R1,R00,u000,a1,0,160,0.3132498562335968,0.2246353924274444,5ab97a7c122e0ace9ca81cf2df87406a5506475c92a76d49e566f88bc1a522cf,0.0253599565476179,0.0049189934507012,0.2878898978233337,0.2197163999080658,,,,,,,,,,,,
R1,R00,u001,a1,1,160,0.3235491812229156,0.2243584394454956,62efbfe1555395153fb4c32d8200ac08cda40759f59e614921bc2d01b13e9240,0.0258765649050474,0.0051907962188124,0.2976726293563843,0.2191676497459411,,,,,,,,,,,,
R1,R00,u005,tonsil,0,160,0.2096783369779586,0.149137258529663,b35abbff30b4e5c1ca233ab3cb97f22f660fe95fde39d2d740c82e9c2e05bbbc,0.0257566533982753,0.0035677242558449,0.183921679854393,0.1455695331096649,,,,,,,,,,,,
R1,R00,u006,tonsil,1,160,0.2078884094953537,0.1471516489982605,51575e9e71844be78d9342f1c6e6d0068cbbc0e76a0ed5453d4491e41cf41bc4,0.025803817436099,0.0034950897097587,0.1820845901966095,0.1436565518379211,,,,,,,,,,,,
R1,R00,u010,d1,0,160,0.3723751604557037,0.2578857541084289,84f6a848f49a943412b77600c190261d3b1aaa5c3f153188c3b436ea07d74d02,0.0256799664348363,0.0056475303135812,0.3466951847076416,0.2522382140159607,,,,,,,,,,,,
R1,R00,u011,d1,1,160,0.3650101721286773,0.2606737613677978,3a392f8b819c24b58396a32d3fd64ad61523c8802c20af97207a33832d07113c,0.026373166590929,0.0058712633326649,0.3386369943618774,0.2548024952411651,,,,,,,,,,,,
R1,R00,u020,p22,0,160,0.62515789270401,0.4705769121646881,e0f6bd85befaef6e6c8b19bad8f56facc9d457b481d2ca98f610ce5dfa94e66f,0.0181971862912178,0.0066731474362313,0.6069607138633728,0.4639037549495697,,,,,,,,,,,,
R1,R00,u021,p22,1,160,0.6507683992385864,0.4788116812705993,c1989daaeaddf6dd99b8f4ddcc97efec5664219cbd57b9f15159b8443ebed3cb,0.0182403810322284,0.0066213621757924,0.6325280070304871,0.4721903204917907,,,,,,,,,,,,
R1,R01,u000,a1,0,160,1.8145133256912231,0.782232940196991,e932035479bd62225e894fa867aef1f3303960ceb326a378e9ab5e2a91a890de,0.0253599565476179,0.003913736436516,,,8.94576644897461,3.8915958404541016,,,,,,,,,,
R1,R01,u001,a1,1,160,1.7987799644470217,0.798270046710968,41cbaaacf29a1740b9214faf990a44befb03f725cd3ef1a281b44a7f7c79acdb,0.0258765649050474,0.0039464170113205,,,8.864517211914062,3.971618175506592,,,,,,,,,,
R1,R01,u005,tonsil,0,160,1.8632879257202148,0.8983191251754761,c1e4e983926972de1424d04cdeb40be5a516c2e6e8ac54438b3c4aece78653f4,0.0257566533982753,0.0027376075740903,,,9.18765640258789,4.477907657623291,,,,,,,,,,
R1,R01,u006,tonsil,1,160,1.8160942792892456,0.8867879509925842,f181214ee1796da2ace92294f8c6364ccb986608fb5bf3c8cfc4381288d99a8b,0.025803817436099,0.0027582487091422,,,8.951452255249023,4.4201483726501465,,,,,,,,,,
R1,R01,u010,d1,0,160,1.750550627708435,0.7380739450454712,b70489d66e4a67e974bb77bd49727597e2f61a9e34e7f4cbf72f961c8c849a97,0.0256799664348363,0.0044178590178489,,,8.624353408813477,3.6682803630828857,,,,,,,,,,
R1,R01,u011,d1,1,160,1.8381247520446775,0.7484087944030762,65710ff8c31792f9662d44bec1517ea8f073c66063e511630b963219d3b30358,0.026373166590929,0.00457748118788,,,9.058757781982422,3.7191567420959473,,,,,,,,,,
R1,R01,u020,p22,0,160,1.976381778717041,0.5569575428962708,57bfe48c03993c5c1f608503f0e8db289c14ddb19e2d0bfca557ef4e6f54a6a9,0.0181971862912178,0.0064103556796908,,,9.790923118591309,2.7527358531951904,,,,,,,,,,
R1,R01,u021,p22,1,160,1.993761777877808,0.5585829019546509,0f112ec7da03406e9a0e61be3d5cd49f8d10cdc18f4f493829e221cb338be301,0.0182403810322284,0.0064553124830126,,,9.877607345581056,2.7606379985809326,,,,,,,,,,
R1,R02,u000,a1,0,160,0.0596687868237495,0.0043909116648137,e22624679907fe870351be66da0d178ae8eaa09d44c17b17d5fc17d4420fdae5,0.0253599565476179,0.0041435859166085,,,,,0.1715441346168518,0.0012366281589493,,,,,,,,
R1,R02,u001,a1,1,160,0.0673152729868888,0.0048083313740789,50232287722d9a72f4e04db6033e78576563ce83c1b972b0a8881081f9e21da1,0.0258765649050474,0.0044681052677333,,,,,0.207193523645401,0.0017011314630508,,,,,,,,
R1,R02,u005,tonsil,0,160,0.0452564768493175,0.0028680006507784,282c968caa0236615567cab3363541ebbc7dd0cf4464cabc1e6a7bdc803bf5b0,0.0257566533982753,0.0028463895432651,,,,,0.0974991172552108,0.0001080549627658,,,,,,,,
R1,R02,u006,tonsil,1,160,0.0564990453422069,0.0028936960734426,ad6864a8926961970ec192a817a3763894fcbe565879f91e8d279958a00de39e,0.025803817436099,0.0028646634891629,,,,,0.153476133942604,0.0001451632706448,,,,,,,,
R1,R02,u010,d1,0,160,0.0660628825426101,0.0051037492230534,133edb62c69eef09f8dd9d87ecc9041e2fbc82a8243fece5253ae4e047b7bcd1,0.0256799664348363,0.0047805486246943,,,,,0.2019145935773849,0.0016160038067027,,,,,,,,
R1,R02,u011,d1,1,160,0.0696747377514839,0.0052278698422014,8fe397f9686f7a73e6785ac6756a73801a0382d504208b4f6cf53f6143e60634,0.026373166590929,0.004911889322102,,,,,0.2165078520774841,0.0015799021348357,,,,,,,,
R1,R02,u020,p22,0,160,0.090565375983715,0.0066297785378992,f6dc11eaecb47d3b4096f77197e9d445097f9ff841b15d05a615b35eacf10885,0.0181971862912178,0.0059511298313736,,,,,0.3618409335613251,0.0033932439982891,,,,,,,,
R1,R02,u021,p22,1,160,0.0861085206270217,0.0063950805924832,6321d4a5a212196fd3f00040891e7e5f96801feb8bafce49e55ecb31c5a4c54b,0.0182403810322284,0.005893568508327,,,,,0.3393407166004181,0.0025075601879507,,,,,,,,
R1,R03,u000,a1,0,160,2.102403163909912,1.012554168701172,389838fd58210056e0ab81270c80a1f52545164d9d024b6a28b6f862cd07e516,0.0253599565476179,0.0054814098402857,0.2878898978233337,0.2274734079837799,8.94576644897461,3.897996664047241,,,,,,,,,,
R1,R03,u001,a1,1,160,2.0964527130126958,1.024052977561951,58672eec4d33143b8af444b24802c5ebef92d1474314244907c4f6921b500ab4,0.0258765649050474,0.0056294817477464,0.2976726293563843,0.2261919230222702,8.864517211914062,3.96115779876709,,,,,,,,,,
R1,R03,u005,tonsil,0,160,2.0472097396850586,1.0491712093353271,25d021b236e3aed231191757a0803c9de1fcb98383d2ed59047c823a12db6027,0.0257566533982753,0.0041486378759145,0.183921679854393,0.1507984399795532,9.18765640258789,4.471120357513428,,,,,,,,,,
R1,R03,u006,tonsil,1,160,1.9981788396835327,1.0348107814788818,3d583342d530ff82c2ef5a1d542aa9f5481f12c056e6dad731b80f73c8ff3c15,0.025803817436099,0.004097253549844,0.1820845901966095,0.1488317549228668,8.951452255249023,4.4094085693359375,,,,,,,,,,
R1,R03,u010,d1,0,160,2.097245931625366,1.0010570287704468,1230d8e7663bde8f4c0390cc1eabed3f56e60f22cd7bc5bfdb765c105193d05e,0.0256799664348363,0.0061908103525638,0.3466951847076416,0.2592252492904663,8.624353408813477,3.678204536437988,,,,,,,,,,
R1,R03,u011,d1,1,160,2.1767618656158447,1.0119751691818235,2ec55cf1877618af2cac850b9e4f71479f27062e7c579a6adaa2a3ea99ff3b9c,0.026373166590929,0.0065338406711816,0.3386369943618774,0.2642900943756103,9.058757781982422,3.7057559490203857,,,,,,,,,,
R1,R03,u020,p22,0,160,2.5833425521850586,1.0597717761993408,339c7c9f1469d387f89777a4175259d39bd818b332b6a869903dd9f02c2f5812,0.0181971862912178,0.0068666199222207,0.6069607138633728,0.4990606904029846,9.790923118591309,2.7692220211029053,,,,,,,,,,
R1,R03,u021,p22,1,160,2.6262898445129395,1.0668432712554932,0e4db5df70417f3cdca5c8c8b8f89867654d2640ada0ad80b6cf47b8341cdbf0,0.0182403810322284,0.0068167462013661,0.6325280070304871,0.5045747756958008,9.877607345581056,2.7772583961486816,,,,,,,,,,
R1,R04,u000,a1,0,160,0.347939133644104,0.2304626554250717,99a3133cfd83f12e49f67ab1fd02acec9f9d2c79a8d587f86a101a5ffd8acc41,0.0253599565476179,0.0047223768197,0.2878898978233337,0.2221041321754455,,,0.173446387052536,0.0181807503104209,,,,,,,,
R1,R04,u001,a1,1,160,0.3652297556400299,0.2306461632251739,116b806468fffa8c95acc479e2a8647cd921e84840c488a6ee147b42ac41566f,0.0258765649050474,0.0049584601074457,0.2976726293563843,0.2216823697090149,,,0.2084028720855713,0.0200266521424055,,,,,,,,
R1,R04,u005,tonsil,0,160,0.2289971113204956,0.1508575677871704,3098ef75cbbebaee9e8c90e8d38caa5c10270cb48ba6ab91cd9716addf821c68,0.0257566533982753,0.0034768942277878,0.183921679854393,0.1466520726680755,,,0.0965938344597816,0.0036430524196475,,,,,,,,
R1,R04,u006,tonsil,1,160,0.2387818396091461,0.1492918878793716,9558148a0d20b91f7e22e636fc7fe2ce674c70a1be44f4f0b070e455df681708,0.025803817436099,0.0033778282813727,0.1820845901966095,0.145094484090805,,,0.1544671207666397,0.0040979185141623,,,,,,,,
R1,R04,u010,d1,0,160,0.4120203256607055,0.2650257050991058,f88ef4ded6d668cc013352519d399e7206666bc5338dbd455c0968924455a0d6,0.0256799664348363,0.00539131462574,0.3466951847076416,0.254934012889862,,,0.1982258707284927,0.023501917719841,,,,,,,,
R1,R04,u011,d1,1,160,0.4082503914833069,0.2687810659408569,89e7c072b28b267bb0a7ed542e979e8fb43d808df01e9eee990f4549de556055,0.026373166590929,0.0056218518875539,0.3386369943618774,0.2581221759319305,,,0.2162010371685028,0.0251852106302976,,,,,,,,
R1,R04,u020,p22,0,160,0.6978130340576172,0.486179769039154,a2b58bd0228cd531810f46a6ab5ab1db9c53c7128c201c0c90ceec5b2da55110,0.0181971862912178,0.0064389603212475,0.6069607138633728,0.4710977971553802,,,0.3632756769657135,0.0432149395346641,,,,,,,,
R1,R04,u021,p22,1,160,0.7186309099197388,0.4928038716316223,0c9a36b813b4f00c5814cd395ec0a21794d660b63f642898566f97b7754b842d,0.0182403810322284,0.0063968151807785,0.6325280070304871,0.4784234464168548,,,0.3393125832080841,0.0399181507527828,,,,,,,,
R1,R05,u000,a1,0,160,0.4958476126194,0.4965517222881317,0a79551949ca1bfc3c5f6a4158c851c007b3a3abe057319c1d5feeecad38a63d,0.0254795402288436,0.0254827048629522,0.4574884176254272,0.4581872820854187,,,,,0.025759283453226,0.0257634371519088,,,,,,
R1,R05,u001,a1,1,160,0.5217198133468628,0.5217046737670898,516598d290b2b200ca6a3ca2c1592605ca4691f3dda7168e7d2bec28a6fa570d,0.0258645117282867,0.0258656591176986,0.4831276834011078,0.4831138551235199,,,,,0.025455180555582,0.0254503972828388,,,,,,
R1,R05,u005,tonsil,0,160,0.4356086254119873,0.4358098804950714,37fcba929d7d294c4ba4c9c132f7a66279ca7856c7c82e623b6f0e87c79e1d04,0.025830689817667,0.0258275754749774,0.396766722202301,0.3969727158546448,,,,,0.0260224398225545,0.026019163429737,,,,,,
R1,R05,u006,tonsil,1,160,0.4062918126583099,0.405819296836853,def8663d8fbeda916ed7548adf867e7d15a2c4ee3727a1ed2f73c499ff8b4c34,0.0257923118770122,0.0257896818220615,0.3676823079586029,0.3672113418579101,,,,,0.0256343837827444,0.0256365295499563,,,,,,
R1,R05,u010,d1,0,160,0.5724877119064331,0.572315514087677,96413f42a65b1949fcb4a59df0c667d3f60973f5d55f55e1bf6784d5fade9c88,0.0257683880627155,0.0257686972618103,0.5336369276046753,0.5334674119949341,,,,,0.0261647664010524,0.0261588394641876,,,,,,
R1,R05,u011,d1,1,160,0.5458879470825195,0.5448195934295654,946fa4bded3e01c924e8261d16bdfc6b11f42bd646f326e967383e67fdd53ef6,0.026307513937354,0.0263074841350317,0.5065703392028809,0.5054988861083984,,,,,0.0260201320052146,0.0260264575481414,,,,,,
R1,R05,u020,p22,0,160,0.7930774092674255,0.7934762835502625,6fc240f8cd3c0b2ea060b99a5d2f365b04779c0dcd09899ec0f3e8881e15ca04,0.0182001050561666,0.0181992575526237,0.7657788991928101,0.7661792039871216,,,,,0.0181968323886394,0.0181955806910991,,,,,,
R1,R05,u021,p22,1,160,0.8208771347999573,0.8210325837135315,378add3f9287b180d037abe7189970fa4e0ee6e23c9f1ff74a377b4fefbdc6b8,0.0182348638772964,0.0182353686541318,0.7935268878936768,0.7936829924583435,,,,,0.0182308368384838,0.0182283576577901,,,,,,
R1,R06,u000,a1,0,160,0.7941594123840332,0.4609230756759643,6017301fa3693c9f5caeaffac2ed9034a850574c902baa0200e1ce8789143516,0.0253599565476179,0.0048931967467069,0.2878898978233337,0.2390591502189636,,,,,,,2.404547929763794,1.0848536491394043,,,,
R1,R06,u001,a1,1,160,0.8066761493682861,0.4639648199081421,8ac6a69a7850cb855c89a36e4f35d0bd9f358a43f0a8617b37afbb72d45fd34d,0.0258765649050474,0.0050465408712625,0.2976726293563843,0.2380458414554596,,,,,,,2.415634870529175,1.1043622493743896,,,,
R1,R06,u005,tonsil,0,160,0.5140430927276611,0.2313786298036575,c078b9a0e2564115ab569710305d5d9f9a04519bbd8b170a4d42f921fececac3,0.0257566533982753,0.0040322691202163,0.183921679854393,0.1609683781862259,,,,,,,1.5218236446380615,0.3318898975849151,,,,
R1,R06,u006,tonsil,1,160,0.4935673475265503,0.2228663116693496,25dee5ba2bf2df4cc94d7a23221ac945c452086111157d631b53942bace741cb,0.025803817436099,0.0037649031728506,0.1820845901966095,0.1573916673660278,,,,,,,1.428394794464111,0.3085487186908722,,,,
R1,R06,u010,d1,0,160,0.8319904804229736,0.4948486983776092,5d2e162276a093551b70102fae614df45dd4ab979a12c13df184a270764db95f,0.0256799664348363,0.0054266406223177,0.3466951847076416,0.2718423306941986,,,,,,,2.2980763912200928,1.0878986120224,,,,
R1,R06,u011,d1,1,160,0.8272409439086914,0.5056520700454712,0aec0c401e2415cfffd6bb1a21347f2a7e03d144d785f7134c1339c46e9c0c4b,0.026373166590929,0.0055673373863101,0.3386369943618774,0.2748796641826629,,,,,,,2.311153650283813,1.1260253190994265,,,,
R1,R06,u020,p22,0,160,1.0722863674163818,0.6956167221069336,87b9da1f11a0b14f334488f21b800a506843dbb9faed7dda14681f32e4ef5bc8,0.0181971862912178,0.0067069679498672,0.6069607138633728,0.492580235004425,,,,,,,2.235642194747925,0.9816476106643676,,,,
R1,R06,u021,p22,1,160,1.0979740619659424,0.7003855109214783,7424376827308b55cbc50dd578a40fb397b031be2e1f99b2d5a403183f18fd5c,0.0182403810322284,0.0066099185496568,0.6325280070304871,0.498522400856018,,,,,,,2.2360281944274902,0.9762660264968872,,,,
R1,R07,u000,a1,0,160,0.3248513638973236,0.2257134169340133,52abda6ecd2d10e38995c1d7294f288b55ad533e358c9d59efd2529f18ad1a47,0.0253932438790798,0.0049231997691094,0.2894178032875061,0.2196680903434753,,,,,,,,,1.0040322542190552,0.1122128814458847,,
R1,R07,u001,a1,1,160,0.3329847753047943,0.2251620441675186,a9698f07727130a3ecd1d8a79d6c60279889492010b38b5ce3326d7c69471fbf,0.0258573722094297,0.0052029341459274,0.2971894741058349,0.2190129607915878,,,,,,,,,0.9937952756881714,0.094615638256073,,
R1,R07,u005,tonsil,0,160,0.2193237245082855,0.1498187184333801,13a99a8786c8af7dcc81242e62fac513699f83461cf0d18ad3032d0bf99cbc25,0.0257914867252111,0.0035891998559236,0.1834894716739654,0.1453815698623657,,,,,,,,,1.0042767524719238,0.0847953334450721,,
R1,R07,u006,tonsil,1,160,0.2175319343805313,0.1472508609294891,b9e5526c0b0c6603261246ffbbca61d57e07fdb35b22b319758c9069f2f3d5ef,0.0257904939353466,0.0035007069818675,0.1818373650312423,0.1435732096433639,,,,,,,,,0.9904069304466248,0.0176944863051176,,
R1,R07,u010,d1,0,160,0.3847838938236236,0.2596208751201629,02651b43261274a912b4832bf930760af57a910aa79ab7f1ad73abcba80f1a1e,0.025708682835102,0.0056436406448483,0.3490348756313324,0.2521925866603851,,,,,,,,,1.0040349960327148,0.1784641444683075,,
R1,R07,u011,d1,1,160,0.3744184076786041,0.2624815702438354,72f2562cb4bf4b487208dd56070ee4a78bf3a556075d39d3e2ea1517de1dc630,0.026365753263235,0.0058749574236571,0.3380668759346008,0.2546730637550354,,,,,,,,,0.9985764026641846,0.1933558136224746,,
R1,R07,u020,p22,0,160,0.6273830533027649,0.4759778678417206,152efde98cba3f7abdc2260824e792dca30ca7c7d6ec6750a0b2a1f94e5c0a89,0.018196664750576,0.0066770352423191,0.6073723435401917,0.4635500311851501,,,,,,,,,0.1814074516296386,0.5750793218612671,,
R1,R07,u021,p22,1,160,0.660408616065979,0.4831321537494659,e75de1af46922c9529c4aad03ac7680791c5e80f0893e7cab3533c1a07bfa737,0.0182336159050464,0.0066225859336555,0.6321916580200195,0.4718025624752044,,,,,,,,,0.9983373880386353,0.4707008302211761,,
R1,R08,u000,a1,0,160,0.3570468723773956,0.2346076816320419,7b2dcf3936d9c64763a6ec2eb697a60307c8c03c61db2f7790eade6253c5863d,0.0253932438790798,0.004736618604511,0.2894178032875061,0.2219103872776031,,,0.1609775274991989,0.016202637925744,,,,,1.0040322542190552,0.4720152914524078,,
R1,R08,u001,a1,1,160,0.373098224401474,0.2397418618202209,5a9eb8a63246223dfb7ef1cce4abfc10130b3290911cae3031ab7396040b7215,0.0258573722094297,0.0049412688240408,0.2971894741058349,0.2215339988470077,,,0.2005672454833984,0.0205011572688817,,,,,0.9937952756881714,0.916635513305664,,
R1,R08,u005,tonsil,0,160,0.2361398488283157,0.1519694477319717,42d7f56d6066b38f1bccccdef0cb1ebf0ee0e73b3452947fcd8d4e6cf08b2799,0.0257914867252111,0.003460032865405,0.1834894716739654,0.1464895755052566,,,0.0840806066989898,0.0033736370969563,,,,,1.0042767524719238,0.1345118731260299,,
R1,R08,u006,tonsil,1,160,0.2473378777503967,0.1513081789016723,134b647d3ab5d29c1fd353123e485193b9b263ccce835a51f51a0633e4b5a243,0.0257904939353466,0.00336693553254,0.1818373650312423,0.1449845433235168,,,0.1490297317504882,0.0042576869018375,,,,,0.9904069304466248,0.2105155438184738,,
R1,R08,u010,d1,0,160,0.4221520721912384,0.2685246467590332,9706d5094948e614398d4cc2303920d1d5c5e565cba35acd807606ab2fe78bfc,0.025708682835102,0.0053839795291423,0.3490348756313324,0.2549554705619812,,,0.1868408918380737,0.0225810445845127,,,,,1.0040349960327148,0.3668985664844513,,
R1,R08,u011,d1,1,160,0.4159815311431885,0.272304356098175,d69f9d955c93b44d6fbf040a3a981f1821bf2902e9b16917f0a49fdc15d3660c,0.026365753263235,0.0056228875182569,0.3380668759346008,0.2578898668289184,,,0.2078156471252441,0.0248522572219371,,,,,0.9985764026641846,0.3821132481098175,,
R1,R08,u020,p22,0,160,0.699759840965271,0.4912242889404297,223cdf9232bc0aa70f7d40295e03b2d1b31c2bebde0747128a9f42da1de87aac,0.018196664750576,0.00643877312541,0.6073723435401917,0.4706199169158935,,,0.3618838191032409,0.0441126972436904,,,,,0.1814074516296386,0.5343070030212402,,
R1,R08,u021,p22,1,160,0.730290949344635,0.5011787414550781,eea81cef843c294cef9ed3a1a27a6225d1237972c2c3ac2a684c1ecfe61e932e,0.0182336159050464,0.0063964119181036,0.6321916580200195,0.4782775342464447,,,0.3494117856025696,0.0402863174676895,,,,,0.9983373880386353,0.8447539210319519,,
R1,R09,u000,a1,0,160,1.9486782550811768,1.949102640151977,ad6e1ec2addb0cd064c632b4e1a1f04b0c63ac386f52e69becec84b30e3bf8df,0.0255111381411552,0.0255128946155309,0.4666365087032318,0.4671186804771423,8.767261505126953,8.767261505126953,0.2333146929740905,0.2333800792694091,0.0258499439805746,0.0258558392524719,2.3110227584838867,2.3106448650360107,1.004011154174805,1.004011154174805,-16.575084686279297,-16.575084686279297
R1,R09,u001,a1,1,160,2.001515865325928,2.0021190643310547,21bd729985d2656228a120ff9c51183c215268fccb1023ce9d86182fe98f4ade,0.0258466508239507,0.0258492678403854,0.4887493550777435,0.4893171489238739,8.682796478271484,8.682796478271484,0.2645009160041809,0.2648887634277344,0.0254551470279693,0.0254586264491081,2.4323341846466064,2.432101011276245,0.9744449257850648,0.9744449257850648,-16.229568481445312,-16.229568481445312
R1,R09,u005,tonsil,0,160,1.788886547088623,1.7892069816589355,7afeaf03fb6c3ed115b4f56d9c664e180ee1833c7effec3dc2174fa503daa43e,0.0258587226271629,0.0258559994399547,0.3958305716514587,0.3961383700370788,8.988981246948242,8.988981246948242,0.1785061061382293,0.1784941703081131,0.0259712543338537,0.0259705483913421,1.417121410369873,1.4172121286392212,1.0042749643325806,1.0042749643325806,-15.455059051513672,-15.455059051513672
R1,R09,u006,tonsil,1,160,1.745441436767578,1.7454071044921875,07429ff6a13eb5bcad91ed155e85849f45f7b8cae1a1cba24d954e5afe59d03e,0.0257679671049118,0.0257658399641513,0.367425799369812,0.3674709796905517,8.820755958557129,8.820755958557129,0.2210927307605743,0.2209845930337906,0.0256373491138219,0.025633156299591,1.3358885049819946,1.335619330406189,0.9794241786003112,0.9794241786003112,-14.918251037597656,-14.918251037597656
R1,R09,u010,d1,0,160,1.9349961280822756,1.9344995021820068,2c3ed8377b352beeeac296c471a2ca19c30e0a08247bdb3b6d280fe39bbbc701,0.025801133364439,0.0258027371019125,0.5308210253715515,0.5301643013954163,8.516281127929688,8.516281127929688,0.2614570558071136,0.2617211043834686,0.026140134781599,0.0261342339217662,2.269439458847046,2.2699837684631348,1.0040206909179688,1.0040206909179688,-17.083438873291016,-17.083438873291016
R1,R09,u011,d1,1,160,2.0130717754364014,2.0121641159057617,b3790b2957879076bc26a80c46aa2503543a2953f40112151c62c9fd81421c8c,0.0263083186000585,0.0263084955513477,0.5095052123069763,0.5084162950515747,8.818702697753906,8.818702697753906,0.2680580914020538,0.26840341091156,0.0260577704757452,0.0260467585176229,2.421828508377075,2.4224162101745605,0.9949768781661988,0.9949768781661988,-16.948760986328125,-16.948760986328125
R1,R09,u020,p22,0,160,2.4446346759796143,2.4450485706329346,0d201d8a4640ca181f3299fb120eb65fa30ce362cd4304bb513b7fe4e992130b,0.0181995257735252,0.0181990265846252,0.7714754343032837,0.7719243764877319,9.635442733764648,9.635442733764648,0.3837670981884002,0.3836815953254699,0.0181781612336635,0.0181782748550176,2.1779441833496094,2.1778564453125,0.1879492402076721,0.1879492402076721,-15.908790588378906,-15.908790588378906
R1,R09,u021,p22,1,160,2.4899964332580566,2.4905223846435547,0d6349ff406d367c64cbfa83a877f56034ab67f2dbed2332d3c8e3da35d537eb,0.018227569758892,0.0182282589375972,0.799022376537323,0.7996041774749756,9.697830200195312,9.697830200195312,0.3831454217433929,0.3832108974456787,0.0182222928851842,0.0182199347764253,2.192887544631958,2.192544221878052,0.9988073110580444,0.9988073110580444,-16.022502899169922,-16.022502899169922
R2,R02,u002,a1,2,160,0.0529112219810485,0.0046090413816273,509723cf110732432934a9b669d31573b5e5bb4d4b21b8dc58238ff1b768f355,0.025742869824171,0.00433518178761,,,,,0.1358417719602584,0.001369297853671,,,,,,,,
R2,R02,u003,a1,3,160,0.0534082055091857,0.0045997751876711,eb320e72792ce864f56111e3a5114616542959e55c6077cad43b0b6e4f91e523,0.0255673509091138,0.0043885326012969,,,,,0.1392042636871338,0.001056213513948,,,,,,,,
R2,R02,u004,a1,4,160,0.0616557598114013,0.0046390169300138,f163db5880cfe5827929a588a04220f7119f3b1d5677068ce67adeea99816965,0.0257036741822958,0.0043222894892096,,,,,0.1797604113817215,0.0015836369711905,,,,,,,,
R2,R02,u007,tonsil,2,160,0.063584491610527,0.002997483825311,13c007ee0a95e0473b0cab23c3a6737f82edca22d5dd45a122a57a27cbb129ad,0.0255050919950008,0.0029721036553382,,,,,0.1903970092535019,0.0001269009080715,,,,,,,,
R2,R02,u008,tonsil,3,160,0.05160453915596,0.0028607209678739,f3a5066cfd62b195c6ae71e79329cadbec964d6d21c4ba947c3c2cea64e5f379,0.0253567062318325,0.0028439946472644,,,,,0.1312391608953476,8.36312974570319e-05,,,,,,,,
R2,R02,u009,tonsil,4,160,0.0809358358383178,0.0031394120305776,ebc2a6541a28ff5c2010eefd81a6636bf3f1c5db6cbd8b531d08cdb8cffe86a0,0.0259686019271612,0.0031175636686384,,,,,0.2748361527919769,0.0001092418387997,,,,,,,,
R2,R02,u012,d1,2,160,0.0627346336841583,0.0050781178288161,f54f6c13f56447629cdf2a152a5f7ba895808edfb2fb9632409d91d4279158a3,0.0252909213304519,0.0047473795711994,,,,,0.1872185319662094,0.0016536914044991,,,,,,,,
R2,R02,u013,d1,3,160,0.0583371855318546,0.0049581197090446,d7ab324de2ae5a4af83df474ce895fce582945f13c5007cae43e16ab57d7c3a6,0.0254354625940322,0.0047717662528157,,,,,0.1645086109638214,0.0009317664662376,,,,,,,,
R2,R02,u014,d1,4,160,0.07249017059803,0.0053071375004947,93973d48b910b72bb3df461999ab472dad0550e79bd1b7afb62369bf81cc4ef9,0.026468601077795,0.0048775402829051,,,,,0.230107843875885,0.00214798678644,,,,,,,,
R2,R02,u015,d1,5,160,0.0698358565568924,0.0049154618754982,7606f3dc39ae28ab97bf851af609203811470d4fdabf41269371f96c3a48212d,0.0255328118801116,0.0046003116294741,,,,,0.2215152233839035,0.0015757507644593,,,,,,,,
R2,R02,u016,d1,6,160,0.0650673657655716,0.0050039058551192,c7d5743b6bffeae109de78fa069778cb9bdfad0425fd955273cdb3a01600949e,0.0258101001381874,0.0046168719418346,,,,,0.1962863057851791,0.001935169333592,,,,,,,,
R2,R02,u017,d1,7,160,0.0702327489852905,0.0051690312102437,1454c01a08ef174bbd20b86ed18d83279a69feb64d55415f7a4090aeeb82007c,0.0264462381601333,0.0048225349746644,,,,,0.2189325541257858,0.0017324809450656,,,,,,,,
R2,R02,u018,d1,8,160,0.0658729448914527,0.0050542196258902,065ced95076acdfd1b86ec68fafd478a98f156204901cba7c24326d66dbe8903,0.0252472609281539,0.0048550907522439,,,,,0.2031284123659134,0.0009956444846466,,,,,,,,
R2,R02,u019,d1,9,160,0.0740420669317245,0.0054083517752587,c94ee4dde541c120de68e458a6e50d5e4320e28c360660d31a11029fd259ac84,0.0258621182292699,0.0049051977694034,,,,,0.2408997416496276,0.002515769097954,,,,,,,,
R2,R02,u022,p22,2,160,0.0846559107303619,0.0063876206986606,d8859762119cbb6c18a4d86046a7b378a216d7a90d71bcd0e15820d9bcd429fa,0.017817135900259,0.0058807022869586,,,,,0.3341938555240631,0.0025345922913402,,,,,,,,
R2,R02,u023,p22,3,160,0.0890368744730949,0.0067028044722974,b77bbe6d313fa32b3b52a130faf2acb96e94d4ca561fd667a7e5976a7cb85668,0.0185280963778495,0.0060292719863355,,,,,0.3525438904762268,0.0033676628954708,,,,,,,,
R2,R02,u024,p22,4,160,0.0889598950743675,0.0065387939102947,a022a42aa68271da2fd6d7bc12541f0239670f994bfa157a56252bca04a6c9c2,0.0179553776979446,0.005896536167711,,,,,0.3550225794315338,0.0032112889457494,,,,,,,,
R2,R02,u025,p22,5,160,0.0936388373374939,0.0066008069552481,5a6dfbb2c61fd3c216c5e54163be9a5a7238768f17bf8bf1db6abf6666b01224,0.0181446857750415,0.005976989865303,,,,,0.3774707317352295,0.0031190845184028,,,,,,,,
R2,R02,u026,p22,6,160,0.0881465747952461,0.0064173084683716,839462caaadba62b1c5d1e175a54927eb348b739abff75d6cccaa3e5a5e37ea3,0.0186347663402557,0.005943504627794,,,,,0.3475590348243713,0.0023690196685492,,,,,,,,
R2,R02,u027,p22,7,160,0.0881622731685638,0.0066537312231957,b839bfba98cbaf928d23d5d3cbff43c06ecffee725c9a4bdeb5605b58ff9daf7,0.0182381011545658,0.0059260306879878,,,,,0.3496208190917969,0.0036385026760399,,,,,,,,
R2,R02,u028,p22,8,160,0.0837100371718406,0.006316730286926,b10c4cb060651cff6d76289628327fd27808506387aad0f3ecb3249c184364d2,0.0182355344295501,0.0059153581969439,,,,,0.3273724913597107,0.0020068597514182,,,,,,,,
R2,R02,u029,p22,9,160,0.0901248753070831,0.0064689177088439,6a858372ec958d0d217b0614d985553d17b00c2eabe748d27d491e1d15b7b630,0.0180881507694721,0.0058844154700636,,,,,0.3601836264133453,0.0029225121252238,,,,,,,,
R2,R08,u002,a1,2,160,0.3575690388679504,0.2355068325996399,12508df4046b94191a08619cda7ef9608bdf8c6543b4c966b70a781caa91e85b,0.0257375128567218,0.0048956144601106,0.2978569269180298,0.2232059240341186,,,0.1404977291822433,0.0156445316970348,,,,,0.5875040292739868,0.427639752626419,,
R2,R08,u003,a1,3,160,0.3389821052551269,0.2361826747655868,93604c4087a6d665cfdcb3acc420e1ae5ea9f68d697b2b431e1ee8432a39740d,0.0255622863769531,0.0049657658673822,0.2770937085151672,0.2238645851612091,,,0.1406906992197036,0.0165495257824659,,,,,0.8187984228134155,0.4042420387268066,,
R2,R08,u004,a1,4,160,0.3433103859424591,0.2329589575529098,4773d6168e9f736da85ed633005f527f19dc44175f4f0b352d82d5cc5c629622,0.0257040746510028,0.0048206793144345,0.2809461653232574,0.2215857505798339,,,0.1808441132307052,0.0183167029172182,,,,,0.0491306893527507,0.2889191508293152,,
R2,R08,u007,tonsil,2,160,0.2469860017299652,0.1526244282722473,7a8841ae0c23b79afb4a3a44d1019dda97d6857bc32e20dec93b9d3798d493fc,0.0255109816789627,0.0034041441977024,0.1789272874593734,0.1452299356460571,,,0.1943524926900863,0.0036032057832926,,,,,0.3677235543727875,0.3269719779491424,,
R2,R08,u008,tonsil,3,160,0.2484660744667053,0.1607240438461303,f33c97b652daeabb78a78c2bd3d441b701bea822352c11a56900347916c42de3,0.0253500174731016,0.0034735868684947,0.1909622848033905,0.1537769585847854,,,0.1380398422479629,0.0043339468538761,,,,,0.4545814096927643,0.2606724798679352,,
R2,R08,u009,tonsil,4,160,0.2679510414600372,0.1592208743095398,d379db88811258e8ab6e4efe84563fd1e25713cb344b13c4da108877c085c975,0.0259763896465301,0.0035735699348151,0.1834934800863266,0.1506698578596115,,,0.281326949596405,0.0044928295537829,,,,,0.2215779423713684,0.4078885912895202,,
R2,R08,u012,d1,2,160,0.3950108587741852,0.2591277062892914,f3b48c0c0b70a5130f02bdff4218ebe1843f8962c5cb73eaded3b51819066a33,0.0252939667552709,0.0054215108975768,0.3239902257919311,0.2489143908023834,,,0.1893991529941558,0.0201817359775304,,,,,0.7846821546554565,0.0755448043346405,,
R2,R08,u013,d1,3,160,0.3823714256286621,0.2576061189174652,933ba04bd7ec927280553fe9e0679f40e030a4444527a1f69d06ee3883a1e7cb,0.0254330448806285,0.005319261457771,0.3163488507270813,0.2471827268600464,,,0.1705626100301742,0.0195585284382104,,,,,0.6477013230323792,0.1192407980561256,,
R2,R08,u014,d1,4,160,0.4065436422824859,0.270909309387207,5dfcfbed6fd46f38f8de14c83b6de4ee8b223529c0c34c89cfab135dadb18ce0,0.02646354585886,0.0055059669539332,0.3330716490745544,0.2597053647041321,,,0.2288801968097686,0.0232737492769956,,,,,0.1232428252696991,0.1043225079774856,,
R2,R08,u015,d1,5,160,0.4008195400238037,0.2613380253314972,e2b5e394f9545bc082310249eb97b261d6cfb682ae3737d19c1c5e3c17688bc6,0.0255309902131557,0.0054070428013801,0.3232392072677612,0.2499164938926696,,,0.2257604151964187,0.0242225304245948,,,,,0.6897279620170593,0.1169972792267799,,
R2,R08,u016,d1,6,160,0.3924164772033691,0.257449209690094,cf88250db57a41b27c627add1a569c44ec83a3389c0055a866e48500d62a369e,0.0258161686360836,0.0052276402711868,0.3210980892181396,0.2471175193786621,,,0.1918786466121673,0.0228727143257856,,,,,0.7126490473747253,0.0529530830681324,,
R2,R08,u017,d1,7,160,0.3943963646888733,0.2597406506538391,f1ac4fa2a480a9ee686a5e566db5a6e0ad8fd86cc2f5e5766a2bcb8d7625ac58,0.026447569951415,0.0053121708333492,0.3243162035942077,0.2491655051708221,,,0.2181122153997421,0.0214446540921926,,,,,0.0010171928443014,0.0974017530679702,,
R2,R08,u018,d1,8,160,0.3890887796878814,0.255940169095993,4bdab2b49161bb3c522fef7a159d3bc2d7d4c54cab4fbb8e1bf87c794d747ea4,0.0252579357475042,0.005252921488136,0.3104591369628906,0.2444905489683151,,,0.2167003452777862,0.0175706129521131,,,,,1.003163456916809,0.2682571709156036,,
R2,R08,u019,d1,9,160,0.4413288831710815,0.2743392586708069,6b30b32281b9eef73ba4807b5e92c9d310108dfeaf1d91ea2780a328d1d85184,0.0258607529103755,0.0055980458855628,0.3619262874126434,0.2629582285881042,,,0.2378907203674316,0.0260679814964532,,,,,0.596369743347168,0.0569393187761306,,
R2,R08,u022,p22,2,160,0.6994648575782776,0.4847716689109802,0b9e0aa4bb416edb94d5d7daf275f3d16d48fc76180927ada3faaec03bd592ba,0.0178131088614463,0.006335187703371,0.602397620677948,0.4645992219448089,,,0.3459974527359009,0.0367919392883777,,,,,1.005463480949402,0.6478860378265381,,
R2,R08,u023,p22,3,160,0.6891598105430603,0.4834978282451629,54e2d606f1c877a94f4b3bc71245a424b36a22bdf41b0aa5a4aefad08c34b58f,0.0185286048799753,0.0064841089770197,0.5900057554244995,0.461446613073349,,,0.3575198948383331,0.0424539446830749,,,,,0.9121450781822203,0.7076301574707031,,
R2,R08,u024,p22,4,160,0.6992724537849426,0.4782526195049286,a7739936c253beb1a385b3d3eaaceabafd67e24fb1b10956c04684b4df357cde,0.0179582946002483,0.006364373024553,0.5986248254776001,0.4591245651245117,,,0.3634026944637298,0.0395969375967979,,,,,1.0008820295333862,0.4844264090061188,,
R2,R08,u025,p22,5,160,0.71062833070755,0.4905033409595489,78086dce6b6d2475ca6ad548cd870cc540dd1a5860733e485d4d24684122123d,0.0181476175785064,0.0064153736457228,0.6101131439208984,0.4694193005561828,,,0.3677430748939514,0.0454647541046142,,,,,0.8818984627723694,0.5575729012489319,,
R2,R08,u026,p22,6,160,0.678902804851532,0.4785371124744415,61fc6099e54b25ff704b39d914d5a462bfbffb9d9421a4518787421e2da2db68,0.0186336636543273,0.0064752157777547,0.5803912281990051,0.4598470628261566,,,0.3545840382575989,0.0358611829578876,,,,,0.8961102366447449,0.5042603611946106,,
R2,R08,u027,p22,7,160,0.7274340987205505,0.4954418241977691,53acce2975e955ac1b0d2dc035220bdb14f3ec41647e1c6857280b7052d5c000,0.0182375311851501,0.0064174523577094,0.6348523497581482,0.4715107381343841,,,0.3487347662448883,0.0488210171461105,,,,,0.4597243666648865,0.7749434113502502,,
R2,R08,u028,p22,8,160,0.7046124339103699,0.4830041229724884,b80318bfdbe12d3d0e81d3a832e18e567af0c594f33cabf21a3bcd72d175d919,0.0182349272072315,0.0064472509548068,0.6121532917022705,0.4626303911209106,,,0.3239710628986358,0.0391713231801986,,,,,0.9430010914802552,0.6092210412025452,,
R2,R08,u029,p22,9,160,0.7092159390449524,0.4875887632369995,12a63c661a79441c8addda5e45ced717f0119c1dca9027173bbee18b9262ea9d,0.0180877819657325,0.006383606698364,0.6106765270233154,0.4642558097839355,,,0.3535706400871277,0.0406170859932899,,,,,0.9737514853477478,0.8825941681861877,,
