stage,config_id,recipe_id,endpoint,head_id,unit_id,dataset,seed,status,success,training_runtime_seconds,peak_gpu_mib,ari,nmi,q,neighbor_agreement,moran_i,geary_c,boundary_disagreement
R1,R00__E0_ADAPTER_ONLY__H01,R00,E0_ADAPTER_ONLY,H01,u000,a1,0,success,True,11.377220820635557,393.2265625,0.26666121499291273,0.38679449309027664,0.32672785404159466,0.6730713666570355,0.6288483663716606,0.3831855334113776,0.3269286333429645
R1,R00__E0_ADAPTER_ONLY__H01,R00,E0_ADAPTER_ONLY,H01,u001,a1,1,success,True,12.228668231517076,386.2333984375,0.24465369979899557,0.3729167106001084,0.308785205199552,0.6936145622652412,0.6461872659941569,0.36570338118698886,0.3063854377347588
R1,R00__E0_ADAPTER_ONLY__H01,R00,E0_ADAPTER_ONLY,H01,u005,tonsil,0,success,True,15.993546195328236,428.44384765625,0.19344414712302785,0.2827614309044902,0.23810278901375903,0.7247399617149842,0.6276630519562404,0.37070731877161706,0.2752600382850158
R1,R00__E0_ADAPTER_ONLY__H01,R00,E0_ADAPTER_ONLY,H01,u006,tonsil,1,success,True,14.586615486070514,432.55517578125,0.16132719002131743,0.23791962614495546,0.19962340808313644,0.7090338799326553,0.5815051725073495,0.4164686795852808,0.2909661200673447
R1,R00__E0_ADAPTER_ONLY__H01,R00,E0_ADAPTER_ONLY,H01,u010,d1,0,success,True,10.927331171929836,381.1259765625,0.2316040692680485,0.36069579614197594,0.2961499327050122,0.6899772482337445,0.6470340132698059,0.36054384381915733,0.3100227517662555
R1,R00__E0_ADAPTER_ONLY__H01,R00,E0_ADAPTER_ONLY,H01,u011,d1,1,success,True,10.738061686977744,381.10693359375,0.23622678190159963,0.35596046043678997,0.2960936211691948,0.689168961800982,0.633061045587801,0.3743774263466561,0.31083103819901803
R1,R00__E0_ADAPTER_ONLY__H01,R00,E0_ADAPTER_ONLY,H01,u020,p22,0,success,True,60.7502734400332,1327.58837890625,0.4526001029399661,0.6095591304762132,0.5310796167080897,0.9136998350742166,0.8880009999950906,0.11440165007714469,0.0863001649257834
R1,R00__E0_ADAPTER_ONLY__H01,R00,E0_ADAPTER_ONLY,H01,u021,p22,1,success,True,60.90845466405153,1328.32763671875,0.4288256544943001,0.61321453462593,0.5210200945601151,0.9209565695437053,0.9015612854953731,0.10174847339426374,0.0790434304562947
R1,R00__E0_ADAPTER_ONLY__H02,R00,E0_ADAPTER_ONLY,H02,u000,a1,0,success,True,11.377220820635557,393.2265625,0.26666121499291273,0.38679449309027664,0.32672785404159466,0.6730713666570355,0.6288483663716606,0.3831855334113776,0.3269286333429645
R1,R00__E0_ADAPTER_ONLY__H02,R00,E0_ADAPTER_ONLY,H02,u001,a1,1,success,True,12.228668231517076,386.2333984375,0.24465369979899557,0.3729167106001084,0.308785205199552,0.6936145622652412,0.6461872659941569,0.36570338118698886,0.3063854377347588
R1,R00__E0_ADAPTER_ONLY__H02,R00,E0_ADAPTER_ONLY,H02,u005,tonsil,0,success,True,15.993546195328236,428.44384765625,0.19344414712302785,0.2827614309044902,0.23810278901375903,0.7247399617149842,0.6276630519562404,0.37070731877161706,0.2752600382850158
R1,R00__E0_ADAPTER_ONLY__H02,R00,E0_ADAPTER_ONLY,H02,u006,tonsil,1,success,True,14.586615486070514,432.55517578125,0.16132719002131743,0.23791962614495546,0.19962340808313644,0.7090338799326553,0.5815051725073495,0.4164686795852808,0.2909661200673447
R1,R00__E0_ADAPTER_ONLY__H02,R00,E0_ADAPTER_ONLY,H02,u010,d1,0,success,True,10.927331171929836,381.1259765625,0.2316040692680485,0.36069579614197594,0.2961499327050122,0.6899772482337445,0.6470340132698059,0.36054384381915733,0.3100227517662555
R1,R00__E0_ADAPTER_ONLY__H02,R00,E0_ADAPTER_ONLY,H02,u011,d1,1,success,True,10.738061686977744,381.10693359375,0.23622678190159963,0.35596046043678997,0.2960936211691948,0.689168961800982,0.633061045587801,0.3743774263466561,0.31083103819901803
R1,R00__E0_ADAPTER_ONLY__H02,R00,E0_ADAPTER_ONLY,H02,u020,p22,0,success,True,60.7502734400332,1327.58837890625,0.4526001029399661,0.6095591304762132,0.5310796167080897,0.9136998350742166,0.8880009999950906,0.11440165007714469,0.0863001649257834
R1,R00__E0_ADAPTER_ONLY__H02,R00,E0_ADAPTER_ONLY,H02,u021,p22,1,success,True,60.90845466405153,1328.32763671875,0.4288256544943001,0.61321453462593,0.5210200945601151,0.9209565695437053,0.9015612854953731,0.10174847339426374,0.0790434304562947
R1,R00__E1_ADAPTER_C06_MEAN__H01,R00,E1_ADAPTER_C06_MEAN,H01,u000,a1,0,success,True,11.377220820635557,393.2265625,0.26804085695785596,0.4011390444082451,0.33458995068305053,0.6520947702976019,0.5947771701043308,0.4171762233140618,0.3479052297023981
R1,R00__E1_ADAPTER_C06_MEAN__H01,R00,E1_ADAPTER_C06_MEAN,H01,u001,a1,1,success,True,12.228668231517076,386.2333984375,0.2541825514978065,0.3939782006835245,0.32408037609066553,0.663363189829529,0.5987935576283062,0.41339690923142475,0.336636810170471
R1,R00__E1_ADAPTER_C06_MEAN__H01,R00,E1_ADAPTER_C06_MEAN,H01,u005,tonsil,0,success,True,15.993546195328236,428.44384765625,0.15028296065645247,0.2493581575874867,0.19982055912196958,0.7145229364145852,0.5833376057818427,0.41312902781888494,0.2854770635854148
R1,R00__E1_ADAPTER_C06_MEAN__H01,R00,E1_ADAPTER_C06_MEAN,H01,u006,tonsil,1,success,True,14.586615486070514,432.55517578125,0.14092587709359775,0.2627152979798092,0.20182058753670346,0.723333102700708,0.586485889507413,0.4110582240207653,0.27666689729929195
R1,R00__E1_ADAPTER_C06_MEAN__H01,R00,E1_ADAPTER_C06_MEAN,H01,u010,d1,0,success,True,10.927331171929836,381.1259765625,0.2628060353025641,0.3873117750467309,0.32505890517464753,0.6700694527601485,0.6097187292444499,0.4000501280642134,0.3299305472398515
R1,R00__E1_ADAPTER_C06_MEAN__H01,R00,E1_ADAPTER_C06_MEAN,H01,u011,d1,1,success,True,10.738061686977744,381.10693359375,0.26529032191503576,0.38820691486710834,0.32674861839107205,0.660489761705185,0.5976626321490618,0.41061576534256383,0.33951023829481497
R1,R00__E1_ADAPTER_C06_MEAN__H01,R00,E1_ADAPTER_C06_MEAN,H01,u020,p22,0,success,True,60.7502734400332,1327.58837890625,0.47127704677469456,0.6257888927416876,0.5485329697581911,0.9136228697086312,0.8813816286565314,0.11989969708089457,0.08637713029136884
R1,R00__E1_ADAPTER_C06_MEAN__H01,R00,E1_ADAPTER_C06_MEAN,H01,u021,p22,1,success,True,60.90845466405153,1328.32763671875,0.4468333722551901,0.6150161729030588,0.5309247725791244,0.9179989004947774,0.8845509842672313,0.11683168636014117,0.08200109950522261
R1,R00__E1_ADAPTER_C06_MEAN__H02,R00,E1_ADAPTER_C06_MEAN,H02,u000,a1,0,success,True,11.377220820635557,393.2265625,0.26804085695785596,0.4011390444082451,0.33458995068305053,0.6520947702976019,0.5947771701043308,0.4171762233140618,0.3479052297023981
R1,R00__E1_ADAPTER_C06_MEAN__H02,R00,E1_ADAPTER_C06_MEAN,H02,u001,a1,1,success,True,12.228668231517076,386.2333984375,0.2541825514978065,0.3939782006835245,0.32408037609066553,0.663363189829529,0.5987935576283062,0.41339690923142475,0.336636810170471
R1,R00__E1_ADAPTER_C06_MEAN__H02,R00,E1_ADAPTER_C06_MEAN,H02,u005,tonsil,0,success,True,15.993546195328236,428.44384765625,0.15028296065645247,0.2493581575874867,0.19982055912196958,0.7145229364145852,0.5833376057818427,0.41312902781888494,0.2854770635854148
R1,R00__E1_ADAPTER_C06_MEAN__H02,R00,E1_ADAPTER_C06_MEAN,H02,u006,tonsil,1,success,True,14.586615486070514,432.55517578125,0.14092587709359775,0.2627152979798092,0.20182058753670346,0.723333102700708,0.586485889507413,0.4110582240207653,0.27666689729929195
R1,R00__E1_ADAPTER_C06_MEAN__H02,R00,E1_ADAPTER_C06_MEAN,H02,u010,d1,0,success,True,10.927331171929836,381.1259765625,0.2628060353025641,0.3873117750467309,0.32505890517464753,0.6700694527601485,0.6097187292444499,0.4000501280642134,0.3299305472398515
R1,R00__E1_ADAPTER_C06_MEAN__H02,R00,E1_ADAPTER_C06_MEAN,H02,u011,d1,1,success,True,10.738061686977744,381.10693359375,0.26529032191503576,0.38820691486710834,0.32674861839107205,0.660489761705185,0.5976626321490618,0.41061576534256383,0.33951023829481497
R1,R00__E1_ADAPTER_C06_MEAN__H02,R00,E1_ADAPTER_C06_MEAN,H02,u020,p22,0,success,True,60.7502734400332,1327.58837890625,0.47127704677469456,0.6257888927416876,0.5485329697581911,0.9136228697086312,0.8813816286565314,0.11989969708089457,0.08637713029136884
R1,R00__E1_ADAPTER_C06_MEAN__H02,R00,E1_ADAPTER_C06_MEAN,H02,u021,p22,1,success,True,60.90845466405153,1328.32763671875,0.4468333722551901,0.6150161729030588,0.5309247725791244,0.9179989004947774,0.8845509842672313,0.11683168636014117,0.08200109950522261
R1,R01__E0_ADAPTER_ONLY__H01,R01,E0_ADAPTER_ONLY,H01,u000,a1,0,success,True,19.48064153827727,398.505859375,0.23041088451080358,0.3612741024612762,0.2958424934860399,0.6210343831262641,0.5681618050278814,0.44147657994060674,0.37896561687373587
R1,R01__E0_ADAPTER_ONLY__H01,R01,E0_ADAPTER_ONLY,H01,u001,a1,1,success,True,19.764063332229853,398.4775390625,0.23468519819853306,0.3757507685804102,0.3052179833894716,0.6486275642877781,0.5737922330145051,0.43675041972114653,0.3513724357122219
R1,R01__E0_ADAPTER_ONLY__H01,R01,E0_ADAPTER_ONLY,H01,u005,tonsil,0,success,True,24.117736134678125,559.6328125,0.1533719636678961,0.24194660228777534,0.19765928297783572,0.7082266657441362,0.5859292834848903,0.41041679232738154,0.2917733342558638
R1,R01__E0_ADAPTER_ONLY__H01,R01,E0_ADAPTER_ONLY,H01,u006,tonsil,1,success,True,25.440091216936707,559.6328125,0.1783436227208177,0.2670530593224962,0.22269834102165692,0.7104176756844023,0.6118238888289852,0.38722988619917076,0.2895823243155977
R1,R01__E0_ADAPTER_ONLY__H01,R01,E0_ADAPTER_ONLY,H01,u010,d1,0,success,True,18.193132082000375,377.8212890625,0.21224043648651358,0.36013795737835524,0.2861891969324344,0.6818045743024788,0.6341944488698156,0.37509320536592317,0.31819542569752124
R1,R01__E0_ADAPTER_ONLY__H01,R01,E0_ADAPTER_ONLY,H01,u011,d1,1,success,True,19.71908365190029,377.8212890625,0.22357486143014196,0.3587684257198596,0.2911716435750008,0.6436354927553586,0.5794886263814452,0.42918662510612515,0.3563645072446414
R1,R01__E0_ADAPTER_ONLY__H01,R01,E0_ADAPTER_ONLY,H01,u020,p22,0,success,True,81.04735587537289,2164.28515625,0.3794872947987214,0.5505320958083711,0.4650096953035463,0.8523254535459044,0.7984328563048564,0.2041296429138052,0.1476745464540956
R1,R01__E0_ADAPTER_ONLY__H01,R01,E0_ADAPTER_ONLY,H01,u021,p22,1,success,True,79.46734201535583,2164.28515625,0.4705956920127761,0.5994504874265997,0.5350230897196879,0.8699285321605278,0.8238935479571824,0.17677730870137434,0.1300714678394722
R1,R01__E0_ADAPTER_ONLY__H02,R01,E0_ADAPTER_ONLY,H02,u000,a1,0,success,True,19.48064153827727,398.505859375,0.23041088451080358,0.3612741024612762,0.2958424934860399,0.6210343831262641,0.5681618050278814,0.44147657994060674,0.37896561687373587
R1,R01__E0_ADAPTER_ONLY__H02,R01,E0_ADAPTER_ONLY,H02,u001,a1,1,success,True,19.764063332229853,398.4775390625,0.23468519819853306,0.3757507685804102,0.3052179833894716,0.6486275642877781,0.5737922330145051,0.43675041972114653,0.3513724357122219
R1,R01__E0_ADAPTER_ONLY__H02,R01,E0_ADAPTER_ONLY,H02,u005,tonsil,0,success,True,24.117736134678125,559.6328125,0.1533719636678961,0.24194660228777534,0.19765928297783572,0.7082266657441362,0.5859292834848903,0.41041679232738154,0.2917733342558638
R1,R01__E0_ADAPTER_ONLY__H02,R01,E0_ADAPTER_ONLY,H02,u006,tonsil,1,success,True,25.440091216936707,559.6328125,0.1783436227208177,0.2670530593224962,0.22269834102165692,0.7104176756844023,0.6118238888289852,0.38722988619917076,0.2895823243155977
R1,R01__E0_ADAPTER_ONLY__H02,R01,E0_ADAPTER_ONLY,H02,u010,d1,0,success,True,18.193132082000375,377.8212890625,0.21224043648651358,0.36013795737835524,0.2861891969324344,0.6818045743024788,0.6341944488698156,0.37509320536592317,0.31819542569752124
R1,R01__E0_ADAPTER_ONLY__H02,R01,E0_ADAPTER_ONLY,H02,u011,d1,1,success,True,19.71908365190029,377.8212890625,0.22357486143014196,0.3587684257198596,0.2911716435750008,0.6436354927553586,0.5794886263814452,0.42918662510612515,0.3563645072446414
R1,R01__E0_ADAPTER_ONLY__H02,R01,E0_ADAPTER_ONLY,H02,u020,p22,0,success,True,81.04735587537289,2164.28515625,0.3794872947987214,0.5505320958083711,0.4650096953035463,0.8523254535459044,0.7984328563048564,0.2041296429138052,0.1476745464540956
R1,R01__E0_ADAPTER_ONLY__H02,R01,E0_ADAPTER_ONLY,H02,u021,p22,1,success,True,79.46734201535583,2164.28515625,0.4705956920127761,0.5994504874265997,0.5350230897196879,0.8699285321605278,0.8238935479571824,0.17677730870137434,0.1300714678394722
R1,R01__E1_ADAPTER_C06_MEAN__H01,R01,E1_ADAPTER_C06_MEAN,H01,u000,a1,0,success,True,19.48064153827727,398.505859375,0.2607062674328602,0.39681608704205257,0.32876117723745635,0.6344986997977463,0.572728429256592,0.4397447753317718,0.3655013002022537
R1,R01__E1_ADAPTER_C06_MEAN__H01,R01,E1_ADAPTER_C06_MEAN,H01,u001,a1,1,success,True,19.764063332229853,398.4775390625,0.24970060570264033,0.39253598956635866,0.3211182976344995,0.650072233458538,0.5839670854472402,0.42863269684800354,0.34992776654146196
R1,R01__E1_ADAPTER_C06_MEAN__H01,R01,E1_ADAPTER_C06_MEAN,H01,u005,tonsil,0,success,True,24.117736134678125,559.6328125,0.18217491084176426,0.2764464544598608,0.22931068265081256,0.7082497290066653,0.6075243577871363,0.3912369145441044,0.2917502709933347
R1,R01__E1_ADAPTER_C06_MEAN__H01,R01,E1_ADAPTER_C06_MEAN,H01,u006,tonsil,1,success,True,25.440091216936707,559.6328125,0.14637091370119065,0.2623338488175167,0.20435238125935368,0.7069120597799765,0.5750386177468757,0.4214914226378423,0.2930879402200235
R1,R01__E1_ADAPTER_C06_MEAN__H01,R01,E1_ADAPTER_C06_MEAN,H01,u010,d1,0,success,True,18.193132082000375,377.8212890625,0.2523360067726375,0.3816450976307262,0.3169905522016818,0.648844449766495,0.5900748909715605,0.4193456665147677,0.351155550233505
R1,R01__E1_ADAPTER_C06_MEAN__H01,R01,E1_ADAPTER_C06_MEAN,H01,u011,d1,1,success,True,19.71908365190029,377.8212890625,0.236482919198699,0.3685474019680784,0.3025151605833887,0.643964794635373,0.590087252768374,0.4191924676879529,0.35603520536462696
R1,R01__E1_ADAPTER_C06_MEAN__H01,R01,E1_ADAPTER_C06_MEAN,H01,u020,p22,0,success,True,81.04735587537289,2164.28515625,0.42069505068754737,0.6002646518673121,0.5104798512774298,0.9005387575590984,0.8589234264538778,0.14384849715983672,0.0994612424409016
R1,R01__E1_ADAPTER_C06_MEAN__H01,R01,E1_ADAPTER_C06_MEAN,H01,u021,p22,1,success,True,79.46734201535583,2164.28515625,0.4804089961752469,0.6278648770200808,0.5541369365976638,0.9030346344145135,0.8603258922861959,0.14045685743083788,0.09696536558548652
R1,R01__E1_ADAPTER_C06_MEAN__H02,R01,E1_ADAPTER_C06_MEAN,H02,u000,a1,0,success,True,19.48064153827727,398.505859375,0.2607062674328602,0.39681608704205257,0.32876117723745635,0.6344986997977463,0.572728429256592,0.4397447753317718,0.3655013002022537
R1,R01__E1_ADAPTER_C06_MEAN__H02,R01,E1_ADAPTER_C06_MEAN,H02,u001,a1,1,success,True,19.764063332229853,398.4775390625,0.24970060570264033,0.39253598956635866,0.3211182976344995,0.650072233458538,0.5839670854472402,0.42863269684800354,0.34992776654146196
R1,R01__E1_ADAPTER_C06_MEAN__H02,R01,E1_ADAPTER_C06_MEAN,H02,u005,tonsil,0,success,True,24.117736134678125,559.6328125,0.18217491084176426,0.2764464544598608,0.22931068265081256,0.7082497290066653,0.6075243577871363,0.3912369145441044,0.2917502709933347
R1,R01__E1_ADAPTER_C06_MEAN__H02,R01,E1_ADAPTER_C06_MEAN,H02,u006,tonsil,1,success,True,25.440091216936707,559.6328125,0.14637091370119065,0.2623338488175167,0.20435238125935368,0.7069120597799765,0.5750386177468757,0.4214914226378423,0.2930879402200235
R1,R01__E1_ADAPTER_C06_MEAN__H02,R01,E1_ADAPTER_C06_MEAN,H02,u010,d1,0,success,True,18.193132082000375,377.8212890625,0.2523360067726375,0.3816450976307262,0.3169905522016818,0.648844449766495,0.5900748909715605,0.4193456665147677,0.351155550233505
R1,R01__E1_ADAPTER_C06_MEAN__H02,R01,E1_ADAPTER_C06_MEAN,H02,u011,d1,1,success,True,19.71908365190029,377.8212890625,0.236482919198699,0.3685474019680784,0.3025151605833887,0.643964794635373,0.590087252768374,0.4191924676879529,0.35603520536462696
R1,R01__E1_ADAPTER_C06_MEAN__H02,R01,E1_ADAPTER_C06_MEAN,H02,u020,p22,0,success,True,81.04735587537289,2164.28515625,0.42069505068754737,0.6002646518673121,0.5104798512774298,0.9005387575590984,0.8589234264538778,0.14384849715983672,0.0994612424409016
R1,R01__E1_ADAPTER_C06_MEAN__H02,R01,E1_ADAPTER_C06_MEAN,H02,u021,p22,1,success,True,79.46734201535583,2164.28515625,0.4804089961752469,0.6278648770200808,0.5541369365976638,0.9030346344145135,0.8603258922861959,0.14045685743083788,0.09696536558548652
R1,R02__E0_ADAPTER_ONLY__H01,R02,E0_ADAPTER_ONLY,H01,u000,a1,0,success,True,9.537603817880154,122.87841796875,0.2152919762654575,0.38614613229033,0.30071905427789375,0.524386015602427,0.4702857162293664,0.5367423693866339,0.47561398439757296
R1,R02__E0_ADAPTER_ONLY__H01,R02,E0_ADAPTER_ONLY,H01,u001,a1,1,success,True,9.491489442065358,122.85009765625,0.22707760859285311,0.3931718427874266,0.3101247256901399,0.5552152557064433,0.49794109490669375,0.5081588267410636,0.44478474429355674
R1,R02__E0_ADAPTER_ONLY__H01,R02,E0_ADAPTER_ONLY,H01,u005,tonsil,0,success,True,12.383840272203088,139.671875,0.1493456069031585,0.24054827284178285,0.1949469398724707,0.7070043128300929,0.581497487737263,0.41529626334447495,0.2929956871699071
R1,R02__E0_ADAPTER_ONLY__H01,R02,E0_ADAPTER_ONLY,H01,u006,tonsil,1,success,True,12.505145659670234,139.671875,0.16705438049899082,0.2626411880571835,0.21484778427808715,0.7068889965174474,0.6064129839301615,0.3921694788073223,0.2931110034825526
R1,R02__E0_ADAPTER_ONLY__H01,R02,E0_ADAPTER_ONLY,H01,u010,d1,0,success,True,9.10224780999124,120.8388671875,0.22381715997780116,0.3736319734911998,0.2987245667345005,0.6268710334091726,0.5730248156564932,0.4355971367963158,0.3731289665908274
R1,R02__E0_ADAPTER_ONLY__H01,R02,E0_ADAPTER_ONLY,H01,u011,d1,1,success,True,8.97830736078322,120.8359375,0.22880101122715676,0.370611304181795,0.2997061577044759,0.6142078792958927,0.5522480178179017,0.4559081238238635,0.3857921207041073
R1,R02__E0_ADAPTER_ONLY__H01,R02,E0_ADAPTER_ONLY,H01,u020,p22,0,success,True,56.10786676220596,258.35986328125,0.4847512871032308,0.6307496709968837,0.5577504790500573,0.8762836723474436,0.8353403458038954,0.16650256150931828,0.12371632765255636
R1,R02__E0_ADAPTER_ONLY__H01,R02,E0_ADAPTER_ONLY,H01,u021,p22,1,success,True,56.35910362750292,258.35986328125,0.45477702271084913,0.6131091907242614,0.5339431067175553,0.866113249037933,0.8367038302095406,0.16637353919703182,0.13388675096206704
R1,R02__E0_ADAPTER_ONLY__H02,R02,E0_ADAPTER_ONLY,H02,u000,a1,0,success,True,9.537603817880154,122.87841796875,0.2152919762654575,0.38614613229033,0.30071905427789375,0.524386015602427,0.4702857162293664,0.5367423693866339,0.47561398439757296
R1,R02__E0_ADAPTER_ONLY__H02,R02,E0_ADAPTER_ONLY,H02,u001,a1,1,success,True,9.491489442065358,122.85009765625,0.22707760859285311,0.3931718427874266,0.3101247256901399,0.5552152557064433,0.49794109490669375,0.5081588267410636,0.44478474429355674
R1,R02__E0_ADAPTER_ONLY__H02,R02,E0_ADAPTER_ONLY,H02,u005,tonsil,0,success,True,12.383840272203088,139.671875,0.1493456069031585,0.24054827284178285,0.1949469398724707,0.7070043128300929,0.581497487737263,0.41529626334447495,0.2929956871699071
R1,R02__E0_ADAPTER_ONLY__H02,R02,E0_ADAPTER_ONLY,H02,u006,tonsil,1,success,True,12.505145659670234,139.671875,0.16705438049899082,0.2626411880571835,0.21484778427808715,0.7068889965174474,0.6064129839301615,0.3921694788073223,0.2931110034825526
R1,R02__E0_ADAPTER_ONLY__H02,R02,E0_ADAPTER_ONLY,H02,u010,d1,0,success,True,9.10224780999124,120.8388671875,0.22381715997780116,0.3736319734911998,0.2987245667345005,0.6268710334091726,0.5730248156564932,0.4355971367963158,0.3731289665908274
R1,R02__E0_ADAPTER_ONLY__H02,R02,E0_ADAPTER_ONLY,H02,u011,d1,1,success,True,8.97830736078322,120.8359375,0.22880101122715676,0.370611304181795,0.2997061577044759,0.6142078792958927,0.5522480178179017,0.4559081238238635,0.3857921207041073
R1,R02__E0_ADAPTER_ONLY__H02,R02,E0_ADAPTER_ONLY,H02,u020,p22,0,success,True,56.10786676220596,258.35986328125,0.4847512871032308,0.6307496709968837,0.5577504790500573,0.8762836723474436,0.8353403458038954,0.16650256150931828,0.12371632765255636
R1,R02__E0_ADAPTER_ONLY__H02,R02,E0_ADAPTER_ONLY,H02,u021,p22,1,success,True,56.35910362750292,258.35986328125,0.45477702271084913,0.6131091907242614,0.5339431067175553,0.866113249037933,0.8367038302095406,0.16637353919703182,0.13388675096206704
R1,R02__E1_ADAPTER_C06_MEAN__H01,R02,E1_ADAPTER_C06_MEAN,H01,u000,a1,0,success,True,9.537603817880154,122.87841796875,0.2695655943232304,0.40458414251435887,0.33707486841879464,0.6181739381681595,0.5558393181817813,0.45581657899118877,0.38182606183184054
R1,R02__E1_ADAPTER_C06_MEAN__H01,R02,E1_ADAPTER_C06_MEAN,H01,u001,a1,1,success,True,9.491489442065358,122.85009765625,0.2551969435603936,0.39941791087516715,0.3273074272177804,0.6244149089858423,0.5520282266078128,0.45979267922357775,0.3755850910141577
R1,R02__E1_ADAPTER_C06_MEAN__H01,R02,E1_ADAPTER_C06_MEAN,H01,u005,tonsil,0,success,True,12.383840272203088,139.671875,0.1520627361516121,0.2608164207527096,0.20643957845216085,0.7053898844530547,0.5719393626093816,0.42437966220558987,0.2946101155469453
R1,R02__E1_ADAPTER_C06_MEAN__H01,R02,E1_ADAPTER_C06_MEAN,H01,u006,tonsil,1,success,True,12.505145659670234,139.671875,0.1419087515254284,0.26704344988996215,0.20447610070769529,0.7192278419705251,0.5800731749456276,0.41700845041834983,0.28077215802947486
R1,R02__E1_ADAPTER_C06_MEAN__H01,R02,E1_ADAPTER_C06_MEAN,H01,u010,d1,0,success,True,9.10224780999124,120.8388671875,0.23739559658910214,0.3830346201735509,0.3102151083813265,0.6404023470243084,0.5806014371741838,0.4283482564304276,0.3595976529756916
R1,R02__E1_ADAPTER_C06_MEAN__H01,R02,E1_ADAPTER_C06_MEAN,H01,u011,d1,1,success,True,8.97830736078322,120.8359375,0.23842510789675722,0.3751005161074656,0.3067628120021114,0.6381271703987547,0.5817650815351019,0.42701465826006474,0.36187282960124534
R1,R02__E1_ADAPTER_C06_MEAN__H01,R02,E1_ADAPTER_C06_MEAN,H01,u020,p22,0,success,True,56.10786676220596,258.35986328125,0.5049393284724745,0.6498424118737981,0.5773908701731363,0.9026827927432656,0.8602496177558985,0.1407128551260459,0.09731720725673443
R1,R02__E1_ADAPTER_C06_MEAN__H01,R02,E1_ADAPTER_C06_MEAN,H01,u021,p22,1,success,True,56.35910362750292,258.35986328125,0.48984404531808956,0.640229542847059,0.5650367940825742,0.9004288070368335,0.859236796033955,0.14202103140782146,0.09957119296316652
R1,R02__E1_ADAPTER_C06_MEAN__H02,R02,E1_ADAPTER_C06_MEAN,H02,u000,a1,0,success,True,9.537603817880154,122.87841796875,0.2695655943232304,0.40458414251435887,0.33707486841879464,0.6181739381681595,0.5558393181817813,0.45581657899118877,0.38182606183184054
R1,R02__E1_ADAPTER_C06_MEAN__H02,R02,E1_ADAPTER_C06_MEAN,H02,u001,a1,1,success,True,9.491489442065358,122.85009765625,0.2551969435603936,0.39941791087516715,0.3273074272177804,0.6244149089858423,0.5520282266078128,0.45979267922357775,0.3755850910141577
R1,R02__E1_ADAPTER_C06_MEAN__H02,R02,E1_ADAPTER_C06_MEAN,H02,u005,tonsil,0,success,True,12.383840272203088,139.671875,0.1520627361516121,0.2608164207527096,0.20643957845216085,0.7053898844530547,0.5719393626093816,0.42437966220558987,0.2946101155469453
R1,R02__E1_ADAPTER_C06_MEAN__H02,R02,E1_ADAPTER_C06_MEAN,H02,u006,tonsil,1,success,True,12.505145659670234,139.671875,0.1419087515254284,0.26704344988996215,0.20447610070769529,0.7192278419705251,0.5800731749456276,0.41700845041834983,0.28077215802947486
R1,R02__E1_ADAPTER_C06_MEAN__H02,R02,E1_ADAPTER_C06_MEAN,H02,u010,d1,0,success,True,9.10224780999124,120.8388671875,0.23739559658910214,0.3830346201735509,0.3102151083813265,0.6404023470243084,0.5806014371741838,0.4283482564304276,0.3595976529756916
R1,R02__E1_ADAPTER_C06_MEAN__H02,R02,E1_ADAPTER_C06_MEAN,H02,u011,d1,1,success,True,8.97830736078322,120.8359375,0.23842510789675722,0.3751005161074656,0.3067628120021114,0.6381271703987547,0.5817650815351019,0.42701465826006474,0.36187282960124534
R1,R02__E1_ADAPTER_C06_MEAN__H02,R02,E1_ADAPTER_C06_MEAN,H02,u020,p22,0,success,True,56.10786676220596,258.35986328125,0.5049393284724745,0.6498424118737981,0.5773908701731363,0.9026827927432656,0.8602496177558985,0.1407128551260459,0.09731720725673443
R1,R02__E1_ADAPTER_C06_MEAN__H02,R02,E1_ADAPTER_C06_MEAN,H02,u021,p22,1,success,True,56.35910362750292,258.35986328125,0.48984404531808956,0.640229542847059,0.5650367940825742,0.9004288070368335,0.859236796033955,0.14202103140782146,0.09957119296316652
R1,R03__E0_ADAPTER_ONLY__H01,R03,E0_ADAPTER_ONLY,H01,u000,a1,0,success,True,20.597655463963747,521.42041015625,0.26180302129229155,0.3844992370741555,0.32315112918322353,0.6811037272464605,0.6243459221344717,0.3869476853924053,0.3188962727535395
R1,R03__E0_ADAPTER_ONLY__H01,R03,E0_ADAPTER_ONLY,H01,u001,a1,1,success,True,20.222469748929143,518.529296875,0.24544667856475677,0.3772016194308372,0.311324148997797,0.6881248194163536,0.6380090645473683,0.37387861476892414,0.3118751805836464
R1,R03__E0_ADAPTER_ONLY__H01,R03,E0_ADAPTER_ONLY,H01,u005,tonsil,0,success,True,26.75341360270977,692.15673828125,0.19684372071790773,0.27901288281923087,0.2379283017685693,0.73059803039738,0.6345415669400281,0.36396305364981896,0.26940196960262
R1,R03__E0_ADAPTER_ONLY__H01,R03,E0_ADAPTER_ONLY,H01,u006,tonsil,1,success,True,25.05915836803615,695.12744140625,0.1479677513210604,0.2518941665517983,0.19993095893642937,0.7115708388108581,0.5844774551295813,0.41219614436526697,0.28842916118914186
R1,R03__E0_ADAPTER_ONLY__H01,R03,E0_ADAPTER_ONLY,H01,u010,d1,0,success,True,21.186512626707554,493.60595703125,0.25115449800727113,0.37472981872399314,0.3129421583656321,0.6867740390372411,0.6414864153123094,0.3673538395324531,0.3132259609627589
R1,R03__E0_ADAPTER_ONLY__H01,R03,E0_ADAPTER_ONLY,H01,u011,d1,1,success,True,21.496064260601997,493.5859375,0.23705433060671696,0.36111405593550105,0.299084193271109,0.7020416716560891,0.6549105857015831,0.3525425218009374,0.2979583283439109
R1,R03__E0_ADAPTER_ONLY__H01,R03,E0_ADAPTER_ONLY,H01,u020,p22,0,success,True,83.18132578022778,2473.5244140625,0.4071912134471495,0.5798023908522965,0.49349680214972297,0.9132710280373831,0.8930014879001951,0.11296736669627655,0.08672897196261686
R1,R03__E0_ADAPTER_ONLY__H01,R03,E0_ADAPTER_ONLY,H01,u021,p22,1,success,True,82.33074829913676,2474.240234375,0.432656916963053,0.6099543910861464,0.5213056540245997,0.9160417811984607,0.8983778028735837,0.10581915050564933,0.08395821880153931
R1,R03__E0_ADAPTER_ONLY__H02,R03,E0_ADAPTER_ONLY,H02,u000,a1,0,success,True,20.597655463963747,521.42041015625,0.26180302129229155,0.3844992370741555,0.32315112918322353,0.6811037272464605,0.6243459221344717,0.3869476853924053,0.3188962727535395
R1,R03__E0_ADAPTER_ONLY__H02,R03,E0_ADAPTER_ONLY,H02,u001,a1,1,success,True,20.222469748929143,518.529296875,0.24544667856475677,0.3772016194308372,0.311324148997797,0.6881248194163536,0.6380090645473683,0.37387861476892414,0.3118751805836464
R1,R03__E0_ADAPTER_ONLY__H02,R03,E0_ADAPTER_ONLY,H02,u005,tonsil,0,success,True,26.75341360270977,692.15673828125,0.19684372071790773,0.27901288281923087,0.2379283017685693,0.73059803039738,0.6345415669400281,0.36396305364981896,0.26940196960262
R1,R03__E0_ADAPTER_ONLY__H02,R03,E0_ADAPTER_ONLY,H02,u006,tonsil,1,success,True,25.05915836803615,695.12744140625,0.1479677513210604,0.2518941665517983,0.19993095893642937,0.7115708388108581,0.5844774551295813,0.41219614436526697,0.28842916118914186
R1,R03__E0_ADAPTER_ONLY__H02,R03,E0_ADAPTER_ONLY,H02,u010,d1,0,success,True,21.186512626707554,493.60595703125,0.25115449800727113,0.37472981872399314,0.3129421583656321,0.6867740390372411,0.6414864153123094,0.3673538395324531,0.3132259609627589
R1,R03__E0_ADAPTER_ONLY__H02,R03,E0_ADAPTER_ONLY,H02,u011,d1,1,success,True,21.496064260601997,493.5859375,0.23705433060671696,0.36111405593550105,0.299084193271109,0.7020416716560891,0.6549105857015831,0.3525425218009374,0.2979583283439109
R1,R03__E0_ADAPTER_ONLY__H02,R03,E0_ADAPTER_ONLY,H02,u020,p22,0,success,True,83.18132578022778,2473.5244140625,0.4071912134471495,0.5798023908522965,0.49349680214972297,0.9132710280373831,0.8930014879001951,0.11296736669627655,0.08672897196261686
R1,R03__E0_ADAPTER_ONLY__H02,R03,E0_ADAPTER_ONLY,H02,u021,p22,1,success,True,82.33074829913676,2474.240234375,0.432656916963053,0.6099543910861464,0.5213056540245997,0.9160417811984607,0.8983778028735837,0.10581915050564933,0.08395821880153931
R1,R03__E1_ADAPTER_C06_MEAN__H01,R03,E1_ADAPTER_C06_MEAN,H01,u000,a1,0,success,True,20.597655463963747,521.42041015625,0.26442031907210023,0.39933171660999506,0.33187601784104764,0.6507078878936724,0.5902621065766016,0.4218764854177338,0.3492921121063276
R1,R03__E1_ADAPTER_C06_MEAN__H01,R03,E1_ADAPTER_C06_MEAN,H01,u001,a1,1,success,True,20.222469748929143,518.529296875,0.25656990679861397,0.39778227346533207,0.327176090131973,0.6645478185495521,0.6021940666031267,0.41063065747649874,0.33545218145044786
R1,R03__E1_ADAPTER_C06_MEAN__H01,R03,E1_ADAPTER_C06_MEAN,H01,u005,tonsil,0,success,True,26.75341360270977,692.15673828125,0.18555034565579118,0.2772197686278018,0.23138505714179647,0.713485089600775,0.6137565345947579,0.3849356783596557,0.28651491039922505
R1,R03__E1_ADAPTER_C06_MEAN__H01,R03,E1_ADAPTER_C06_MEAN,H01,u006,tonsil,1,success,True,25.05915836803615,695.12744140625,0.14026464667599023,0.2653589040618501,0.20281177536892014,0.7175903503309579,0.5864261199846892,0.4106803347881298,0.28240964966904214
R1,R03__E1_ADAPTER_C06_MEAN__H01,R03,E1_ADAPTER_C06_MEAN,H01,u010,d1,0,success,True,21.186512626707554,493.60595703125,0.22085060025660389,0.36492141125749034,0.2928860057570471,0.6802179379715004,0.634802989199159,0.3746145197293966,0.31978206202849957
R1,R03__E1_ADAPTER_C06_MEAN__H01,R03,E1_ADAPTER_C06_MEAN,H01,u011,d1,1,success,True,21.496064260601997,493.5859375,0.24145294375810913,0.3715807543986288,0.30651684907836896,0.6848281642917016,0.6334030378804199,0.3751292193486776,0.31517183570829843
R1,R03__E1_ADAPTER_C06_MEAN__H01,R03,E1_ADAPTER_C06_MEAN,H01,u020,p22,0,success,True,83.18132578022778,2473.5244140625,0.48067428205885954,0.635810677985389,0.5582424800221243,0.9120505772402419,0.8813356719793111,0.12048783948161443,0.08794942275975814
R1,R03__E1_ADAPTER_C06_MEAN__H01,R03,E1_ADAPTER_C06_MEAN,H01,u021,p22,1,success,True,82.33074829913676,2474.240234375,0.45980565118070593,0.6222216460519819,0.5410136486163439,0.9176580538757559,0.8804479715683352,0.12100091461762427,0.08234194612424406
R1,R03__E1_ADAPTER_C06_MEAN__H02,R03,E1_ADAPTER_C06_MEAN,H02,u000,a1,0,success,True,20.597655463963747,521.42041015625,0.26442031907210023,0.39933171660999506,0.33187601784104764,0.6507078878936724,0.5902621065766016,0.4218764854177338,0.3492921121063276
R1,R03__E1_ADAPTER_C06_MEAN__H02,R03,E1_ADAPTER_C06_MEAN,H02,u001,a1,1,success,True,20.222469748929143,518.529296875,0.25656990679861397,0.39778227346533207,0.327176090131973,0.6645478185495521,0.6021940666031267,0.41063065747649874,0.33545218145044786
R1,R03__E1_ADAPTER_C06_MEAN__H02,R03,E1_ADAPTER_C06_MEAN,H02,u005,tonsil,0,success,True,26.75341360270977,692.15673828125,0.18555034565579118,0.2772197686278018,0.23138505714179647,0.713485089600775,0.6137565345947579,0.3849356783596557,0.28651491039922505
R1,R03__E1_ADAPTER_C06_MEAN__H02,R03,E1_ADAPTER_C06_MEAN,H02,u006,tonsil,1,success,True,25.05915836803615,695.12744140625,0.14026464667599023,0.2653589040618501,0.20281177536892014,0.7175903503309579,0.5864261199846892,0.4106803347881298,0.28240964966904214
R1,R03__E1_ADAPTER_C06_MEAN__H02,R03,E1_ADAPTER_C06_MEAN,H02,u010,d1,0,success,True,21.186512626707554,493.60595703125,0.22085060025660389,0.36492141125749034,0.2928860057570471,0.6802179379715004,0.634802989199159,0.3746145197293966,0.31978206202849957
R1,R03__E1_ADAPTER_C06_MEAN__H02,R03,E1_ADAPTER_C06_MEAN,H02,u011,d1,1,success,True,21.496064260601997,493.5859375,0.24145294375810913,0.3715807543986288,0.30651684907836896,0.6848281642917016,0.6334030378804199,0.3751292193486776,0.31517183570829843
R1,R03__E1_ADAPTER_C06_MEAN__H02,R03,E1_ADAPTER_C06_MEAN,H02,u020,p22,0,success,True,83.18132578022778,2473.5244140625,0.48067428205885954,0.635810677985389,0.5582424800221243,0.9120505772402419,0.8813356719793111,0.12048783948161443,0.08794942275975814
R1,R03__E1_ADAPTER_C06_MEAN__H02,R03,E1_ADAPTER_C06_MEAN,H02,u021,p22,1,success,True,82.33074829913676,2474.240234375,0.45980565118070593,0.6222216460519819,0.5410136486163439,0.9176580538757559,0.8804479715683352,0.12100091461762427,0.08234194612424406
R1,R04__E0_ADAPTER_ONLY__H01,R04,E0_ADAPTER_ONLY,H01,u000,a1,0,success,True,11.447902644053102,393.22705078125,0.2694678234117201,0.394242855916992,0.33185533966435604,0.6678705576423,0.6237354722788018,0.38863059902702357,0.33212944235770003
R1,R04__E0_ADAPTER_ONLY__H01,R04,E0_ADAPTER_ONLY,H01,u001,a1,1,success,True,11.195238230749965,386.23388671875,0.2513303313660273,0.3789015208394544,0.31511592610274086,0.6870557642299914,0.6300640376539455,0.3814168639198806,0.3129442357700086
R1,R04__E0_ADAPTER_ONLY__H01,R04,E0_ADAPTER_ONLY,H01,u005,tonsil,0,success,True,14.3207201436162,428.4443359375,0.19705389138087975,0.2843586615871814,0.2407062764840306,0.7226642680873636,0.6256559114565223,0.372391835607791,0.2773357319126364
R1,R04__E0_ADAPTER_ONLY__H01,R04,E0_ADAPTER_ONLY,H01,u006,tonsil,1,success,True,14.265473935753107,432.5556640625,0.15331433969536126,0.23978369942158964,0.19654901955847545,0.7149842016651675,0.5960523451891084,0.4015849885581636,0.2850157983348325
R1,R04__E0_ADAPTER_ONLY__H01,R04,E0_ADAPTER_ONLY,H01,u010,d1,0,success,True,10.73285898566246,381.12646484375,0.22212523300435807,0.35368490184650503,0.28790506742543154,0.6878517542809245,0.6455638348006565,0.36216396999141487,0.3121482457190755
R1,R04__E0_ADAPTER_ONLY__H01,R04,E0_ADAPTER_ONLY,H01,u011,d1,1,success,True,10.893047651275992,381.107421875,0.25509198687256546,0.3667020774291517,0.31089703215085857,0.6895581367500898,0.624955764353441,0.3822760597243558,0.3104418632499102
R1,R04__E0_ADAPTER_ONLY__H01,R04,E0_ADAPTER_ONLY,H01,u020,p22,0,success,True,61.14605827257037,1327.5888671875,0.463633860591768,0.6318228756085078,0.5477283681001379,0.9195382078064871,0.9079266413507199,0.09590577513282889,0.0804617921935129
R1,R04__E0_ADAPTER_ONLY__H01,R04,E0_ADAPTER_ONLY,H01,u021,p22,1,success,True,60.785858104005456,1328.328125,0.4469069122862474,0.6251738498149702,0.5360403810506088,0.920197910940077,0.9057963066159458,0.09799109811526163,0.07980208905992303
R1,R04__E0_ADAPTER_ONLY__H02,R04,E0_ADAPTER_ONLY,H02,u000,a1,0,success,True,11.447902644053102,393.22705078125,0.2694678234117201,0.394242855916992,0.33185533966435604,0.6678705576423,0.6237354722788018,0.38863059902702357,0.33212944235770003
R1,R04__E0_ADAPTER_ONLY__H02,R04,E0_ADAPTER_ONLY,H02,u001,a1,1,success,True,11.195238230749965,386.23388671875,0.2513303313660273,0.3789015208394544,0.31511592610274086,0.6870557642299914,0.6300640376539455,0.3814168639198806,0.3129442357700086
R1,R04__E0_ADAPTER_ONLY__H02,R04,E0_ADAPTER_ONLY,H02,u005,tonsil,0,success,True,14.3207201436162,428.4443359375,0.19705389138087975,0.2843586615871814,0.2407062764840306,0.7226642680873636,0.6256559114565223,0.372391835607791,0.2773357319126364
R1,R04__E0_ADAPTER_ONLY__H02,R04,E0_ADAPTER_ONLY,H02,u006,tonsil,1,success,True,14.265473935753107,432.5556640625,0.15331433969536126,0.23978369942158964,0.19654901955847545,0.7149842016651675,0.5960523451891084,0.4015849885581636,0.2850157983348325
R1,R04__E0_ADAPTER_ONLY__H02,R04,E0_ADAPTER_ONLY,H02,u010,d1,0,success,True,10.73285898566246,381.12646484375,0.22212523300435807,0.35368490184650503,0.28790506742543154,0.6878517542809245,0.6455638348006565,0.36216396999141487,0.3121482457190755
R1,R04__E0_ADAPTER_ONLY__H02,R04,E0_ADAPTER_ONLY,H02,u011,d1,1,success,True,10.893047651275992,381.107421875,0.25509198687256546,0.3667020774291517,0.31089703215085857,0.6895581367500898,0.624955764353441,0.3822760597243558,0.3104418632499102
R1,R04__E0_ADAPTER_ONLY__H02,R04,E0_ADAPTER_ONLY,H02,u020,p22,0,success,True,61.14605827257037,1327.5888671875,0.463633860591768,0.6318228756085078,0.5477283681001379,0.9195382078064871,0.9079266413507199,0.09590577513282889,0.0804617921935129
R1,R04__E0_ADAPTER_ONLY__H02,R04,E0_ADAPTER_ONLY,H02,u021,p22,1,success,True,60.785858104005456,1328.328125,0.4469069122862474,0.6251738498149702,0.5360403810506088,0.920197910940077,0.9057963066159458,0.09799109811526163,0.07980208905992303
R1,R04__E1_ADAPTER_C06_MEAN__H01,R04,E1_ADAPTER_C06_MEAN,H01,u000,a1,0,success,True,11.447902644053102,393.22705078125,0.2715164406252825,0.404795010764133,0.33815572569470775,0.6479630164692285,0.592295071924189,0.41970401111771977,0.3520369835307715
R1,R04__E1_ADAPTER_C06_MEAN__H01,R04,E1_ADAPTER_C06_MEAN,H01,u001,a1,1,success,True,11.195238230749965,386.23388671875,0.25754087283708,0.39613091420588725,0.3268358935214836,0.6633342964461139,0.599752216447461,0.41239172879815333,0.33666570355388614
R1,R04__E1_ADAPTER_C06_MEAN__H01,R04,E1_ADAPTER_C06_MEAN,H01,u005,tonsil,0,success,True,14.3207201436162,428.4443359375,0.18686597659152906,0.27857581229081174,0.2327208944411704,0.7110865102977467,0.6109600995306522,0.38788965697457367,0.2889134897022533
R1,R04__E1_ADAPTER_C06_MEAN__H01,R04,E1_ADAPTER_C06_MEAN,H01,u006,tonsil,1,success,True,14.265473935753107,432.5556640625,0.13886227168242143,0.26307685501834094,0.2009695633503812,0.7225950782997763,0.5874818925437817,0.40988666872812285,0.2774049217002237
R1,R04__E1_ADAPTER_C06_MEAN__H01,R04,E1_ADAPTER_C06_MEAN,H01,u010,d1,0,success,True,10.73285898566246,381.12646484375,0.26058463640304,0.3839795398370029,0.32228208812002146,0.6651598610944797,0.6054929904150297,0.4040524961330676,0.33484013890552033
R1,R04__E1_ADAPTER_C06_MEAN__H01,R04,E1_ADAPTER_C06_MEAN,H01,u011,d1,1,success,True,10.893047651275992,381.107421875,0.2633569764346895,0.3888839583987954,0.3261204674167425,0.6578254101305233,0.5943620133505331,0.4140889907693269,0.3421745898694767
R1,R04__E1_ADAPTER_C06_MEAN__H01,R04,E1_ADAPTER_C06_MEAN,H01,u020,p22,0,success,True,61.14605827257037,1327.5888671875,0.4865488990669233,0.6429210894841193,0.5647349942755213,0.9102363936228697,0.8790398760151337,0.1226206589740691,0.08976360637713032
R1,R04__E1_ADAPTER_C06_MEAN__H01,R04,E1_ADAPTER_C06_MEAN,H01,u021,p22,1,success,True,60.785858104005456,1328.328125,0.4442581395975511,0.6135340202546379,0.5288960799260944,0.9160197910940077,0.8830899663648978,0.11846694148201589,0.08398020890599234
R1,R04__E1_ADAPTER_C06_MEAN__H02,R04,E1_ADAPTER_C06_MEAN,H02,u000,a1,0,success,True,11.447902644053102,393.22705078125,0.2715164406252825,0.404795010764133,0.33815572569470775,0.6479630164692285,0.592295071924189,0.41970401111771977,0.3520369835307715
R1,R04__E1_ADAPTER_C06_MEAN__H02,R04,E1_ADAPTER_C06_MEAN,H02,u001,a1,1,success,True,11.195238230749965,386.23388671875,0.25754087283708,0.39613091420588725,0.3268358935214836,0.6633342964461139,0.599752216447461,0.41239172879815333,0.33666570355388614
R1,R04__E1_ADAPTER_C06_MEAN__H02,R04,E1_ADAPTER_C06_MEAN,H02,u005,tonsil,0,success,True,14.3207201436162,428.4443359375,0.18686597659152906,0.27857581229081174,0.2327208944411704,0.7110865102977467,0.6109600995306522,0.38788965697457367,0.2889134897022533
R1,R04__E1_ADAPTER_C06_MEAN__H02,R04,E1_ADAPTER_C06_MEAN,H02,u006,tonsil,1,success,True,14.265473935753107,432.5556640625,0.13886227168242143,0.26307685501834094,0.2009695633503812,0.7225950782997763,0.5874818925437817,0.40988666872812285,0.2774049217002237
R1,R04__E1_ADAPTER_C06_MEAN__H02,R04,E1_ADAPTER_C06_MEAN,H02,u010,d1,0,success,True,10.73285898566246,381.12646484375,0.26058463640304,0.3839795398370029,0.32228208812002146,0.6651598610944797,0.6054929904150297,0.4040524961330676,0.33484013890552033
R1,R04__E1_ADAPTER_C06_MEAN__H02,R04,E1_ADAPTER_C06_MEAN,H02,u011,d1,1,success,True,10.893047651275992,381.107421875,0.2633569764346895,0.3888839583987954,0.3261204674167425,0.6578254101305233,0.5943620133505331,0.4140889907693269,0.3421745898694767
R1,R04__E1_ADAPTER_C06_MEAN__H02,R04,E1_ADAPTER_C06_MEAN,H02,u020,p22,0,success,True,61.14605827257037,1327.5888671875,0.4865488990669233,0.6429210894841193,0.5647349942755213,0.9102363936228697,0.8790398760151337,0.1226206589740691,0.08976360637713032
R1,R04__E1_ADAPTER_C06_MEAN__H02,R04,E1_ADAPTER_C06_MEAN,H02,u021,p22,1,success,True,60.785858104005456,1328.328125,0.4442581395975511,0.6135340202546379,0.5288960799260944,0.9160197910940077,0.8830899663648978,0.11846694148201589,0.08398020890599234
R1,R05__E0_ADAPTER_ONLY__H01,R05,E0_ADAPTER_ONLY,H01,u000,a1,0,success,True,11.772538263350725,398.33056640625,0.23954752718536254,0.36459928900350097,0.30207340809443173,0.6372724646056053,0.5875894941542344,0.4227397292620358,0.36272753539439473
R1,R05__E0_ADAPTER_ONLY__H01,R05,E0_ADAPTER_ONLY,H01,u001,a1,1,success,True,11.913762064650655,391.33740234375,0.22372326102552517,0.37330414673570067,0.29851370388061294,0.6125975151690263,0.5426514306966193,0.46702831023195107,0.3874024848309737
R1,R05__E0_ADAPTER_ONLY__H01,R05,E0_ADAPTER_ONLY,H01,u005,tonsil,0,success,True,14.67464811168611,434.78125,0.13311680033933915,0.25329556529435143,0.1932061828168453,0.7153993403906916,0.5877973106558385,0.40980029965743403,0.28460065960930836
R1,R05__E0_ADAPTER_ONLY__H01,R05,E0_ADAPTER_ONLY,H01,u006,tonsil,1,success,True,14.490053793415427,438.892578125,0.190105956239395,0.2700313268293822,0.2300686415343886,0.7073502617680297,0.6064218380542903,0.3920678896959699,0.29264973823197027
R1,R05__E0_ADAPTER_ONLY__H01,R05,E0_ADAPTER_ONLY,H01,u010,d1,0,success,True,11.178709218278527,386.04833984375,0.2078447504592447,0.3424478924959825,0.2751463214776136,0.6805771763860615,0.6409517745158273,0.3662097467309452,0.3194228236139385
R1,R05__E0_ADAPTER_ONLY__H01,R05,E0_ADAPTER_ONLY,H01,u011,d1,1,success,True,11.292084457352757,386.029296875,0.21770487341155842,0.35233327504833,0.2850190742299442,0.6447132079990421,0.5789801792256355,0.4287949988737174,0.3552867920009579
R1,R05__E0_ADAPTER_ONLY__H01,R05,E0_ADAPTER_ONLY,H01,u020,p22,0,success,True,61.04424177482724,1354.75341796875,0.3526046659153071,0.532580619869231,0.4425926428922691,0.8495656954370533,0.782426742168298,0.21808023789741657,0.1504343045629467
R1,R05__E0_ADAPTER_ONLY__H01,R05,E0_ADAPTER_ONLY,H01,u021,p22,1,success,True,60.07181429490447,1355.47509765625,0.392282300596785,0.5600279926277231,0.476155146612254,0.8549532710280374,0.7998125441036205,0.20220480036845914,0.14504672897196258
R1,R05__E0_ADAPTER_ONLY__H02,R05,E0_ADAPTER_ONLY,H02,u000,a1,0,success,True,11.772538263350725,398.33056640625,0.23954752718536254,0.36459928900350097,0.30207340809443173,0.6372724646056053,0.5875894941542344,0.4227397292620358,0.36272753539439473
R1,R05__E0_ADAPTER_ONLY__H02,R05,E0_ADAPTER_ONLY,H02,u001,a1,1,success,True,11.913762064650655,391.33740234375,0.22372326102552517,0.37330414673570067,0.29851370388061294,0.6125975151690263,0.5426514306966193,0.46702831023195107,0.3874024848309737
R1,R05__E0_ADAPTER_ONLY__H02,R05,E0_ADAPTER_ONLY,H02,u005,tonsil,0,success,True,14.67464811168611,434.78125,0.13311680033933915,0.25329556529435143,0.1932061828168453,0.7153993403906916,0.5877973106558385,0.40980029965743403,0.28460065960930836
R1,R05__E0_ADAPTER_ONLY__H02,R05,E0_ADAPTER_ONLY,H02,u006,tonsil,1,success,True,14.490053793415427,438.892578125,0.190105956239395,0.2700313268293822,0.2300686415343886,0.7073502617680297,0.6064218380542903,0.3920678896959699,0.29264973823197027
R1,R05__E0_ADAPTER_ONLY__H02,R05,E0_ADAPTER_ONLY,H02,u010,d1,0,success,True,11.178709218278527,386.04833984375,0.2078447504592447,0.3424478924959825,0.2751463214776136,0.6805771763860615,0.6409517745158273,0.3662097467309452,0.3194228236139385
R1,R05__E0_ADAPTER_ONLY__H02,R05,E0_ADAPTER_ONLY,H02,u011,d1,1,success,True,11.292084457352757,386.029296875,0.21770487341155842,0.35233327504833,0.2850190742299442,0.6447132079990421,0.5789801792256355,0.4287949988737174,0.3552867920009579
R1,R05__E0_ADAPTER_ONLY__H02,R05,E0_ADAPTER_ONLY,H02,u020,p22,0,success,True,61.04424177482724,1354.75341796875,0.3526046659153071,0.532580619869231,0.4425926428922691,0.8495656954370533,0.782426742168298,0.21808023789741657,0.1504343045629467
R1,R05__E0_ADAPTER_ONLY__H02,R05,E0_ADAPTER_ONLY,H02,u021,p22,1,success,True,60.07181429490447,1355.47509765625,0.392282300596785,0.5600279926277231,0.476155146612254,0.8549532710280374,0.7998125441036205,0.20220480036845914,0.14504672897196258
R1,R05__E1_ADAPTER_C06_MEAN__H01,R05,E1_ADAPTER_C06_MEAN,H01,u000,a1,0,success,True,11.772538263350725,398.33056640625,0.25909628789688366,0.39579609528270515,0.3274461915897944,0.6337185784455359,0.5718563545295023,0.4398964631055907,0.3662814215544641
R1,R05__E1_ADAPTER_C06_MEAN__H01,R05,E1_ADAPTER_C06_MEAN,H01,u001,a1,1,success,True,11.913762064650655,391.33740234375,0.24755003945094692,0.3903920266251721,0.3189710330380595,0.6418665125686218,0.5795943137981099,0.4326525525263839,0.3581334874313782
R1,R05__E1_ADAPTER_C06_MEAN__H01,R05,E1_ADAPTER_C06_MEAN,H01,u005,tonsil,0,success,True,14.67464811168611,434.78125,0.15040120735113835,0.25933319197576093,0.20486719966344963,0.7067044904172144,0.5758163735729265,0.42068342224138,0.2932955095827856
R1,R05__E1_ADAPTER_C06_MEAN__H01,R05,E1_ADAPTER_C06_MEAN,H01,u006,tonsil,1,success,True,14.490053793415427,438.892578125,0.14920252100171968,0.2709538191838991,0.21007817009280938,0.7061509721165156,0.5729549487749288,0.42345981801239857,0.29384902788348444
R1,R05__E1_ADAPTER_C06_MEAN__H01,R05,E1_ADAPTER_C06_MEAN,H01,u010,d1,0,success,True,11.178709218278527,386.04833984375,0.22781817636267374,0.3733131443285606,0.30056566034561716,0.6684828164291702,0.6183266741822935,0.3909866685714692,0.3315171835708298
R1,R05__E1_ADAPTER_C06_MEAN__H01,R05,E1_ADAPTER_C06_MEAN,H01,u011,d1,1,success,True,11.292084457352757,386.029296875,0.2623102364258917,0.38185323474600963,0.32208173558595066,0.6492036881810561,0.582254220992634,0.426152136408518,0.3507963118189439
R1,R05__E1_ADAPTER_C06_MEAN__H01,R05,E1_ADAPTER_C06_MEAN,H01,u020,p22,0,success,True,61.04424177482724,1354.75341796875,0.39001595852432264,0.575714440607987,0.4828651995661548,0.8883122594832326,0.8272789685422371,0.17400814299219797,0.11168774051676744
R1,R05__E1_ADAPTER_C06_MEAN__H01,R05,E1_ADAPTER_C06_MEAN,H01,u021,p22,1,success,True,60.07181429490447,1355.47509765625,0.43684232002609674,0.5993332015792898,0.5180877608026933,0.8982847718526663,0.8452050608282877,0.1556342518590821,0.10171522814733369
R1,R05__E1_ADAPTER_C06_MEAN__H02,R05,E1_ADAPTER_C06_MEAN,H02,u000,a1,0,success,True,11.772538263350725,398.33056640625,0.25909628789688366,0.39579609528270515,0.3274461915897944,0.6337185784455359,0.5718563545295023,0.4398964631055907,0.3662814215544641
R1,R05__E1_ADAPTER_C06_MEAN__H02,R05,E1_ADAPTER_C06_MEAN,H02,u001,a1,1,success,True,11.913762064650655,391.33740234375,0.24755003945094692,0.3903920266251721,0.3189710330380595,0.6418665125686218,0.5795943137981099,0.4326525525263839,0.3581334874313782
R1,R05__E1_ADAPTER_C06_MEAN__H02,R05,E1_ADAPTER_C06_MEAN,H02,u005,tonsil,0,success,True,14.67464811168611,434.78125,0.15040120735113835,0.25933319197576093,0.20486719966344963,0.7067044904172144,0.5758163735729265,0.42068342224138,0.2932955095827856
R1,R05__E1_ADAPTER_C06_MEAN__H02,R05,E1_ADAPTER_C06_MEAN,H02,u006,tonsil,1,success,True,14.490053793415427,438.892578125,0.14920252100171968,0.2709538191838991,0.21007817009280938,0.7061509721165156,0.5729549487749288,0.42345981801239857,0.29384902788348444
R1,R05__E1_ADAPTER_C06_MEAN__H02,R05,E1_ADAPTER_C06_MEAN,H02,u010,d1,0,success,True,11.178709218278527,386.04833984375,0.22781817636267374,0.3733131443285606,0.30056566034561716,0.6684828164291702,0.6183266741822935,0.3909866685714692,0.3315171835708298
R1,R05__E1_ADAPTER_C06_MEAN__H02,R05,E1_ADAPTER_C06_MEAN,H02,u011,d1,1,success,True,11.292084457352757,386.029296875,0.2623102364258917,0.38185323474600963,0.32208173558595066,0.6492036881810561,0.582254220992634,0.426152136408518,0.3507963118189439
R1,R05__E1_ADAPTER_C06_MEAN__H02,R05,E1_ADAPTER_C06_MEAN,H02,u020,p22,0,success,True,61.04424177482724,1354.75341796875,0.39001595852432264,0.575714440607987,0.4828651995661548,0.8883122594832326,0.8272789685422371,0.17400814299219797,0.11168774051676744
R1,R05__E1_ADAPTER_C06_MEAN__H02,R05,E1_ADAPTER_C06_MEAN,H02,u021,p22,1,success,True,60.07181429490447,1355.47509765625,0.43684232002609674,0.5993332015792898,0.5180877608026933,0.8982847718526663,0.8452050608282877,0.1556342518590821,0.10171522814733369
R1,R06__E0_ADAPTER_ONLY__H01,R06,E0_ADAPTER_ONLY,H01,u000,a1,0,success,True,11.857662118971348,393.3994140625,0.26163166483816097,0.3924864955967816,0.3270590802174713,0.6476740826350765,0.5928957796888192,0.41865117774355404,0.35232591736492347
R1,R06__E0_ADAPTER_ONLY__H01,R06,E0_ADAPTER_ONLY,H01,u001,a1,1,success,True,12.34171020053327,386.40625,0.2522440754648003,0.3867963894722319,0.31952023246851613,0.6611095059231435,0.6001857754059583,0.41218764375379546,0.33889049407685645
R1,R06__E0_ADAPTER_ONLY__H01,R06,E0_ADAPTER_ONLY,H01,u005,tonsil,0,success,True,14.878435658290982,428.552734375,0.15025949910792905,0.26033195360376826,0.20529572635584864,0.7121012938490279,0.5749798592460656,0.4214602050923019,0.28789870615097213
R1,R06__E0_ADAPTER_ONLY__H01,R06,E0_ADAPTER_ONLY,H01,u006,tonsil,1,success,True,14.77482270821929,432.6640625,0.1474156560493952,0.2700536829550841,0.20873466950223962,0.7248552780276298,0.5832960690270934,0.4140143977629036,0.27514472197237017
R1,R06__E0_ADAPTER_ONLY__H01,R06,E0_ADAPTER_ONLY,H01,u010,d1,0,success,True,11.579662280157208,381.29296875,0.266264649812467,0.3849781203201685,0.32562138506631777,0.6674051011854868,0.6112421925604592,0.3985612397997723,0.3325948988145132
R1,R06__E0_ADAPTER_ONLY__H01,R06,E0_ADAPTER_ONLY,H01,u011,d1,1,success,True,11.850965183228254,381.27392578125,0.25734437294578605,0.37984514328625224,0.3185947581160191,0.6556101065740629,0.5937485431280475,0.4140143878523472,0.34438989342593707
R1,R06__E0_ADAPTER_ONLY__H01,R06,E0_ADAPTER_ONLY,H01,u020,p22,0,success,True,61.49565229937434,1327.99267578125,0.47255053443864775,0.6298393447540693,0.5511949395963586,0.9185926333150083,0.9014172046591832,0.10148252137310153,0.08140736668499171
R1,R06__E0_ADAPTER_ONLY__H01,R06,E0_ADAPTER_ONLY,H01,u021,p22,1,success,True,61.588743072003126,1328.73193359375,0.40985980972029573,0.5916492643209029,0.5007545370205994,0.9192523364485982,0.897738805724281,0.10593166132820077,0.08074766355140184
R1,R06__E0_ADAPTER_ONLY__H02,R06,E0_ADAPTER_ONLY,H02,u000,a1,0,success,True,11.857662118971348,393.3994140625,0.26163166483816097,0.3924864955967816,0.3270590802174713,0.6476740826350765,0.5928957796888192,0.41865117774355404,0.35232591736492347
R1,R06__E0_ADAPTER_ONLY__H02,R06,E0_ADAPTER_ONLY,H02,u001,a1,1,success,True,12.34171020053327,386.40625,0.2522440754648003,0.3867963894722319,0.31952023246851613,0.6611095059231435,0.6001857754059583,0.41218764375379546,0.33889049407685645
R1,R06__E0_ADAPTER_ONLY__H02,R06,E0_ADAPTER_ONLY,H02,u005,tonsil,0,success,True,14.878435658290982,428.552734375,0.15025949910792905,0.26033195360376826,0.20529572635584864,0.7121012938490279,0.5749798592460656,0.4214602050923019,0.28789870615097213
R1,R06__E0_ADAPTER_ONLY__H02,R06,E0_ADAPTER_ONLY,H02,u006,tonsil,1,success,True,14.77482270821929,432.6640625,0.1474156560493952,0.2700536829550841,0.20873466950223962,0.7248552780276298,0.5832960690270934,0.4140143977629036,0.27514472197237017
R1,R06__E0_ADAPTER_ONLY__H02,R06,E0_ADAPTER_ONLY,H02,u010,d1,0,success,True,11.579662280157208,381.29296875,0.266264649812467,0.3849781203201685,0.32562138506631777,0.6674051011854868,0.6112421925604592,0.3985612397997723,0.3325948988145132
R1,R06__E0_ADAPTER_ONLY__H02,R06,E0_ADAPTER_ONLY,H02,u011,d1,1,success,True,11.850965183228254,381.27392578125,0.25734437294578605,0.37984514328625224,0.3185947581160191,0.6556101065740629,0.5937485431280475,0.4140143878523472,0.34438989342593707
R1,R06__E0_ADAPTER_ONLY__H02,R06,E0_ADAPTER_ONLY,H02,u020,p22,0,success,True,61.49565229937434,1327.99267578125,0.47255053443864775,0.6298393447540693,0.5511949395963586,0.9185926333150083,0.9014172046591832,0.10148252137310153,0.08140736668499171
R1,R06__E0_ADAPTER_ONLY__H02,R06,E0_ADAPTER_ONLY,H02,u021,p22,1,success,True,61.588743072003126,1328.73193359375,0.40985980972029573,0.5916492643209029,0.5007545370205994,0.9192523364485982,0.897738805724281,0.10593166132820077,0.08074766355140184
R1,R06__E1_ADAPTER_C06_MEAN__H01,R06,E1_ADAPTER_C06_MEAN,H01,u000,a1,0,success,True,11.857662118971348,393.3994140625,0.2697531698100494,0.40076127396434125,0.3352572218871953,0.6418087258017914,0.5825613924184427,0.42931518285606796,0.3581912741982086
R1,R06__E1_ADAPTER_C06_MEAN__H01,R06,E1_ADAPTER_C06_MEAN,H01,u001,a1,1,success,True,12.34171020053327,386.40625,0.26126685605038436,0.39797007734255807,0.3296184666964712,0.65547529615718,0.5906525666084674,0.4215143513649492,0.34452470384281997
R1,R06__E1_ADAPTER_C06_MEAN__H01,R06,E1_ADAPTER_C06_MEAN,H01,u005,tonsil,0,success,True,14.878435658290982,428.552734375,0.14931576313662695,0.2667977911000394,0.2080567771183332,0.7087571207823059,0.5713241170659882,0.4250538904140784,0.2912428792176941
R1,R06__E1_ADAPTER_C06_MEAN__H01,R06,E1_ADAPTER_C06_MEAN,H01,u006,tonsil,1,success,True,14.77482270821929,432.6640625,0.14721907554734706,0.27023340923642464,0.20872624239188586,0.7248552780276298,0.5829023472796993,0.41417961644615825,0.27514472197237017
R1,R06__E1_ADAPTER_C06_MEAN__H01,R06,E1_ADAPTER_C06_MEAN,H01,u010,d1,0,success,True,11.579662280157208,381.29296875,0.2658528967529984,0.38840062736597064,0.32712676205948454,0.6606693809124655,0.5997249455905271,0.4103163308806061,0.3393306190875345
R1,R06__E1_ADAPTER_C06_MEAN__H01,R06,E1_ADAPTER_C06_MEAN,H01,u011,d1,1,success,True,11.850965183228254,381.27392578125,0.26287483583779114,0.3878711194830444,0.3253729776604178,0.6551011854867681,0.5934555492407189,0.41525085874281664,0.3448988145132319
R1,R06__E1_ADAPTER_C06_MEAN__H01,R06,E1_ADAPTER_C06_MEAN,H01,u020,p22,0,success,True,61.49565229937434,1327.99267578125,0.4888224905901024,0.6415054306283213,0.5651639606092118,0.9111819681143486,0.8802624472925852,0.1215373206864771,0.0888180318856514
R1,R06__E1_ADAPTER_C06_MEAN__H01,R06,E1_ADAPTER_C06_MEAN,H01,u021,p22,1,success,True,61.588743072003126,1328.73193359375,0.4222335980824309,0.5988040665755513,0.5105188323289911,0.9157229246838923,0.8805126805393537,0.12102976788165967,0.08427707531610773
R1,R06__E1_ADAPTER_C06_MEAN__H02,R06,E1_ADAPTER_C06_MEAN,H02,u000,a1,0,success,True,11.857662118971348,393.3994140625,0.2697531698100494,0.40076127396434125,0.3352572218871953,0.6418087258017914,0.5825613924184427,0.42931518285606796,0.3581912741982086
R1,R06__E1_ADAPTER_C06_MEAN__H02,R06,E1_ADAPTER_C06_MEAN,H02,u001,a1,1,success,True,12.34171020053327,386.40625,0.26126685605038436,0.39797007734255807,0.3296184666964712,0.65547529615718,0.5906525666084674,0.4215143513649492,0.34452470384281997
R1,R06__E1_ADAPTER_C06_MEAN__H02,R06,E1_ADAPTER_C06_MEAN,H02,u005,tonsil,0,success,True,14.878435658290982,428.552734375,0.14931576313662695,0.2667977911000394,0.2080567771183332,0.7087571207823059,0.5713241170659882,0.4250538904140784,0.2912428792176941
R1,R06__E1_ADAPTER_C06_MEAN__H02,R06,E1_ADAPTER_C06_MEAN,H02,u006,tonsil,1,success,True,14.77482270821929,432.6640625,0.14721907554734706,0.27023340923642464,0.20872624239188586,0.7248552780276298,0.5829023472796993,0.41417961644615825,0.27514472197237017
R1,R06__E1_ADAPTER_C06_MEAN__H02,R06,E1_ADAPTER_C06_MEAN,H02,u010,d1,0,success,True,11.579662280157208,381.29296875,0.2658528967529984,0.38840062736597064,0.32712676205948454,0.6606693809124655,0.5997249455905271,0.4103163308806061,0.3393306190875345
R1,R06__E1_ADAPTER_C06_MEAN__H02,R06,E1_ADAPTER_C06_MEAN,H02,u011,d1,1,success,True,11.850965183228254,381.27392578125,0.26287483583779114,0.3878711194830444,0.3253729776604178,0.6551011854867681,0.5934555492407189,0.41525085874281664,0.3448988145132319
R1,R06__E1_ADAPTER_C06_MEAN__H02,R06,E1_ADAPTER_C06_MEAN,H02,u020,p22,0,success,True,61.49565229937434,1327.99267578125,0.4888224905901024,0.6415054306283213,0.5651639606092118,0.9111819681143486,0.8802624472925852,0.1215373206864771,0.0888180318856514
R1,R06__E1_ADAPTER_C06_MEAN__H02,R06,E1_ADAPTER_C06_MEAN,H02,u021,p22,1,success,True,61.588743072003126,1328.73193359375,0.4222335980824309,0.5988040665755513,0.5105188323289911,0.9157229246838923,0.8805126805393537,0.12102976788165967,0.08427707531610773
R1,R07__E0_ADAPTER_ONLY__H01,R07,E0_ADAPTER_ONLY,H01,u000,a1,0,success,True,11.6728510055691,400.84521484375,0.2707321148670006,0.39007845744652936,0.330405286156765,0.6754117307136666,0.6314765781289345,0.3808172007860424,0.32458826928633344
R1,R07__E0_ADAPTER_ONLY__H01,R07,E0_ADAPTER_ONLY,H01,u001,a1,1,success,True,12.319296319037676,393.88037109375,0.24617910969438875,0.3747241773399537,0.31045164351717125,0.6954348454203987,0.646319372180759,0.3656397200219973,0.3045651545796013
R1,R07__E0_ADAPTER_ONLY__H01,R07,E0_ADAPTER_ONLY,H01,u005,tonsil,0,success,True,14.807549133896828,438.24267578125,0.1914378074718932,0.27996904550413887,0.23570342648801604,0.7257778085287945,0.6290618652121089,0.36898594421014064,0.2742221914712055
R1,R07__E0_ADAPTER_ONLY__H01,R07,E0_ADAPTER_ONLY,H01,u006,tonsil,1,success,True,14.62441254593432,442.35400390625,0.16491650588341358,0.23895163567807406,0.20193407078074382,0.7088493738324223,0.5808034452049408,0.4168177272379354,0.2911506261675777
R1,R07__E0_ADAPTER_ONLY__H01,R07,E0_ADAPTER_ONLY,H01,u010,d1,0,success,True,11.277578575536609,388.03173828125,0.23805122850817986,0.36284171104698715,0.3004464697775835,0.6925218536702191,0.6490614800392916,0.3588635173780347,0.3074781463297809
R1,R07__E0_ADAPTER_ONLY__H01,R07,E0_ADAPTER_ONLY,H01,u011,d1,1,success,True,10.985410377383232,388.0126953125,0.23790367709205468,0.35523941737941384,0.29657154723573426,0.6876721350736439,0.6328481176476025,0.37454527067995874,0.3123278649263561
R1,R07__E0_ADAPTER_ONLY__H01,R07,E0_ADAPTER_ONLY,H01,u020,p22,0,success,True,61.017269551754,1346.208984375,0.4451160938193678,0.6063576662191343,0.525736880019251,0.9168993952721275,0.8959625691086364,0.10742216038257216,0.0831006047278725
R1,R07__E0_ADAPTER_ONLY__H01,R07,E0_ADAPTER_ONLY,H01,u021,p22,1,success,True,60.65338949672878,1346.9248046875,0.42608644829241127,0.6081302522747921,0.5171083502836017,0.919494227597581,0.9009688826984286,0.10243186148425204,0.08050577240241896
R1,R07__E0_ADAPTER_ONLY__H02,R07,E0_ADAPTER_ONLY,H02,u000,a1,0,success,True,11.6728510055691,400.84521484375,0.2707321148670006,0.39007845744652936,0.330405286156765,0.6754117307136666,0.6314765781289345,0.3808172007860424,0.32458826928633344
R1,R07__E0_ADAPTER_ONLY__H02,R07,E0_ADAPTER_ONLY,H02,u001,a1,1,success,True,12.319296319037676,393.88037109375,0.24617910969438875,0.3747241773399537,0.31045164351717125,0.6954348454203987,0.646319372180759,0.3656397200219973,0.3045651545796013
R1,R07__E0_ADAPTER_ONLY__H02,R07,E0_ADAPTER_ONLY,H02,u005,tonsil,0,success,True,14.807549133896828,438.24267578125,0.1914378074718932,0.27996904550413887,0.23570342648801604,0.7257778085287945,0.6290618652121089,0.36898594421014064,0.2742221914712055
R1,R07__E0_ADAPTER_ONLY__H02,R07,E0_ADAPTER_ONLY,H02,u006,tonsil,1,success,True,14.62441254593432,442.35400390625,0.16491650588341358,0.23895163567807406,0.20193407078074382,0.7088493738324223,0.5808034452049408,0.4168177272379354,0.2911506261675777
R1,R07__E0_ADAPTER_ONLY__H02,R07,E0_ADAPTER_ONLY,H02,u010,d1,0,success,True,11.277578575536609,388.03173828125,0.23805122850817986,0.36284171104698715,0.3004464697775835,0.6925218536702191,0.6490614800392916,0.3588635173780347,0.3074781463297809
R1,R07__E0_ADAPTER_ONLY__H02,R07,E0_ADAPTER_ONLY,H02,u011,d1,1,success,True,10.985410377383232,388.0126953125,0.23790367709205468,0.35523941737941384,0.29657154723573426,0.6876721350736439,0.6328481176476025,0.37454527067995874,0.3123278649263561
R1,R07__E0_ADAPTER_ONLY__H02,R07,E0_ADAPTER_ONLY,H02,u020,p22,0,success,True,61.017269551754,1346.208984375,0.4451160938193678,0.6063576662191343,0.525736880019251,0.9168993952721275,0.8959625691086364,0.10742216038257216,0.0831006047278725
R1,R07__E0_ADAPTER_ONLY__H02,R07,E0_ADAPTER_ONLY,H02,u021,p22,1,success,True,60.65338949672878,1346.9248046875,0.42608644829241127,0.6081302522747921,0.5171083502836017,0.919494227597581,0.9009688826984286,0.10243186148425204,0.08050577240241896
R1,R07__E1_ADAPTER_C06_MEAN__H01,R07,E1_ADAPTER_C06_MEAN,H01,u000,a1,0,success,True,11.6728510055691,400.84521484375,0.2662873738397136,0.3993382928348175,0.3328128333372655,0.652701531349321,0.5943244141731668,0.4177255816892528,0.34729846865067904
R1,R07__E1_ADAPTER_C06_MEAN__H01,R07,E1_ADAPTER_C06_MEAN,H01,u001,a1,1,success,True,12.319296319037676,393.88037109375,0.2556588267825026,0.394481656567021,0.32507024167476184,0.6644322450158914,0.6009853115848399,0.41117301270841156,0.3355677549841086
R1,R07__E1_ADAPTER_C06_MEAN__H01,R07,E1_ADAPTER_C06_MEAN,H01,u005,tonsil,0,success,True,14.807549133896828,438.24267578125,0.18991580596509283,0.2805741762651023,0.23524499111509756,0.7140155446389447,0.6150462775622791,0.383790879168358,0.2859844553610553
R1,R07__E1_ADAPTER_C06_MEAN__H01,R07,E1_ADAPTER_C06_MEAN,H01,u006,tonsil,1,success,True,14.62441254593432,442.35400390625,0.1397815481647113,0.2624191738619734,0.20110036101334233,0.7228026476625383,0.5864155753247143,0.41102044058775344,0.2771973523374617
R1,R07__E1_ADAPTER_C06_MEAN__H01,R07,E1_ADAPTER_C06_MEAN,H01,u010,d1,0,success,True,11.277578575536609,388.03173828125,0.2611895136201862,0.3859940479317992,0.3235917807759927,0.670638246916537,0.6104106432508721,0.3992726599957754,0.32936175308346305
R1,R07__E1_ADAPTER_C06_MEAN__H01,R07,E1_ADAPTER_C06_MEAN,H01,u011,d1,1,success,True,10.985410377383232,388.0126953125,0.2662781271392001,0.38884222103215826,0.32756017408567917,0.6597712848760627,0.5959308536618912,0.41242914833444394,0.34022871512393726
R1,R07__E1_ADAPTER_C06_MEAN__H01,R07,E1_ADAPTER_C06_MEAN,H01,u020,p22,0,success,True,61.017269551754,1346.208984375,0.47075836438777807,0.6243117745606036,0.5475350694741908,0.9127542605827378,0.8799399498777397,0.12125033833078386,0.08724573941726221
R1,R07__E1_ADAPTER_C06_MEAN__H01,R07,E1_ADAPTER_C06_MEAN,H01,u021,p22,1,success,True,60.65338949672878,1346.9248046875,0.44548410226178703,0.6137989124354755,0.5296415073486312,0.9176360637713029,0.8842632368022395,0.11711132786847586,0.08236393622869709
R1,R07__E1_ADAPTER_C06_MEAN__H02,R07,E1_ADAPTER_C06_MEAN,H02,u000,a1,0,success,True,11.6728510055691,400.84521484375,0.2662873738397136,0.3993382928348175,0.3328128333372655,0.652701531349321,0.5943244141731668,0.4177255816892528,0.34729846865067904
R1,R07__E1_ADAPTER_C06_MEAN__H02,R07,E1_ADAPTER_C06_MEAN,H02,u001,a1,1,success,True,12.319296319037676,393.88037109375,0.2556588267825026,0.394481656567021,0.32507024167476184,0.6644322450158914,0.6009853115848399,0.41117301270841156,0.3355677549841086
R1,R07__E1_ADAPTER_C06_MEAN__H02,R07,E1_ADAPTER_C06_MEAN,H02,u005,tonsil,0,success,True,14.807549133896828,438.24267578125,0.18991580596509283,0.2805741762651023,0.23524499111509756,0.7140155446389447,0.6150462775622791,0.383790879168358,0.2859844553610553
R1,R07__E1_ADAPTER_C06_MEAN__H02,R07,E1_ADAPTER_C06_MEAN,H02,u006,tonsil,1,success,True,14.62441254593432,442.35400390625,0.1397815481647113,0.2624191738619734,0.20110036101334233,0.7228026476625383,0.5864155753247143,0.41102044058775344,0.2771973523374617
R1,R07__E1_ADAPTER_C06_MEAN__H02,R07,E1_ADAPTER_C06_MEAN,H02,u010,d1,0,success,True,11.277578575536609,388.03173828125,0.2611895136201862,0.3859940479317992,0.3235917807759927,0.670638246916537,0.6104106432508721,0.3992726599957754,0.32936175308346305
R1,R07__E1_ADAPTER_C06_MEAN__H02,R07,E1_ADAPTER_C06_MEAN,H02,u011,d1,1,success,True,10.985410377383232,388.0126953125,0.2662781271392001,0.38884222103215826,0.32756017408567917,0.6597712848760627,0.5959308536618912,0.41242914833444394,0.34022871512393726
R1,R07__E1_ADAPTER_C06_MEAN__H02,R07,E1_ADAPTER_C06_MEAN,H02,u020,p22,0,success,True,61.017269551754,1346.208984375,0.47075836438777807,0.6243117745606036,0.5475350694741908,0.9127542605827378,0.8799399498777397,0.12125033833078386,0.08724573941726221
R1,R07__E1_ADAPTER_C06_MEAN__H02,R07,E1_ADAPTER_C06_MEAN,H02,u021,p22,1,success,True,60.65338949672878,1346.9248046875,0.44548410226178703,0.6137989124354755,0.5296415073486312,0.9176360637713029,0.8842632368022395,0.11711132786847586,0.08236393622869709
R1,R08__E0_ADAPTER_ONLY__H01,R08,E0_ADAPTER_ONLY,H01,u000,a1,0,success,True,11.636497842147946,400.845703125,0.2716256844518254,0.39327122064804126,0.3324484525499333,0.6677260907252239,0.6249465986451587,0.3874270490365259,0.33227390927477607
R1,R08__E0_ADAPTER_ONLY__H01,R08,E0_ADAPTER_ONLY,H01,u001,a1,1,success,True,11.602192578837276,393.880859375,0.2551725349970419,0.3823232394769558,0.3187478872369989,0.6891360878358855,0.6349038177084056,0.37644906652111965,0.31086391216411446
R1,R08__E0_ADAPTER_ONLY__H01,R08,E0_ADAPTER_ONLY,H01,u005,tonsil,0,success,True,14.716609803959727,438.2431640625,0.19466343374722564,0.2824338170125536,0.23854862537988963,0.721557231485966,0.6239304329692994,0.37413193180448673,0.27844276851403404
R1,R08__E0_ADAPTER_ONLY__H01,R08,E0_ADAPTER_ONLY,H01,u006,tonsil,1,success,True,14.441830163821578,442.4208984375,0.19306968932758267,0.28322205547354984,0.23814587240056626,0.7221107497866648,0.6248396182111183,0.3737836715609709,0.2778892502133352
R1,R08__E0_ADAPTER_ONLY__H01,R08,E0_ADAPTER_ONLY,H01,u010,d1,0,success,True,11.417910546064377,388.0322265625,0.21882698096705208,0.35057806239201106,0.2847025216795316,0.6895880732846366,0.6470220713492747,0.3603143773723603,0.31041192671536344
R1,R08__E0_ADAPTER_ONLY__H01,R08,E0_ADAPTER_ONLY,H01,u011,d1,1,success,True,11.453546417877078,388.01318359375,0.2434554453431608,0.3608030181012427,0.30212923172220174,0.685786133397198,0.6310318648244206,0.3766292214756862,0.31421386660280204
R1,R08__E0_ADAPTER_ONLY__H01,R08,E0_ADAPTER_ONLY,H01,u020,p22,0,success,True,61.64315502345562,1346.20947265625,0.4617603213754249,0.6273926514857404,0.5445764864305827,0.9183947223749312,0.9066813269943749,0.09712848579460613,0.08160527762506875
R1,R08__E0_ADAPTER_ONLY__H01,R08,E0_ADAPTER_ONLY,H01,u021,p22,1,scientific_numerical_failure,False,61.65465293265879,1346.92529296875,,,,,,,
R1,R08__E0_ADAPTER_ONLY__H02,R08,E0_ADAPTER_ONLY,H02,u000,a1,0,success,True,11.636497842147946,400.845703125,0.2716256844518254,0.39327122064804126,0.3324484525499333,0.6677260907252239,0.6249465986451587,0.3874270490365259,0.33227390927477607
R1,R08__E0_ADAPTER_ONLY__H02,R08,E0_ADAPTER_ONLY,H02,u001,a1,1,success,True,11.602192578837276,393.880859375,0.2551725349970419,0.3823232394769558,0.3187478872369989,0.6891360878358855,0.6349038177084056,0.37644906652111965,0.31086391216411446
R1,R08__E0_ADAPTER_ONLY__H02,R08,E0_ADAPTER_ONLY,H02,u005,tonsil,0,success,True,14.716609803959727,438.2431640625,0.19466343374722564,0.2824338170125536,0.23854862537988963,0.721557231485966,0.6239304329692994,0.37413193180448673,0.27844276851403404
R1,R08__E0_ADAPTER_ONLY__H02,R08,E0_ADAPTER_ONLY,H02,u006,tonsil,1,success,True,14.441830163821578,442.4208984375,0.19306968932758267,0.28322205547354984,0.23814587240056626,0.7221107497866648,0.6248396182111183,0.3737836715609709,0.2778892502133352
R1,R08__E0_ADAPTER_ONLY__H02,R08,E0_ADAPTER_ONLY,H02,u010,d1,0,success,True,11.417910546064377,388.0322265625,0.21882698096705208,0.35057806239201106,0.2847025216795316,0.6895880732846366,0.6470220713492747,0.3603143773723603,0.31041192671536344
R1,R08__E0_ADAPTER_ONLY__H02,R08,E0_ADAPTER_ONLY,H02,u011,d1,1,success,True,11.453546417877078,388.01318359375,0.2434554453431608,0.3608030181012427,0.30212923172220174,0.685786133397198,0.6310318648244206,0.3766292214756862,0.31421386660280204
R1,R08__E0_ADAPTER_ONLY__H02,R08,E0_ADAPTER_ONLY,H02,u020,p22,0,success,True,61.64315502345562,1346.20947265625,0.4617603213754249,0.6273926514857404,0.5445764864305827,0.9183947223749312,0.9066813269943749,0.09712848579460613,0.08160527762506875
R1,R08__E0_ADAPTER_ONLY__H02,R08,E0_ADAPTER_ONLY,H02,u021,p22,1,scientific_numerical_failure,False,61.65465293265879,1346.92529296875,,,,,,,
R1,R08__E1_ADAPTER_C06_MEAN__H01,R08,E1_ADAPTER_C06_MEAN,H01,u000,a1,0,success,True,11.636497842147946,400.845703125,0.2706008888706638,0.40391898532904497,0.33725993709985436,0.6475585091014158,0.5913306917605796,0.42068052416894375,0.35244149089858423
R1,R08__E1_ADAPTER_C06_MEAN__H01,R08,E1_ADAPTER_C06_MEAN,H01,u001,a1,1,success,True,11.602192578837276,393.880859375,0.25833519150257267,0.39795304726870434,0.3281441193856385,0.6610806125397284,0.5971078142984586,0.41495529898500844,0.3389193874602716
R1,R08__E1_ADAPTER_C06_MEAN__H01,R08,E1_ADAPTER_C06_MEAN,H01,u005,tonsil,0,success,True,14.716609803959727,438.2431640625,0.18617043158143795,0.2786631536314857,0.2324167926064618,0.711916787748795,0.612089415723496,0.38676937028287217,0.28808321225120503
R1,R08__E1_ADAPTER_C06_MEAN__H01,R08,E1_ADAPTER_C06_MEAN,H01,u006,tonsil,1,success,True,14.441830163821578,442.4208984375,0.13908822241122804,0.26417490196313037,0.2016315621871792,0.721372725385733,0.5864254631006381,0.4109015378450147,0.27862727461426695
R1,R08__E1_ADAPTER_C06_MEAN__H01,R08,E1_ADAPTER_C06_MEAN,H01,u010,d1,0,success,True,11.417910546064377,388.0322265625,0.26098405156031984,0.38315760520333086,0.3220708283818253,0.6671057358400192,0.6073983211883698,0.4023705569706132,0.3328942641599808
R1,R08__E1_ADAPTER_C06_MEAN__H01,R08,E1_ADAPTER_C06_MEAN,H01,u011,d1,1,success,True,11.453546417877078,388.01318359375,0.26561642258222173,0.38919475812318827,0.327405590352705,0.658484013890552,0.5961776985336413,0.41222348628121547,0.341515986109448
R1,R08__E1_ADAPTER_C06_MEAN__H01,R08,E1_ADAPTER_C06_MEAN,H01,u020,p22,0,success,True,61.64315502345562,1346.20947265625,0.4842519887629372,0.640721265412138,0.5624866270875376,0.9093787795492029,0.8786141125834954,0.1229961778672753,0.09062122045079712
R1,R08__E1_ADAPTER_C06_MEAN__H01,R08,E1_ADAPTER_C06_MEAN,H01,u021,p22,1,success,True,61.65465293265879,1346.92529296875,0.4516573330830024,0.6169899464354227,0.5343236397592126,0.9157229246838923,0.8825429307137815,0.1189376741725103,0.08427707531610773
R1,R08__E1_ADAPTER_C06_MEAN__H02,R08,E1_ADAPTER_C06_MEAN,H02,u000,a1,0,success,True,11.636497842147946,400.845703125,0.2706008888706638,0.40391898532904497,0.33725993709985436,0.6475585091014158,0.5913306917605796,0.42068052416894375,0.35244149089858423
R1,R08__E1_ADAPTER_C06_MEAN__H02,R08,E1_ADAPTER_C06_MEAN,H02,u001,a1,1,success,True,11.602192578837276,393.880859375,0.25833519150257267,0.39795304726870434,0.3281441193856385,0.6610806125397284,0.5971078142984586,0.41495529898500844,0.3389193874602716
R1,R08__E1_ADAPTER_C06_MEAN__H02,R08,E1_ADAPTER_C06_MEAN,H02,u005,tonsil,0,success,True,14.716609803959727,438.2431640625,0.18617043158143795,0.2786631536314857,0.2324167926064618,0.711916787748795,0.612089415723496,0.38676937028287217,0.28808321225120503
R1,R08__E1_ADAPTER_C06_MEAN__H02,R08,E1_ADAPTER_C06_MEAN,H02,u006,tonsil,1,success,True,14.441830163821578,442.4208984375,0.13908822241122804,0.26417490196313037,0.2016315621871792,0.721372725385733,0.5864254631006381,0.4109015378450147,0.27862727461426695
R1,R08__E1_ADAPTER_C06_MEAN__H02,R08,E1_ADAPTER_C06_MEAN,H02,u010,d1,0,success,True,11.417910546064377,388.0322265625,0.26098405156031984,0.38315760520333086,0.3220708283818253,0.6671057358400192,0.6073983211883698,0.4023705569706132,0.3328942641599808
R1,R08__E1_ADAPTER_C06_MEAN__H02,R08,E1_ADAPTER_C06_MEAN,H02,u011,d1,1,success,True,11.453546417877078,388.01318359375,0.26561642258222173,0.38919475812318827,0.327405590352705,0.658484013890552,0.5961776985336413,0.41222348628121547,0.341515986109448
R1,R08__E1_ADAPTER_C06_MEAN__H02,R08,E1_ADAPTER_C06_MEAN,H02,u020,p22,0,success,True,61.64315502345562,1346.20947265625,0.4842519887629372,0.640721265412138,0.5624866270875376,0.9093787795492029,0.8786141125834954,0.1229961778672753,0.09062122045079712
R1,R08__E1_ADAPTER_C06_MEAN__H02,R08,E1_ADAPTER_C06_MEAN,H02,u021,p22,1,success,True,61.65465293265879,1346.92529296875,0.4516573330830024,0.6169899464354227,0.5343236397592126,0.9157229246838923,0.8825429307137815,0.1189376741725103,0.08427707531610773
R1,R09__E0_ADAPTER_ONLY__H01,R09,E0_ADAPTER_ONLY,H01,u000,a1,0,success,True,23.722030218690634,542.044921875,0.23736272676800405,0.3651832116198975,0.30127296919395075,0.6319271886737937,0.5723166300357587,0.4369976376175032,0.3680728113262063
R1,R09__E0_ADAPTER_ONLY__H01,R09,E0_ADAPTER_ONLY,H01,u001,a1,1,success,True,22.76688169129193,539.18212890625,0.22415822946732472,0.3750001882828548,0.29957920887508976,0.6105749783299624,0.5395081454724346,0.4704114846192951,0.38942502167003756
R1,R09__E0_ADAPTER_ONLY__H01,R09,E0_ADAPTER_ONLY,H01,u005,tonsil,0,success,True,28.984372653067112,722.0771484375,0.132545237368799,0.2523718801356809,0.19245855875223994,0.7151917710279296,0.5874297998914408,0.4101725282857547,0.28480822897207037
R1,R09__E0_ADAPTER_ONLY__H01,R09,E0_ADAPTER_ONLY,H01,u006,tonsil,1,success,True,29.257471280172467,723.23046875,0.18963595725286223,0.26922016192994264,0.22942805959140244,0.706612237367098,0.6050707075974269,0.39347230910628295,0.293387762632902
R1,R09__E0_ADAPTER_ONLY__H01,R09,E0_ADAPTER_ONLY,H01,u010,d1,0,success,True,23.350867871195078,513.00439453125,0.2076937086832289,0.342867802736804,0.2752807557100164,0.6774039037241049,0.6384376909609256,0.3690453237639125,0.32259609627589514
R1,R09__E0_ADAPTER_ONLY__H01,R09,E0_ADAPTER_ONLY,H01,u011,d1,1,success,True,24.209151074290276,512.984375,0.21983089985511486,0.35587205591551613,0.2878514778853155,0.6461202251227398,0.5817660716916253,0.42633642000309163,0.3538797748772602
R1,R09__E0_ADAPTER_ONLY__H01,R09,E0_ADAPTER_ONLY,H01,u020,p22,0,success,True,88.57843787968159,2555.50927734375,0.3512530835076457,0.5318637663749494,0.44155842494129754,0.84869708631116,0.7811345717472037,0.21930386688885684,0.15130291368883997
R1,R09__E0_ADAPTER_ONLY__H01,R09,E0_ADAPTER_ONLY,H01,u021,p22,1,success,True,88.13176187127829,2556.228515625,0.41143779622619664,0.5723925721856592,0.49191518420592795,0.8497306212204508,0.799558466633144,0.20304503669509483,0.15026937877954916
R1,R09__E0_ADAPTER_ONLY__H02,R09,E0_ADAPTER_ONLY,H02,u000,a1,0,success,True,23.722030218690634,542.044921875,0.23736272676800405,0.3651832116198975,0.30127296919395075,0.6319271886737937,0.5723166300357587,0.4369976376175032,0.3680728113262063
R1,R09__E0_ADAPTER_ONLY__H02,R09,E0_ADAPTER_ONLY,H02,u001,a1,1,success,True,22.76688169129193,539.18212890625,0.22415822946732472,0.3750001882828548,0.29957920887508976,0.6105749783299624,0.5395081454724346,0.4704114846192951,0.38942502167003756
R1,R09__E0_ADAPTER_ONLY__H02,R09,E0_ADAPTER_ONLY,H02,u005,tonsil,0,success,True,28.984372653067112,722.0771484375,0.132545237368799,0.2523718801356809,0.19245855875223994,0.7151917710279296,0.5874297998914408,0.4101725282857547,0.28480822897207037
R1,R09__E0_ADAPTER_ONLY__H02,R09,E0_ADAPTER_ONLY,H02,u006,tonsil,1,success,True,29.257471280172467,723.23046875,0.18963595725286223,0.26922016192994264,0.22942805959140244,0.706612237367098,0.6050707075974269,0.39347230910628295,0.293387762632902
R1,R09__E0_ADAPTER_ONLY__H02,R09,E0_ADAPTER_ONLY,H02,u010,d1,0,success,True,23.350867871195078,513.00439453125,0.2076937086832289,0.342867802736804,0.2752807557100164,0.6774039037241049,0.6384376909609256,0.3690453237639125,0.32259609627589514
R1,R09__E0_ADAPTER_ONLY__H02,R09,E0_ADAPTER_ONLY,H02,u011,d1,1,success,True,24.209151074290276,512.984375,0.21983089985511486,0.35587205591551613,0.2878514778853155,0.6461202251227398,0.5817660716916253,0.42633642000309163,0.3538797748772602
R1,R09__E0_ADAPTER_ONLY__H02,R09,E0_ADAPTER_ONLY,H02,u020,p22,0,success,True,88.57843787968159,2555.50927734375,0.3512530835076457,0.5318637663749494,0.44155842494129754,0.84869708631116,0.7811345717472037,0.21930386688885684,0.15130291368883997
R1,R09__E0_ADAPTER_ONLY__H02,R09,E0_ADAPTER_ONLY,H02,u021,p22,1,success,True,88.13176187127829,2556.228515625,0.41143779622619664,0.5723925721856592,0.49191518420592795,0.8497306212204508,0.799558466633144,0.20304503669509483,0.15026937877954916
R1,R09__E1_ADAPTER_C06_MEAN__H01,R09,E1_ADAPTER_C06_MEAN,H01,u000,a1,0,success,True,23.722030218690634,542.044921875,0.2583317289146804,0.39507221417372623,0.32670197154420333,0.6338052585957815,0.5709176091096455,0.4407482216818142,0.3661947414042185
R1,R09__E1_ADAPTER_C06_MEAN__H01,R09,E1_ADAPTER_C06_MEAN,H01,u001,a1,1,success,True,22.76688169129193,539.18212890625,0.24648057045749347,0.3892729816954546,0.317876776076474,0.6427911008379081,0.580626563171579,0.43180193372304654,0.35720889916209186
R1,R09__E1_ADAPTER_C06_MEAN__H01,R09,E1_ADAPTER_C06_MEAN,H01,u005,tonsil,0,success,True,28.984372653067112,722.0771484375,0.15138373424260573,0.26037140920430585,0.20587757172345578,0.706427731266865,0.5754770618025886,0.42106703811394763,0.293572268733135
R1,R09__E1_ADAPTER_C06_MEAN__H01,R09,E1_ADAPTER_C06_MEAN,H01,u006,tonsil,1,success,True,29.257471280172467,723.23046875,0.14858200915528935,0.27104224361965473,0.20981212638747204,0.7072810719804423,0.5742338156563336,0.42211989341156114,0.2927189280195577
R1,R09__E1_ADAPTER_C06_MEAN__H01,R09,E1_ADAPTER_C06_MEAN,H01,u010,d1,0,success,True,23.350867871195078,513.00439453125,0.2257531597365084,0.37106069261668206,0.29840692617659526,0.6674649742545803,0.6180809263702287,0.39151600505208417,0.3325350257454197
R1,R09__E1_ADAPTER_C06_MEAN__H01,R09,E1_ADAPTER_C06_MEAN,H01,u011,d1,1,success,True,24.209151074290276,512.984375,0.26257231149306237,0.3824099134539732,0.3224911124735178,0.6501616572865525,0.583789554235836,0.4245638571310608,0.3498383427134475
R1,R09__E1_ADAPTER_C06_MEAN__H01,R09,E1_ADAPTER_C06_MEAN,H01,u020,p22,0,success,True,88.57843787968159,2555.50927734375,0.38984665170841387,0.5754166507066968,0.48263165120755536,0.8875975810885102,0.8262312488938497,0.1750858899558153,0.11240241891148983
R1,R09__E1_ADAPTER_C06_MEAN__H01,R09,E1_ADAPTER_C06_MEAN,H01,u021,p22,1,success,True,88.13176187127829,2556.228515625,0.4381953103262018,0.601651415937566,0.5199233631318839,0.8986366135239142,0.8468224551132033,0.1538420172702455,0.10136338647608578
R1,R09__E1_ADAPTER_C06_MEAN__H02,R09,E1_ADAPTER_C06_MEAN,H02,u000,a1,0,success,True,23.722030218690634,542.044921875,0.2583317289146804,0.39507221417372623,0.32670197154420333,0.6338052585957815,0.5709176091096455,0.4407482216818142,0.3661947414042185
R1,R09__E1_ADAPTER_C06_MEAN__H02,R09,E1_ADAPTER_C06_MEAN,H02,u001,a1,1,success,True,22.76688169129193,539.18212890625,0.24648057045749347,0.3892729816954546,0.317876776076474,0.6427911008379081,0.580626563171579,0.43180193372304654,0.35720889916209186
R1,R09__E1_ADAPTER_C06_MEAN__H02,R09,E1_ADAPTER_C06_MEAN,H02,u005,tonsil,0,success,True,28.984372653067112,722.0771484375,0.15138373424260573,0.26037140920430585,0.20587757172345578,0.706427731266865,0.5754770618025886,0.42106703811394763,0.293572268733135
R1,R09__E1_ADAPTER_C06_MEAN__H02,R09,E1_ADAPTER_C06_MEAN,H02,u006,tonsil,1,success,True,29.257471280172467,723.23046875,0.14858200915528935,0.27104224361965473,0.20981212638747204,0.7072810719804423,0.5742338156563336,0.42211989341156114,0.2927189280195577
R1,R09__E1_ADAPTER_C06_MEAN__H02,R09,E1_ADAPTER_C06_MEAN,H02,u010,d1,0,success,True,23.350867871195078,513.00439453125,0.2257531597365084,0.37106069261668206,0.29840692617659526,0.6674649742545803,0.6180809263702287,0.39151600505208417,0.3325350257454197
R1,R09__E1_ADAPTER_C06_MEAN__H02,R09,E1_ADAPTER_C06_MEAN,H02,u011,d1,1,success,True,24.209151074290276,512.984375,0.26257231149306237,0.3824099134539732,0.3224911124735178,0.6501616572865525,0.583789554235836,0.4245638571310608,0.3498383427134475
R1,R09__E1_ADAPTER_C06_MEAN__H02,R09,E1_ADAPTER_C06_MEAN,H02,u020,p22,0,success,True,88.57843787968159,2555.50927734375,0.38984665170841387,0.5754166507066968,0.48263165120755536,0.8875975810885102,0.8262312488938497,0.1750858899558153,0.11240241891148983
R1,R09__E1_ADAPTER_C06_MEAN__H02,R09,E1_ADAPTER_C06_MEAN,H02,u021,p22,1,success,True,88.13176187127829,2556.228515625,0.4381953103262018,0.601651415937566,0.5199233631318839,0.8986366135239142,0.8468224551132033,0.1538420172702455,0.10136338647608578
