observation_id,carrier_row,array_col,array_row
AGAGAAGGATAAGGAG-1,1947,5,1
TCCGGCCTATAAGGAG-1,1946,6,1
AAGAAGCTATAAGGAG-1,1907,7,1
GAAGATCGATAAGGAG-1,1935,8,1
TCTGATACATAAGGAG-1,1571,9,1
TTATCCGGATAAGGAG-1,1801,10,1
GATACGGAATAAGGAG-1,1502,11,1
CGACGCGAATAAGGAG-1,1933,12,1
ACTATGCAATAAGGAG-1,1943,13,1
TGGTCAGCATAAGGAG-1,1762,14,1
ATCATATTATAAGGAG-1,1841,15,1
TTACCGAGATAAGGAG-1,1941,16,1
TGCCGGCAATAAGGAG-1,1671,17,1
TTATTCATATAAGGAG-1,1828,18,1
AATTAAGAATAAGGAG-1,1919,19,1
TAGATCTAATAAGGAG-1,1819,20,1
ACGGAGGCATAAGGAG-1,1938,21,1
TGCGGACCATAAGGAG-1,1910,22,1
TGAGTCTGATAAGGAG-1,1628,23,1
GCCGCAACATAAGGAG-1,1929,24,1
CCGAGAATATAAGGAG-1,1321,25,1
CTGATGGTATAAGGAG-1,1934,26,1
GATCTTACATAAGGAG-1,1945,27,1
GCGTTGGAATAAGGAG-1,1920,28,1
TCCTACCAATAAGGAG-1,1840,29,1
ACTCAATAATAAGGAG-1,1870,30,1
CTAAGAGAATAAGGAG-1,1847,31,1
AGAGCTATATAAGGAG-1,1587,32,1
TTGACTTCATAAGGAG-1,1665,33,1
GCCATTCTATAAGGAG-1,1936,34,1
AGAGAAGGCGAACGCC-1,1882,5,2
TCCGGCCTCGAACGCC-1,1865,6,2
AAGAAGCTCGAACGCC-1,1713,7,2
GAAGATCGCGAACGCC-1,1001,8,2
TCTGATACCGAACGCC-1,1338,9,2
TTATCCGGCGAACGCC-1,318,10,2
GATACGGACGAACGCC-1,441,11,2
CGACGCGACGAACGCC-1,1457,12,2
ACTATGCACGAACGCC-1,1816,13,2
TGGTCAGCCGAACGCC-1,725,14,2
ATCATATTCGAACGCC-1,1607,15,2
TTACCGAGCGAACGCC-1,1784,16,2
TGCCGGCACGAACGCC-1,1567,17,2
TTATTCATCGAACGCC-1,1845,18,2
AATTAAGACGAACGCC-1,1831,19,2
TAGATCTACGAACGCC-1,1791,20,2
ACGGAGGCCGAACGCC-1,1515,21,2
TGCGGACCCGAACGCC-1,340,22,2
TGAGTCTGCGAACGCC-1,433,23,2
GCCGCAACCGAACGCC-1,1718,24,2
CCGAGAATCGAACGCC-1,1068,25,2
CTGATGGTCGAACGCC-1,1903,26,2
GATCTTACCGAACGCC-1,1837,27,2
GCGTTGGACGAACGCC-1,900,28,2
TCCTACCACGAACGCC-1,1314,29,2
ACTCAATACGAACGCC-1,1765,30,2
CTAAGAGACGAACGCC-1,1504,31,2
AGAGCTATCGAACGCC-1,632,32,2
TTGACTTCCGAACGCC-1,972,33,2
GCCATTCTCGAACGCC-1,684,34,2
TAGAATTACGAACGCC-1,978,35,2
GGTACTGCCGAACGCC-1,1704,36,2
CATACTCCGGCTGAGC-1,1901,4,3
AGAGAAGGGGCTGAGC-1,1902,5,3
TCCGGCCTGGCTGAGC-1,1374,6,3
AAGAAGCTGGCTGAGC-1,1577,7,3
GAAGATCGGGCTGAGC-1,451,8,3
TCTGATACGGCTGAGC-1,893,9,3
TTATCCGGGGCTGAGC-1,535,10,3
GATACGGAGGCTGAGC-1,976,11,3
CGACGCGAGGCTGAGC-1,1803,12,3
ACTATGCAGGCTGAGC-1,1885,13,3
TGGTCAGCGGCTGAGC-1,905,14,3
ATCATATTGGCTGAGC-1,1932,15,3
TTACCGAGGGCTGAGC-1,1249,16,3
TGCCGGCAGGCTGAGC-1,1379,17,3
TTATTCATGGCTGAGC-1,1899,18,3
AATTAAGAGGCTGAGC-1,1905,19,3
TAGATCTAGGCTGAGC-1,1684,20,3
ACGGAGGCGGCTGAGC-1,810,21,3
TGCGGACCGGCTGAGC-1,349,22,3
TGAGTCTGGGCTGAGC-1,360,23,3
GCCGCAACGGCTGAGC-1,1723,24,3
CCGAGAATGGCTGAGC-1,1716,25,3
CTGATGGTGGCTGAGC-1,1881,26,3
GATCTTACGGCTGAGC-1,1822,27,3
GCGTTGGAGGCTGAGC-1,1111,28,3
TCCTACCAGGCTGAGC-1,426,29,3
ACTCAATAGGCTGAGC-1,1656,30,3
CTAAGAGAGGCTGAGC-1,1214,31,3
AGAGCTATGGCTGAGC-1,1772,32,3
TTGACTTCGGCTGAGC-1,676,33,3
GCCATTCTGGCTGAGC-1,819,34,3
TAGAATTAGGCTGAGC-1,1084,35,3
GGTACTGCGGCTGAGC-1,297,36,3
CTTGCGCCGGCTGAGC-1,859,37,3
CATACTCCCCGATTCC-1,1769,4,4
AGAGAAGGCCGATTCC-1,1894,5,4
TCCGGCCTCCGATTCC-1,1833,6,4
AAGAAGCTCCGATTCC-1,867,7,4
GAAGATCGCCGATTCC-1,507,8,4
TCTGATACCCGATTCC-1,1308,9,4
TTATCCGGCCGATTCC-1,1593,10,4
GATACGGACCGATTCC-1,457,11,4
CGACGCGACCGATTCC-1,667,12,4
ACTATGCACCGATTCC-1,1880,13,4
TGGTCAGCCCGATTCC-1,745,14,4
ATCATATTCCGATTCC-1,1911,15,4
TTACCGAGCCGATTCC-1,700,16,4
TGCCGGCACCGATTCC-1,696,17,4
TTATTCATCCGATTCC-1,1872,18,4
AATTAAGACCGATTCC-1,1543,19,4
TAGATCTACCGATTCC-1,1858,20,4
ACGGAGGCCCGATTCC-1,933,21,4
TGCGGACCCCGATTCC-1,1037,22,4
TGAGTCTGCCGATTCC-1,105,23,4
GCCGCAACCCGATTCC-1,1778,24,4
CCGAGAATCCGATTCC-1,738,25,4
CTGATGGTCCGATTCC-1,1294,26,4
GATCTTACCCGATTCC-1,1472,27,4
GCGTTGGACCGATTCC-1,423,28,4
TCCTACCACCGATTCC-1,479,29,4
ACTCAATACCGATTCC-1,1138,30,4
CTAAGAGACCGATTCC-1,1428,31,4
AGAGCTATCCGATTCC-1,920,32,4
TTGACTTCCCGATTCC-1,889,33,4
GCCATTCTCCGATTCC-1,401,34,4
TAGAATTACCGATTCC-1,930,35,4
GGTACTGCCCGATTCC-1,308,36,4
CTTGCGCCCCGATTCC-1,217,37,4
AGAACGTCCCGATTCC-1,674,38,4
TCGGCCTTCCGATTCC-1,529,39,4
GCTAACTTACCGCCAA-1,1900,3,5
CATACTCCACCGCCAA-1,1853,4,5
AGAGAAGGACCGCCAA-1,1527,5,5
TCCGGCCTACCGCCAA-1,773,6,5
AAGAAGCTACCGCCAA-1,649,7,5
GAAGATCGACCGCCAA-1,1008,8,5
TCTGATACACCGCCAA-1,1328,9,5
TTATCCGGACCGCCAA-1,1127,10,5
GATACGGAACCGCCAA-1,1025,11,5
CGACGCGAACCGCCAA-1,629,12,5
ACTATGCAACCGCCAA-1,1078,13,5
TGGTCAGCACCGCCAA-1,621,14,5
ATCATATTACCGCCAA-1,1461,15,5
TTACCGAGACCGCCAA-1,1306,16,5
TGCCGGCAACCGCCAA-1,85,17,5
TTATTCATACCGCCAA-1,750,18,5
AATTAAGAACCGCCAA-1,1148,19,5
TAGATCTAACCGCCAA-1,842,20,5
ACGGAGGCACCGCCAA-1,1685,21,5
TGCGGACCACCGCCAA-1,1724,22,5
TGAGTCTGACCGCCAA-1,75,23,5
GCCGCAACACCGCCAA-1,282,24,5
CCGAGAATACCGCCAA-1,1385,25,5
CTGATGGTACCGCCAA-1,1109,26,5
GATCTTACACCGCCAA-1,518,27,5
GCGTTGGAACCGCCAA-1,782,28,5
TCCTACCAACCGCCAA-1,912,29,5
ACTCAATAACCGCCAA-1,1016,30,5
CTAAGAGAACCGCCAA-1,1423,31,5
AGAGCTATACCGCCAA-1,761,32,5
TTGACTTCACCGCCAA-1,210,33,5
GCCATTCTACCGCCAA-1,265,34,5
TAGAATTAACCGCCAA-1,571,35,5
GGTACTGCACCGCCAA-1,928,36,5
CTTGCGCCACCGCCAA-1,180,37,5
AGAACGTCACCGCCAA-1,173,38,5
TCGGCCTTACCGCCAA-1,202,39,5
GCAGGTCCACCGCCAA-1,1731,40,5
TAGAGTAAACCGCCAA-1,907,41,5
GCTAACTTCCAGTTCC-1,1895,3,6
CATACTCCCCAGTTCC-1,1835,4,6
AGAGAAGGCCAGTTCC-1,1062,5,6
TCCGGCCTCCAGTTCC-1,536,6,6
AAGAAGCTCCAGTTCC-1,957,7,6
GAAGATCGCCAGTTCC-1,888,8,6
TCTGATACCCAGTTCC-1,1443,9,6
TTATCCGGCCAGTTCC-1,1545,10,6
GATACGGACCAGTTCC-1,840,11,6
CGACGCGACCAGTTCC-1,871,12,6
ACTATGCACCAGTTCC-1,946,13,6
TGGTCAGCCCAGTTCC-1,772,14,6
ATCATATTCCAGTTCC-1,1013,15,6
TTACCGAGCCAGTTCC-1,1103,16,6
TGCCGGCACCAGTTCC-1,98,17,6
TTATTCATCCAGTTCC-1,1077,18,6
AATTAAGACCAGTTCC-1,609,19,6
TAGATCTACCAGTTCC-1,1140,20,6
ACGGAGGCCCAGTTCC-1,1804,21,6
TGCGGACCCCAGTTCC-1,1059,22,6
TGAGTCTGCCAGTTCC-1,22,23,6
GCCGCAACCCAGTTCC-1,116,24,6
CCGAGAATCCAGTTCC-1,1350,25,6
CTGATGGTCCAGTTCC-1,742,26,6
GATCTTACCCAGTTCC-1,432,27,6
GCGTTGGACCAGTTCC-1,411,28,6
TCCTACCACCAGTTCC-1,1032,29,6
ACTCAATACCAGTTCC-1,1573,30,6
CTAAGAGACCAGTTCC-1,1067,31,6
AGAGCTATCCAGTTCC-1,1201,32,6
TTGACTTCCCAGTTCC-1,809,33,6
GCCATTCTCCAGTTCC-1,822,34,6
TAGAATTACCAGTTCC-1,551,35,6
GGTACTGCCCAGTTCC-1,127,36,6
CTTGCGCCCCAGTTCC-1,142,37,6
AGAACGTCCCAGTTCC-1,165,38,6
TCGGCCTTCCAGTTCC-1,343,39,6
GCAGGTCCCCAGTTCC-1,818,40,6
TAGAGTAACCAGTTCC-1,602,41,6
GACCTTGACCAGTTCC-1,374,42,6
GGTATGCTACTTAACC-1,1913,2,7
GCTAACTTACTTAACC-1,1892,3,7
CATACTCCACTTAACC-1,1469,4,7
AGAGAAGGACTTAACC-1,1274,5,7
TCCGGCCTACTTAACC-1,1310,6,7
AAGAAGCTACTTAACC-1,1206,7,7
GAAGATCGACTTAACC-1,1353,8,7
TCTGATACACTTAACC-1,561,9,7
TTATCCGGACTTAACC-1,1753,10,7
GATACGGAACTTAACC-1,1415,11,7
CGACGCGAACTTAACC-1,1216,12,7
ACTATGCAACTTAACC-1,1232,13,7
TGGTCAGCACTTAACC-1,1192,14,7
ATCATATTACTTAACC-1,1371,15,7
TTACCGAGACTTAACC-1,1564,16,7
TGCCGGCAACTTAACC-1,591,17,7
TTATTCATACTTAACC-1,712,18,7
AATTAAGAACTTAACC-1,568,19,7
TAGATCTAACTTAACC-1,1090,20,7
ACGGAGGCACTTAACC-1,1058,21,7
TGCGGACCACTTAACC-1,57,22,7
TGAGTCTGACTTAACC-1,71,23,7
GCCGCAACACTTAACC-1,289,24,7
CCGAGAATACTTAACC-1,740,25,7
CTGATGGTACTTAACC-1,1116,26,7
GATCTTACACTTAACC-1,1643,27,7
GCGTTGGAACTTAACC-1,445,28,7
TCCTACCAACTTAACC-1,763,29,7
ACTCAATAACTTAACC-1,1611,30,7
CTAAGAGAACTTAACC-1,892,31,7
AGAGCTATACTTAACC-1,829,32,7
TTGACTTCACTTAACC-1,1041,33,7
GCCATTCTACTTAACC-1,876,34,7
TAGAATTAACTTAACC-1,485,35,7
GGTACTGCACTTAACC-1,400,36,7
CTTGCGCCACTTAACC-1,693,37,7
AGAACGTCACTTAACC-1,219,38,7
TCGGCCTTACTTAACC-1,483,39,7
GCAGGTCCACTTAACC-1,337,40,7
TAGAGTAAACTTAACC-1,815,41,7
GACCTTGAACTTAACC-1,233,42,7
CAACCGCTACTTAACC-1,414,43,7
ACTTAACCACTTAACC-1,70,44,7
GGTATGCTCAACCGCT-1,1928,2,8
GCTAACTTCAACCGCT-1,1916,3,8
CATACTCCCAACCGCT-1,1429,4,8
AGAGAAGGCAACCGCT-1,619,5,8
TCCGGCCTCAACCGCT-1,1565,6,8
AAGAAGCTCAACCGCT-1,880,7,8
GAAGATCGCAACCGCT-1,1033,8,8
TCTGATACCAACCGCT-1,612,9,8
TTATCCGGCAACCGCT-1,1243,10,8
GATACGGACAACCGCT-1,1715,11,8
CGACGCGACAACCGCT-1,1060,12,8
ACTATGCACAACCGCT-1,1336,13,8
TGGTCAGCCAACCGCT-1,1054,14,8
ATCATATTCAACCGCT-1,1529,15,8
TTACCGAGCAACCGCT-1,1326,16,8
TGCCGGCACAACCGCT-1,1408,17,8
TTATTCATCAACCGCT-1,1591,18,8
AATTAAGACAACCGCT-1,1267,19,8
TAGATCTACAACCGCT-1,565,20,8
ACGGAGGCCAACCGCT-1,226,21,8
TGCGGACCCAACCGCT-1,113,22,8
TGAGTCTGCAACCGCT-1,163,23,8
GCCGCAACCAACCGCT-1,1838,24,8
CCGAGAATCAACCGCT-1,1359,25,8
CTGATGGTCAACCGCT-1,1149,26,8
GATCTTACCAACCGCT-1,780,27,8
GCGTTGGACAACCGCT-1,835,28,8
TCCTACCACAACCGCT-1,193,29,8
ACTCAATACAACCGCT-1,1653,30,8
CTAAGAGACAACCGCT-1,1224,31,8
AGAGCTATCAACCGCT-1,794,32,8
TTGACTTCCAACCGCT-1,460,33,8
GCCATTCTCAACCGCT-1,556,34,8
TAGAATTACAACCGCT-1,886,35,8
GGTACTGCCAACCGCT-1,112,36,8
CTTGCGCCCAACCGCT-1,635,37,8
AGAACGTCCAACCGCT-1,1767,38,8
TCGGCCTTCAACCGCT-1,711,39,8
GCAGGTCCCAACCGCT-1,137,40,8
TAGAGTAACAACCGCT-1,903,41,8
GACCTTGACAACCGCT-1,186,42,8
CAACCGCTCAACCGCT-1,21,43,8
ACTTAACCCAACCGCT-1,596,44,8
CCAGTTCCCAACCGCT-1,435,45,8
ACCGCCAACAACCGCT-1,1669,46,8
GGTATGCTGACCTTGA-1,1897,2,9
GCTAACTTGACCTTGA-1,1448,3,9
CATACTCCGACCTTGA-1,1432,4,9
AGAGAAGGGACCTTGA-1,1202,5,9
TCCGGCCTGACCTTGA-1,973,6,9
AAGAAGCTGACCTTGA-1,802,7,9
GAAGATCGGACCTTGA-1,730,8,9
TCTGATACGACCTTGA-1,615,9,9
TTATCCGGGACCTTGA-1,500,10,9
GATACGGAGACCTTGA-1,312,11,9
CGACGCGAGACCTTGA-1,338,12,9
ACTATGCAGACCTTGA-1,1186,13,9
TGGTCAGCGACCTTGA-1,1166,14,9
ATCATATTGACCTTGA-1,1691,15,9
TTACCGAGGACCTTGA-1,1167,16,9
TGCCGGCAGACCTTGA-1,685,17,9
TTATTCATGACCTTGA-1,1291,18,9
AATTAAGAGACCTTGA-1,1629,19,9
TAGATCTAGACCTTGA-1,1184,20,9
ACGGAGGCGACCTTGA-1,639,21,9
TGCGGACCGACCTTGA-1,1195,22,9
TGAGTCTGGACCTTGA-1,1709,23,9
GCCGCAACGACCTTGA-1,1596,24,9
CCGAGAATGACCTTGA-1,373,25,9
CTGATGGTGACCTTGA-1,258,26,9
GATCTTACGACCTTGA-1,1100,27,9
GCGTTGGAGACCTTGA-1,452,28,9
TCCTACCAGACCTTGA-1,307,29,9
ACTCAATAGACCTTGA-1,502,30,9
CTAAGAGAGACCTTGA-1,1505,31,9
AGAGCTATGACCTTGA-1,1539,32,9
TTGACTTCGACCTTGA-1,288,33,9
GCCATTCTGACCTTGA-1,391,34,9
TAGAATTAGACCTTGA-1,554,35,9
GGTACTGCGACCTTGA-1,134,36,9
CTTGCGCCGACCTTGA-1,449,37,9
AGAACGTCGACCTTGA-1,624,38,9
TCGGCCTTGACCTTGA-1,372,39,9
GCAGGTCCGACCTTGA-1,156,40,9
TAGAGTAAGACCTTGA-1,538,41,9
GACCTTGAGACCTTGA-1,78,42,9
CAACCGCTGACCTTGA-1,462,43,9
ACTTAACCGACCTTGA-1,532,44,9
CCAGTTCCGACCTTGA-1,182,45,9
ACCGCCAAGACCTTGA-1,132,46,9
CCGATTCCGACCTTGA-1,334,47,9
GGCTGAGCGACCTTGA-1,1287,48,9
GGTATGCTTAGAGTAA-1,1065,2,10
GCTAACTTTAGAGTAA-1,1749,3,10
CATACTCCTAGAGTAA-1,678,4,10
AGAGAAGGTAGAGTAA-1,736,5,10
TCCGGCCTTAGAGTAA-1,653,6,10
AAGAAGCTTAGAGTAA-1,673,7,10
GAAGATCGTAGAGTAA-1,727,8,10
TCTGATACTAGAGTAA-1,491,9,10
TTATCCGGTAGAGTAA-1,209,10,10
GATACGGATAGAGTAA-1,430,11,10
CGACGCGATAGAGTAA-1,336,12,10
ACTATGCATAGAGTAA-1,313,13,10
TGGTCAGCTAGAGTAA-1,1809,14,10
ATCATATTTAGAGTAA-1,1889,15,10
TTACCGAGTAGAGTAA-1,1871,16,10
TGCCGGCATAGAGTAA-1,1509,17,10
TTATTCATTAGAGTAA-1,1283,18,10
AATTAAGATAGAGTAA-1,1478,19,10
TAGATCTATAGAGTAA-1,1005,20,10
ACGGAGGCTAGAGTAA-1,1337,21,10
TGCGGACCTAGAGTAA-1,1289,22,10
TGAGTCTGTAGAGTAA-1,833,23,10
GCCGCAACTAGAGTAA-1,938,24,10
CCGAGAATTAGAGTAA-1,442,25,10
CTGATGGTTAGAGTAA-1,1211,26,10
GATCTTACTAGAGTAA-1,1066,27,10
GCGTTGGATAGAGTAA-1,122,28,10
TCCTACCATAGAGTAA-1,262,29,10
ACTCAATATAGAGTAA-1,175,30,10
CTAAGAGATAGAGTAA-1,1757,31,10
AGAGCTATTAGAGTAA-1,1364,32,10
TTGACTTCTAGAGTAA-1,464,33,10
GCCATTCTTAGAGTAA-1,428,34,10
TAGAATTATAGAGTAA-1,542,35,10
GGTACTGCTAGAGTAA-1,200,36,10
CTTGCGCCTAGAGTAA-1,721,37,10
AGAACGTCTAGAGTAA-1,622,38,10
TCGGCCTTTAGAGTAA-1,601,39,10
GCAGGTCCTAGAGTAA-1,384,40,10
TAGAGTAATAGAGTAA-1,14,41,10
GACCTTGATAGAGTAA-1,154,42,10
CAACCGCTTAGAGTAA-1,323,43,10
ACTTAACCTAGAGTAA-1,1580,44,10
CCAGTTCCTAGAGTAA-1,545,45,10
ACCGCCAATAGAGTAA-1,252,46,10
CCGATTCCTAGAGTAA-1,365,47,10
GGCTGAGCTAGAGTAA-1,367,48,10
CGAACGCCTAGAGTAA-1,342,49,10
AACCTGCGGCAGGTCC-1,1912,1,11
GGTATGCTGCAGGTCC-1,1602,2,11
GCTAACTTGCAGGTCC-1,1312,3,11
CATACTCCGCAGGTCC-1,438,4,11
AGAGAAGGGCAGGTCC-1,1586,5,11
TCCGGCCTGCAGGTCC-1,1806,6,11
AAGAAGCTGCAGGTCC-1,781,7,11
GAAGATCGGCAGGTCC-1,456,8,11
TCTGATACGCAGGTCC-1,496,9,11
TTATCCGGGCAGGTCC-1,94,10,11
GATACGGAGCAGGTCC-1,325,11,11
CGACGCGAGCAGGTCC-1,294,12,11
ACTATGCAGCAGGTCC-1,359,13,11
TGGTCAGCGCAGGTCC-1,1805,14,11
ATCATATTGCAGGTCC-1,1906,15,11
TTACCGAGGCAGGTCC-1,1856,16,11
TGCCGGCAGCAGGTCC-1,1787,17,11
TTATTCATGCAGGTCC-1,1538,18,11
AATTAAGAGCAGGTCC-1,1225,19,11
TAGATCTAGCAGGTCC-1,926,20,11
ACGGAGGCGCAGGTCC-1,1276,21,11
TGCGGACCGCAGGTCC-1,825,22,11
TGAGTCTGGCAGGTCC-1,1150,23,11
GCCGCAACGCAGGTCC-1,1659,24,11
CCGAGAATGCAGGTCC-1,1456,25,11
CTGATGGTGCAGGTCC-1,1807,26,11
GATCTTACGCAGGTCC-1,872,27,11
GCGTTGGAGCAGGTCC-1,974,28,11
TCCTACCAGCAGGTCC-1,461,29,11
ACTCAATAGCAGGTCC-1,580,30,11
CTAAGAGAGCAGGTCC-1,564,31,11
AGAGCTATGCAGGTCC-1,733,32,11
TTGACTTCGCAGGTCC-1,303,33,11
GCCATTCTGCAGGTCC-1,267,34,11
TAGAATTAGCAGGTCC-1,631,35,11
GGTACTGCGCAGGTCC-1,152,36,11
CTTGCGCCGCAGGTCC-1,347,37,11
AGAACGTCGCAGGTCC-1,453,38,11
TCGGCCTTGCAGGTCC-1,513,39,11
GCAGGTCCGCAGGTCC-1,13,40,11
TAGAGTAAGCAGGTCC-1,481,41,11
GACCTTGAGCAGGTCC-1,579,42,11
CAACCGCTGCAGGTCC-1,402,43,11
ACTTAACCGCAGGTCC-1,990,44,11
CCAGTTCCGCAGGTCC-1,422,45,11
ACCGCCAAGCAGGTCC-1,189,46,11
CCGATTCCGCAGGTCC-1,566,47,11
GGCTGAGCGCAGGTCC-1,181,48,11
CGAACGCCGCAGGTCC-1,364,49,11
ATAAGGAGGCAGGTCC-1,605,50,11
AACCTGCGTCGGCCTT-1,1494,1,12
GGTATGCTTCGGCCTT-1,1817,2,12
GCTAACTTTCGGCCTT-1,620,3,12
CATACTCCTCGGCCTT-1,473,4,12
AGAGAAGGTCGGCCTT-1,1776,5,12
TCCGGCCTTCGGCCTT-1,683,6,12
AAGAAGCTTCGGCCTT-1,468,7,12
GAAGATCGTCGGCCTT-1,228,8,12
TCTGATACTCGGCCTT-1,271,9,12
TTATCCGGTCGGCCTT-1,299,10,12
GATACGGATCGGCCTT-1,306,11,12
CGACGCGATCGGCCTT-1,212,12,12
ACTATGCATCGGCCTT-1,1637,13,12
TGGTCAGCTCGGCCTT-1,1802,14,12
ATCATATTTCGGCCTT-1,1890,15,12
TTACCGAGTCGGCCTT-1,1830,16,12
TGCCGGCATCGGCCTT-1,1771,17,12
TTATTCATTCGGCCTT-1,1836,18,12
AATTAAGATCGGCCTT-1,1569,19,12
TAGATCTATCGGCCTT-1,1097,20,12
ACGGAGGCTCGGCCTT-1,846,21,12
TGCGGACCTCGGCCTT-1,1259,22,12
TGAGTCTGTCGGCCTT-1,999,23,12
GCCGCAACTCGGCCTT-1,1510,24,12
CCGAGAATTCGGCCTT-1,936,25,12
CTGATGGTTCGGCCTT-1,1346,26,12
GATCTTACTCGGCCTT-1,1053,27,12
GCGTTGGATCGGCCTT-1,844,28,12
TCCTACCATCGGCCTT-1,524,29,12
ACTCAATATCGGCCTT-1,1546,30,12
CTAAGAGATCGGCCTT-1,1558,31,12
AGAGCTATTCGGCCTT-1,634,32,12
TTGACTTCTCGGCCTT-1,587,33,12
GCCATTCTTCGGCCTT-1,143,34,12
TAGAATTATCGGCCTT-1,474,35,12
GGTACTGCTCGGCCTT-1,62,36,12
CTTGCGCCTCGGCCTT-1,204,37,12
AGAACGTCTCGGCCTT-1,519,38,12
TCGGCCTTTCGGCCTT-1,11,39,12
GCAGGTCCTCGGCCTT-1,484,40,12
TAGAGTAATCGGCCTT-1,941,41,12
GACCTTGATCGGCCTT-1,352,42,12
CAACCGCTTCGGCCTT-1,407,43,12
ACTTAACCTCGGCCTT-1,723,44,12
CCAGTTCCTCGGCCTT-1,305,45,12
ACCGCCAATCGGCCTT-1,490,46,12
CCGATTCCTCGGCCTT-1,250,47,12
GGCTGAGCTCGGCCTT-1,486,48,12
CGAACGCCTCGGCCTT-1,291,49,12
ATAAGGAGTCGGCCTT-1,751,50,12
AACCTGCGAGAACGTC-1,1609,1,13
GGTATGCTAGAACGTC-1,1345,2,13
GCTAACTTAGAACGTC-1,669,3,13
CATACTCCAGAACGTC-1,613,4,13
AGAGAAGGAGAACGTC-1,849,5,13
TCCGGCCTAGAACGTC-1,455,6,13
AAGAAGCTAGAACGTC-1,322,7,13
GAAGATCGAGAACGTC-1,176,8,13
TCTGATACAGAACGTC-1,135,9,13
TTATCCGGAGAACGTC-1,276,10,13
GATACGGAAGAACGTC-1,223,11,13
CGACGCGAAGAACGTC-1,129,12,13
ACTATGCAAGAACGTC-1,1779,13,13
TGGTCAGCAGAACGTC-1,1766,14,13
ATCATATTAGAACGTC-1,1876,15,13
TTACCGAGAGAACGTC-1,1792,16,13
TGCCGGCAAGAACGTC-1,1750,17,13
TTATTCATAGAACGTC-1,1844,18,13
AATTAAGAAGAACGTC-1,1732,19,13
TAGATCTAAGAACGTC-1,1087,20,13
ACGGAGGCAGAACGTC-1,1240,21,13
TGCGGACCAGAACGTC-1,987,22,13
TGAGTCTGAGAACGTC-1,1239,23,13
GCCGCAACAGAACGTC-1,1534,24,13
CCGAGAATAGAACGTC-1,555,25,13
CTGATGGTAGAACGTC-1,1260,26,13
GATCTTACAGAACGTC-1,995,27,13
GCGTTGGAAGAACGTC-1,839,28,13
TCCTACCAAGAACGTC-1,646,29,13
ACTCAATAAGAACGTC-1,1701,30,13
CTAAGAGAAGAACGTC-1,1541,31,13
AGAGCTATAGAACGTC-1,1556,32,13
TTGACTTCAGAACGTC-1,475,33,13
GCCATTCTAGAACGTC-1,157,34,13
TAGAATTAAGAACGTC-1,419,35,13
GGTACTGCAGAACGTC-1,248,36,13
CTTGCGCCAGAACGTC-1,201,37,13
AGAACGTCAGAACGTC-1,482,38,13
TCGGCCTTAGAACGTC-1,259,39,13
GCAGGTCCAGAACGTC-1,107,40,13
TAGAGTAAAGAACGTC-1,699,41,13
GACCTTGAAGAACGTC-1,413,42,13
CAACCGCTAGAACGTC-1,383,43,13
ACTTAACCAGAACGTC-1,643,44,13
CCAGTTCCAGAACGTC-1,424,45,13
ACCGCCAAAGAACGTC-1,324,46,13
CCGATTCCAGAACGTC-1,211,47,13
GGCTGAGCAGAACGTC-1,139,48,13
CGAACGCCAGAACGTC-1,230,49,13
ATAAGGAGAGAACGTC-1,1115,50,13
AACCTGCGCTTGCGCC-1,657,1,14
GGTATGCTCTTGCGCC-1,450,2,14
GCTAACTTCTTGCGCC-1,1153,3,14
CATACTCCCTTGCGCC-1,841,4,14
AGAGAAGGCTTGCGCC-1,853,5,14
TCCGGCCTCTTGCGCC-1,316,6,14
AAGAAGCTCTTGCGCC-1,224,7,14
GAAGATCGCTTGCGCC-1,198,8,14
TCTGATACCTTGCGCC-1,168,9,14
TTATCCGGCTTGCGCC-1,140,10,14
GATACGGACTTGCGCC-1,598,11,14
CGACGCGACTTGCGCC-1,467,12,14
ACTATGCACTTGCGCC-1,1852,13,14
TGGTCAGCCTTGCGCC-1,1679,14,14
ATCATATTCTTGCGCC-1,1670,15,14
TTACCGAGCTTGCGCC-1,351,16,14
TGCCGGCACTTGCGCC-1,1811,17,14
TTATTCATCTTGCGCC-1,1891,18,14
AATTAAGACTTGCGCC-1,1879,19,14
TAGATCTACTTGCGCC-1,1458,20,14
ACGGAGGCCTTGCGCC-1,1261,21,14
TGCGGACCCTTGCGCC-1,935,22,14
TGAGTCTGCTTGCGCC-1,1378,23,14
GCCGCAACCTTGCGCC-1,1661,24,14
CCGAGAATCTTGCGCC-1,855,25,14
CTGATGGTCTTGCGCC-1,1315,26,14
GATCTTACCTTGCGCC-1,1181,27,14
GCGTTGGACTTGCGCC-1,985,28,14
TCCTACCACTTGCGCC-1,860,29,14
ACTCAATACTTGCGCC-1,1657,30,14
CTAAGAGACTTGCGCC-1,1826,31,14
AGAGCTATCTTGCGCC-1,1710,32,14
TTGACTTCCTTGCGCC-1,1463,33,14
GCCATTCTCTTGCGCC-1,547,34,14
TAGAATTACTTGCGCC-1,961,35,14
GGTACTGCCTTGCGCC-1,45,36,14
CTTGCGCCCTTGCGCC-1,20,37,14
AGAACGTCCTTGCGCC-1,385,38,14
TCGGCCTTCTTGCGCC-1,578,39,14
GCAGGTCCCTTGCGCC-1,431,40,14
TAGAGTAACTTGCGCC-1,1512,41,14
GACCTTGACTTGCGCC-1,577,42,14
CAACCGCTCTTGCGCC-1,964,43,14
ACTTAACCCTTGCGCC-1,813,44,14
CCAGTTCCCTTGCGCC-1,714,45,14
ACCGCCAACTTGCGCC-1,459,46,14
CCGATTCCCTTGCGCC-1,1475,47,14
GGCTGAGCCTTGCGCC-1,899,48,14
CGAACGCCCTTGCGCC-1,1663,49,14
ATAAGGAGCTTGCGCC-1,883,50,14
AACCTGCGGGTACTGC-1,979,1,15
GGTATGCTGGTACTGC-1,463,2,15
GCTAACTTGGTACTGC-1,758,3,15
CATACTCCGGTACTGC-1,268,4,15
AGAGAAGGGGTACTGC-1,1125,5,15
TCCGGCCTGGTACTGC-1,331,6,15
AAGAAGCTGGTACTGC-1,362,7,15
GAAGATCGGGTACTGC-1,114,8,15
TCTGATACGGTACTGC-1,329,9,15
TTATCCGGGGTACTGC-1,231,10,15
GATACGGAGGTACTGC-1,284,11,15
CGACGCGAGGTACTGC-1,644,12,15
ACTATGCAGGTACTGC-1,1857,13,15
TGGTCAGCGGTACTGC-1,1797,14,15
ATCATATTGGTACTGC-1,1861,15,15
TTACCGAGGGTACTGC-1,1867,16,15
TGCCGGCAGGTACTGC-1,1789,17,15
TTATTCATGGTACTGC-1,1667,18,15
AATTAAGAGGTACTGC-1,1773,19,15
TAGATCTAGGTACTGC-1,1612,20,15
ACGGAGGCGGTACTGC-1,1199,21,15
TGCGGACCGGTACTGC-1,1270,22,15
TGAGTCTGGGTACTGC-1,981,23,15
GCCGCAACGGTACTGC-1,1421,24,15
CCGAGAATGGTACTGC-1,690,25,15
CTGATGGTGGTACTGC-1,1298,26,15
GATCTTACGGTACTGC-1,1093,27,15
GCGTTGGAGGTACTGC-1,915,28,15
TCCTACCAGGTACTGC-1,799,29,15
ACTCAATAGGTACTGC-1,1370,30,15
CTAAGAGAGGTACTGC-1,1491,31,15
AGAGCTATGGTACTGC-1,1319,32,15
TTGACTTCGGTACTGC-1,1536,33,15
GCCATTCTGGTACTGC-1,1638,34,15
TAGAATTAGGTACTGC-1,795,35,15
GGTACTGCGGTACTGC-1,9,36,15
CTTGCGCCGGTACTGC-1,243,37,15
AGAACGTCGGTACTGC-1,379,38,15
TCGGCCTTGGTACTGC-1,301,39,15
GCAGGTCCGGTACTGC-1,390,40,15
TAGAGTAAGGTACTGC-1,984,41,15
GACCTTGAGGTACTGC-1,238,42,15
CAACCGCTGGTACTGC-1,746,43,15
ACTTAACCGGTACTGC-1,1721,44,15
CCAGTTCCGGTACTGC-1,755,45,15
ACCGCCAAGGTACTGC-1,937,46,15
CCGATTCCGGTACTGC-1,765,47,15
GGCTGAGCGGTACTGC-1,382,48,15
CGAACGCCGGTACTGC-1,405,49,15
ATAAGGAGGGTACTGC-1,1422,50,15
AACCTGCGTAGAATTA-1,776,1,16
GGTATGCTTAGAATTA-1,493,2,16
GCTAACTTTAGAATTA-1,346,3,16
CATACTCCTAGAATTA-1,1705,4,16
AGAGAAGGTAGAATTA-1,720,5,16
TCCGGCCTTAGAATTA-1,205,6,16
AAGAAGCTTAGAATTA-1,194,7,16
GAAGATCGTAGAATTA-1,80,8,16
TCTGATACTAGAATTA-1,170,9,16
TTATCCGGTAGAATTA-1,264,10,16
GATACGGATAGAATTA-1,254,11,16
CGACGCGATAGAATTA-1,164,12,16
ACTATGCATAGAATTA-1,1664,13,16
TGGTCAGCTAGAATTA-1,1794,14,16
ATCATATTTAGAATTA-1,1864,15,16
TTACCGAGTAGAATTA-1,537,16,16
TGCCGGCATAGAATTA-1,806,17,16
TTATTCATTAGAATTA-1,1751,18,16
AATTAAGATAGAATTA-1,1839,19,16
TAGATCTATAGAATTA-1,1575,20,16
ACGGAGGCTAGAATTA-1,1435,21,16
TGCGGACCTAGAATTA-1,1173,22,16
TGAGTCTGTAGAATTA-1,1299,23,16
GCCGCAACTAGAATTA-1,1118,24,16
CCGAGAATTAGAATTA-1,630,25,16
CTGATGGTTAGAATTA-1,1335,26,16
GATCTTACTAGAATTA-1,1134,27,16
GCGTTGGATAGAATTA-1,960,28,16
TCCTACCATAGAATTA-1,897,29,16
ACTCAATATAGAATTA-1,1228,30,16
CTAAGAGATAGAATTA-1,1351,31,16
AGAGCTATTAGAATTA-1,1117,32,16
TTGACTTCTAGAATTA-1,1584,33,16
GCCATTCTTAGAATTA-1,910,34,16
TAGAATTATAGAATTA-1,42,35,16
GGTACTGCTAGAATTA-1,370,36,16
CTTGCGCCTAGAATTA-1,508,37,16
AGAACGTCTAGAATTA-1,361,38,16
TCGGCCTTTAGAATTA-1,695,39,16
GCAGGTCCTAGAATTA-1,51,40,16
TAGAGTAATAGAATTA-1,584,41,16
GACCTTGATAGAATTA-1,1247,42,16
CAACCGCTTAGAATTA-1,368,43,16
ACTTAACCTAGAATTA-1,1264,44,16
CCAGTTCCTAGAATTA-1,1799,45,16
ACCGCCAATAGAATTA-1,1427,46,16
CCGATTCCTAGAATTA-1,153,47,16
GGCTGAGCTAGAATTA-1,393,48,16
CGAACGCCTAGAATTA-1,270,49,16
ATAAGGAGTAGAATTA-1,1699,50,16
AACCTGCGGCCATTCT-1,222,1,17
GGTATGCTGCCATTCT-1,363,2,17
GCTAACTTGCCATTCT-1,1707,3,17
CATACTCCGCCATTCT-1,1434,4,17
AGAGAAGGGCCATTCT-1,358,5,17
TCCGGCCTGCCATTCT-1,171,6,17
AAGAAGCTGCCATTCT-1,101,7,17
GAAGATCGGCCATTCT-1,169,8,17
TCTGATACGCCATTCT-1,109,9,17
TTATCCGGGCCATTCT-1,183,10,17
GATACGGAGCCATTCT-1,195,11,17
CGACGCGAGCCATTCT-1,99,12,17
ACTATGCAGCCATTCT-1,1533,13,17
TGGTCAGCGCCATTCT-1,1256,14,17
ATCATATTGCCATTCT-1,1449,15,17
TTACCGAGGCCATTCT-1,651,16,17
TGCCGGCAGCCATTCT-1,207,17,17
TTATTCATGCCATTCT-1,785,18,17
AATTAAGAGCCATTCT-1,807,19,17
TAGATCTAGCCATTCT-1,744,20,17
ACGGAGGCGCCATTCT-1,986,21,17
TGCGGACCGCCATTCT-1,924,22,17
TGAGTCTGGCCATTCT-1,881,23,17
GCCGCAACGCCATTCT-1,1076,24,17
CCGAGAATGCCATTCT-1,394,25,17
CTGATGGTGCCATTCT-1,1034,26,17
GATCTTACGCCATTCT-1,786,27,17
GCGTTGGAGCCATTCT-1,759,28,17
TCCTACCAGCCATTCT-1,611,29,17
ACTCAATAGCCATTCT-1,1030,30,17
CTAAGAGAGCCATTCT-1,1325,31,17
AGAGCTATGCCATTCT-1,944,32,17
TTGACTTCGCCATTCT-1,1011,33,17
GCCATTCTGCCATTCT-1,1,34,17
TAGAATTAGCCATTCT-1,749,35,17
GGTACTGCGCCATTCT-1,251,36,17
CTTGCGCCGCCATTCT-1,1029,37,17
AGAACGTCGCCATTCT-1,184,38,17
TCGGCCTTGCCATTCT-1,350,39,17
GCAGGTCCGCCATTCT-1,49,40,17
TAGAGTAAGCCATTCT-1,304,41,17
GACCTTGAGCCATTCT-1,65,42,17
CAACCGCTGCCATTCT-1,278,43,17
ACTTAACCGCCATTCT-1,549,44,17
CCAGTTCCGCCATTCT-1,480,45,17
ACCGCCAAGCCATTCT-1,260,46,17
CCGATTCCGCCATTCT-1,489,47,17
GGCTGAGCGCCATTCT-1,26,48,17
CGAACGCCGCCATTCT-1,79,49,17
ATAAGGAGGCCATTCT-1,354,50,17
AACCTGCGTTGACTTC-1,1220,1,18
GGTATGCTTTGACTTC-1,909,2,18
GCTAACTTTTGACTTC-1,1074,3,18
CATACTCCTTGACTTC-1,319,4,18
AGAGAAGGTTGACTTC-1,246,5,18
TCCGGCCTTTGACTTC-1,167,6,18
AAGAAGCTTTGACTTC-1,108,7,18
GAAGATCGTTGACTTC-1,1614,8,18
TCTGATACTTGACTTC-1,102,9,18
TTATCCGGTTGACTTC-1,138,10,18
GATACGGATTGACTTC-1,178,11,18
CGACGCGATTGACTTC-1,87,12,18
ACTATGCATTGACTTC-1,1431,13,18
TGGTCAGCTTGACTTC-1,378,14,18
ATCATATTTTGACTTC-1,718,15,18
TTACCGAGTTGACTTC-1,292,16,18
TGCCGGCATTGACTTC-1,261,17,18
TTATTCATTTGACTTC-1,741,18,18
AATTAAGATTGACTTC-1,656,19,18
TAGATCTATTGACTTC-1,753,20,18
ACGGAGGCTTGACTTC-1,923,21,18
TGCGGACCTTGACTTC-1,951,22,18
TGAGTCTGTTGACTTC-1,1023,23,18
GCCGCAACTTGACTTC-1,1163,24,18
CCGAGAATTTGACTTC-1,628,25,18
CTGATGGTTTGACTTC-1,1157,26,18
GATCTTACTTGACTTC-1,904,27,18
GCGTTGGATTGACTTC-1,1178,28,18
TCCTACCATTGACTTC-1,764,29,18
ACTCAATATTGACTTC-1,1340,30,18
CTAAGAGATTGACTTC-1,1474,31,18
AGAGCTATTTGACTTC-1,1047,32,18
TTGACTTCTTGACTTC-1,48,33,18
GCCATTCTTTGACTTC-1,283,34,18
TAGAATTATTGACTTC-1,796,35,18
GGTACTGCTTGACTTC-1,581,36,18
CTTGCGCCTTGACTTC-1,724,37,18
AGAACGTCTTGACTTC-1,563,38,18
TCGGCCTTTTGACTTC-1,255,39,18
GCAGGTCCTTGACTTC-1,63,40,18
TAGAGTAATTGACTTC-1,125,41,18
GACCTTGATTGACTTC-1,128,42,18
CAACCGCTTTGACTTC-1,32,43,18
ACTTAACCTTGACTTC-1,694,44,18
CCAGTTCCTTGACTTC-1,427,45,18
ACCGCCAATTGACTTC-1,197,46,18
CCGATTCCTTGACTTC-1,638,47,18
GGCTGAGCTTGACTTC-1,83,48,18
CGAACGCCTTGACTTC-1,266,49,18
ATAAGGAGTTGACTTC-1,834,50,18
AACCTGCGAGAGCTAT-1,1862,1,19
GGTATGCTAGAGCTAT-1,916,2,19
GCTAACTTAGAGCTAT-1,1843,3,19
CATACTCCAGAGCTAT-1,512,4,19
AGAGAAGGAGAGCTAT-1,332,5,19
TCCGGCCTAGAGCTAT-1,290,6,19
AAGAAGCTAGAGCTAT-1,117,7,19
TCTGATACAGAGCTAT-1,77,9,19
TTATCCGGAGAGCTAT-1,191,10,19
GATACGGAAGAGCTAT-1,240,11,19
CGACGCGAAGAGCTAT-1,88,12,19
ACTATGCAAGAGCTAT-1,801,13,19
TGGTCAGCAGAGCTAT-1,1756,14,19
ATCATATTAGAGCTAT-1,1281,15,19
TTACCGAGAGAGCTAT-1,281,16,19
TGCCGGCAAGAGCTAT-1,280,17,19
TTATTCATAGAGCTAT-1,1635,18,19
AATTAAGAAGAGCTAT-1,1357,19,19
TAGATCTAAGAGCTAT-1,837,20,19
ACGGAGGCAGAGCTAT-1,887,21,19
TGCGGACCAGAGCTAT-1,947,22,19
TGAGTCTGAGAGCTAT-1,1193,23,19
GCCGCAACAGAGCTAT-1,1342,24,19
CCGAGAATAGAGCTAT-1,679,25,19
CTGATGGTAGAGCTAT-1,1376,26,19
GATCTTACAGAGCTAT-1,1165,27,19
GCGTTGGAAGAGCTAT-1,762,28,19
TCCTACCAAGAGCTAT-1,771,29,19
ACTCAATAAGAGCTAT-1,1554,30,19
CTAAGAGAAGAGCTAT-1,1507,31,19
AGAGCTATAGAGCTAT-1,213,32,19
TTGACTTCAGAGCTAT-1,1185,33,19
GCCATTCTAGAGCTAT-1,600,34,19
TAGAATTAAGAGCTAT-1,1229,35,19
GGTACTGCAGAGCTAT-1,488,36,19
CTTGCGCCAGAGCTAT-1,380,37,19
AGAACGTCAGAGCTAT-1,1729,38,19
TCGGCCTTAGAGCTAT-1,410,39,19
GCAGGTCCAGAGCTAT-1,69,40,19
TAGAGTAAAGAGCTAT-1,395,41,19
GACCTTGAAGAGCTAT-1,229,42,19
CAACCGCTAGAGCTAT-1,55,43,19
ACTTAACCAGAGCTAT-1,295,44,19
CCAGTTCCAGAGCTAT-1,161,45,19
ACCGCCAAAGAGCTAT-1,446,46,19
CCGATTCCAGAGCTAT-1,1626,47,19
GGCTGAGCAGAGCTAT-1,548,48,19
CGAACGCCAGAGCTAT-1,440,49,19
ATAAGGAGAGAGCTAT-1,777,50,19
AACCTGCGCTAAGAGA-1,1170,1,20
GGTATGCTCTAAGAGA-1,970,2,20
GCTAACTTCTAAGAGA-1,997,3,20
CATACTCCCTAAGAGA-1,677,4,20
AGAGAAGGCTAAGAGA-1,1131,5,20
TCCGGCCTCTAAGAGA-1,932,6,20
AAGAAGCTCTAAGAGA-1,146,7,20
TCTGATACCTAAGAGA-1,61,9,20
TTATCCGGCTAAGAGA-1,247,10,20
GATACGGACTAAGAGA-1,328,11,20
CGACGCGACTAAGAGA-1,130,12,20
ACTATGCACTAAGAGA-1,1834,13,20
TGGTCAGCCTAAGAGA-1,1800,14,20
ATCATATTCTAAGAGA-1,1081,15,20
TTACCGAGCTAAGAGA-1,1479,16,20
TGCCGGCACTAAGAGA-1,1785,17,20
TTATTCATCTAAGAGA-1,1875,18,20
AATTAAGACTAAGAGA-1,1730,19,20
TAGATCTACTAAGAGA-1,1010,20,20
ACGGAGGCCTAAGAGA-1,691,21,20
TGCGGACCCTAAGAGA-1,1358,22,20
TGAGTCTGCTAAGAGA-1,1285,23,20
GCCGCAACCTAAGAGA-1,1582,24,20
CCGAGAATCTAAGAGA-1,982,25,20
CTGATGGTCTAAGAGA-1,1425,26,20
GATCTTACCTAAGAGA-1,1198,27,20
GCGTTGGACTAAGAGA-1,956,28,20
TCCTACCACTAAGAGA-1,1072,29,20
ACTCAATACTAAGAGA-1,1161,30,20
CTAAGAGACTAAGAGA-1,144,31,20
AGAGCTATCTAAGAGA-1,1191,32,20
TTGACTTCCTAAGAGA-1,1082,33,20
GCCATTCTCTAAGAGA-1,848,34,20
TAGAATTACTAAGAGA-1,1231,35,20
GGTACTGCCTAAGAGA-1,953,36,20
CTTGCGCCCTAAGAGA-1,425,37,20
AGAACGTCCTAAGAGA-1,355,38,20
TCGGCCTTCTAAGAGA-1,662,39,20
GCAGGTCCCTAAGAGA-1,92,40,20
TAGAGTAACTAAGAGA-1,648,41,20
GACCTTGACTAAGAGA-1,418,42,20
CAACCGCTCTAAGAGA-1,296,43,20
ACTTAACCCTAAGAGA-1,541,44,20
CCAGTTCCCTAAGAGA-1,434,45,20
ACCGCCAACTAAGAGA-1,293,46,20
CCGATTCCCTAAGAGA-1,245,47,20
GGCTGAGCCTAAGAGA-1,277,48,20
CGAACGCCCTAAGAGA-1,784,49,20
ATAAGGAGCTAAGAGA-1,1503,50,20
AACCTGCGACTCAATA-1,704,1,21
GGTATGCTACTCAATA-1,185,2,21
GCTAACTTACTCAATA-1,68,3,21
CATACTCCACTCAATA-1,72,4,21
AGAGAAGGACTCAATA-1,160,5,21
TCCGGCCTACTCAATA-1,47,6,21
AAGAAGCTACTCAATA-1,31,7,21
TCTGATACACTCAATA-1,29,9,21
TTATCCGGACTCAATA-1,38,10,21
GATACGGAACTCAATA-1,64,11,21
CGACGCGAACTCAATA-1,37,12,21
ACTATGCAACTCAATA-1,1688,13,21
TGGTCAGCACTCAATA-1,1606,14,21
ATCATATTACTCAATA-1,1641,15,21
TTACCGAGACTCAATA-1,1682,16,21
TGCCGGCAACTCAATA-1,1589,17,21
TTATTCATACTCAATA-1,832,18,21
AATTAAGAACTCAATA-1,1094,19,21
TAGATCTAACTCAATA-1,539,20,21
ACGGAGGCACTCAATA-1,503,21,21
TGCGGACCACTCAATA-1,664,22,21
TGAGTCTGACTCAATA-1,896,23,21
GCCGCAACACTCAATA-1,863,24,21
CCGAGAATACTCAATA-1,235,25,21
CTGATGGTACTCAATA-1,729,26,21
GATCTTACACTCAATA-1,415,27,21
GCGTTGGAACTCAATA-1,341,28,21
TCCTACCAACTCAATA-1,253,29,21
ACTCAATAACTCAATA-1,39,30,21
CTAAGAGAACTCAATA-1,682,31,21
AGAGCTATACTCAATA-1,366,32,21
TTGACTTCACTCAATA-1,562,33,21
GCCATTCTACTCAATA-1,100,34,21
TAGAATTAACTCAATA-1,203,35,21
GGTACTGCACTCAATA-1,124,36,21
CTTGCGCCACTCAATA-1,97,37,21
AGAACGTCACTCAATA-1,162,38,21
TCGGCCTTACTCAATA-1,377,39,21
GCAGGTCCACTCAATA-1,123,40,21
TAGAGTAAACTCAATA-1,469,41,21
GACCTTGAACTCAATA-1,310,42,21
CAACCGCTACTCAATA-1,244,43,21
ACTTAACCACTCAATA-1,514,44,21
CCAGTTCCACTCAATA-1,151,45,21
ACCGCCAAACTCAATA-1,110,46,21
CCGATTCCACTCAATA-1,131,47,21
GGCTGAGCACTCAATA-1,30,48,21
CGAACGCCACTCAATA-1,58,49,21
ATAAGGAGACTCAATA-1,216,50,21
AACCTGCGTCCTACCA-1,353,1,22
GGTATGCTTCCTACCA-1,111,2,22
GCTAACTTTCCTACCA-1,23,3,22
CATACTCCTCCTACCA-1,121,4,22
AGAGAAGGTCCTACCA-1,41,5,22
TCCGGCCTTCCTACCA-1,18,6,22
AAGAAGCTTCCTACCA-1,36,7,22
TCTGATACTCCTACCA-1,666,9,22
TTATCCGGTCCTACCA-1,46,10,22
GATACGGATCCTACCA-1,12,11,22
CGACGCGATCCTACCA-1,16,12,22
ACTATGCATCCTACCA-1,966,13,22
TGGTCAGCTCCTACCA-1,1044,14,22
ATCATATTTCCTACCA-1,1205,15,22
TTACCGAGTCCTACCA-1,510,16,22
TGCCGGCATCCTACCA-1,232,17,22
TTATTCATTCCTACCA-1,616,18,22
AATTAAGATCCTACCA-1,890,19,22
TAGATCTATCCTACCA-1,543,20,22
ACGGAGGCTCCTACCA-1,333,21,22
TGCGGACCTCCTACCA-1,315,22,22
TGAGTCTGTCCTACCA-1,501,23,22
GCCGCAACTCCTACCA-1,703,24,22
CCGAGAATTCCTACCA-1,155,25,22
CTGATGGTTCCTACCA-1,471,26,22
GATCTTACTCCTACCA-1,187,27,22
GCGTTGGATCCTACCA-1,159,28,22
TCCTACCATCCTACCA-1,8,29,22
ACTCAATATCCTACCA-1,314,30,22
CTAAGAGATCCTACCA-1,272,31,22
AGAGCTATTCCTACCA-1,148,32,22
TTGACTTCTCCTACCA-1,269,33,22
GCCATTCTTCCTACCA-1,35,34,22
TAGAATTATCCTACCA-1,91,35,22
GGTACTGCTCCTACCA-1,59,36,22
CTTGCGCCTCCTACCA-1,149,37,22
AGAACGTCTCCTACCA-1,376,38,22
TCGGCCTTTCCTACCA-1,397,39,22
GCAGGTCCTCCTACCA-1,174,40,22
TAGAGTAATCCTACCA-1,884,41,22
GACCTTGATCCTACCA-1,221,42,22
CAACCGCTTCCTACCA-1,119,43,22
ACTTAACCTCCTACCA-1,404,44,22
CCAGTTCCTCCTACCA-1,126,45,22
ACCGCCAATCCTACCA-1,40,46,22
CCGATTCCTCCTACCA-1,50,47,22
GGCTGAGCTCCTACCA-1,34,48,22
CGAACGCCTCCTACCA-1,24,49,22
ATAAGGAGTCCTACCA-1,177,50,22
AACCTGCGGCGTTGGA-1,1648,1,23
GGTATGCTGCGTTGGA-1,879,2,23
GCTAACTTGCGTTGGA-1,199,3,23
CATACTCCGCGTTGGA-1,902,4,23
AGAGAAGGGCGTTGGA-1,287,5,23
TCCGGCCTGCGTTGGA-1,150,6,23
AAGAAGCTGCGTTGGA-1,387,7,23
GATACGGAGCGTTGGA-1,663,11,23
CGACGCGAGCGTTGGA-1,798,12,23
ACTATGCAGCGTTGGA-1,1467,13,23
TGGTCAGCGCGTTGGA-1,811,14,23
ATCATATTGCGTTGGA-1,955,15,23
TTACCGAGGCGTTGGA-1,983,16,23
TGCCGGCAGCGTTGGA-1,1459,17,23
TTATTCATGCGTTGGA-1,1465,18,23
AATTAAGAGCGTTGGA-1,1404,19,23
TAGATCTAGCGTTGGA-1,1441,20,23
ACGGAGGCGCGTTGGA-1,1174,21,23
TGCGGACCGCGTTGGA-1,1063,22,23
TGAGTCTGGCGTTGGA-1,1101,23,23
GCCGCAACGCGTTGGA-1,1464,24,23
CCGAGAATGCGTTGGA-1,861,25,23
CTGATGGTGCGTTGGA-1,1272,26,23
GATCTTACGCGTTGGA-1,927,27,23
GCGTTGGAGCGTTGGA-1,43,28,23
TCCTACCAGCGTTGGA-1,770,29,23
ACTCAATAGCGTTGGA-1,1258,30,23
CTAAGAGAGCGTTGGA-1,1142,31,23
AGAGCTATGCGTTGGA-1,1018,32,23
TTGACTTCGCGTTGGA-1,1560,33,23
GCCATTCTGCGTTGGA-1,495,34,23
TAGAATTAGCGTTGGA-1,877,35,23
GGTACTGCGCGTTGGA-1,675,36,23
CTTGCGCCGCGTTGGA-1,444,37,23
AGAACGTCGCGTTGGA-1,1086,38,23
TCGGCCTTGCGTTGGA-1,1642,39,23
GCAGGTCCGCGTTGGA-1,954,40,23
TAGAGTAAGCGTTGGA-1,1207,41,23
GACCTTGAGCGTTGGA-1,901,42,23
CAACCGCTGCGTTGGA-1,520,43,23
ACTTAACCGCGTTGGA-1,1414,44,23
CCAGTTCCGCGTTGGA-1,1356,45,23
ACCGCCAAGCGTTGGA-1,1172,46,23
CCGATTCCGCGTTGGA-1,1493,47,23
GGCTGAGCGCGTTGGA-1,862,48,23
CGAACGCCGCGTTGGA-1,1406,49,23
ATAAGGAGGCGTTGGA-1,1244,50,23
AACCTGCGGATCTTAC-1,1810,1,24
GGTATGCTGATCTTAC-1,1227,2,24
GCTAACTTGATCTTAC-1,227,3,24
CATACTCCGATCTTAC-1,854,4,24
AGAGAAGGGATCTTAC-1,298,5,24
TCCGGCCTGATCTTAC-1,206,6,24
AAGAAGCTGATCTTAC-1,522,7,24
CGACGCGAGATCTTAC-1,1196,12,24
ACTATGCAGATCTTAC-1,567,13,24
TGGTCAGCGATCTTAC-1,241,14,24
ATCATATTGATCTTAC-1,873,15,24
TTACCGAGGATCTTAC-1,805,16,24
TGCCGGCAGATCTTAC-1,1124,17,24
TTATTCATGATCTTAC-1,1151,18,24
AATTAAGAGATCTTAC-1,1177,19,24
TAGATCTAGATCTTAC-1,1122,20,24
ACGGAGGCGATCTTAC-1,968,21,24
TGCGGACCGATCTTAC-1,814,22,24
TGAGTCTGGATCTTAC-1,1110,23,24
GCCGCAACGATCTTAC-1,1373,24,24
CCGAGAATGATCTTAC-1,527,25,24
CTGATGGTGATCTTAC-1,852,26,24
GATCTTACGATCTTAC-1,19,27,24
GCGTTGGAGATCTTAC-1,637,28,24
TCCTACCAGATCTTAC-1,627,29,24
ACTCAATAGATCTTAC-1,922,30,24
CTAAGAGAGATCTTAC-1,838,31,24
AGAGCTATGATCTTAC-1,804,32,24
TTGACTTCGATCTTAC-1,788,33,24
GCCATTCTGATCTTAC-1,302,34,24
TAGAATTAGATCTTAC-1,546,35,24
GGTACTGCGATCTTAC-1,215,36,24
CTTGCGCCGATCTTAC-1,586,37,24
AGAACGTCGATCTTAC-1,1290,38,24
TCGGCCTTGATCTTAC-1,869,39,24
GCAGGTCCGATCTTAC-1,421,40,24
TAGAGTAAGATCTTAC-1,882,41,24
GACCTTGAGATCTTAC-1,534,42,24
CAACCGCTGATCTTAC-1,399,43,24
ACTTAACCGATCTTAC-1,858,44,24
CCAGTTCCGATCTTAC-1,1009,45,24
ACCGCCAAGATCTTAC-1,570,46,24
CCGATTCCGATCTTAC-1,878,47,24
GGCTGAGCGATCTTAC-1,585,48,24
CGAACGCCGATCTTAC-1,1046,49,24
ATAAGGAGGATCTTAC-1,1711,50,24
AACCTGCGCTGATGGT-1,1893,1,25
GGTATGCTCTGATGGT-1,592,2,25
GCTAACTTCTGATGGT-1,454,3,25
CATACTCCCTGATGGT-1,1758,4,25
AGAGAAGGCTGATGGT-1,477,5,25
TCCGGCCTCTGATGGT-1,242,6,25
AAGAAGCTCTGATGGT-1,66,7,25
GAAGATCGCTGATGGT-1,1808,8,25
CGACGCGACTGATGGT-1,1318,12,25
ACTATGCACTGATGGT-1,1344,13,25
TGGTCAGCCTGATGGT-1,416,14,25
ATCATATTCTGATGGT-1,1230,15,25
TTACCGAGCTGATGGT-1,1039,16,25
TGCCGGCACTGATGGT-1,1057,17,25
TTATTCATCTGATGGT-1,1480,18,25
AATTAAGACTGATGGT-1,1251,19,25
TAGATCTACTGATGGT-1,1088,20,25
ACGGAGGCCTGATGGT-1,1204,21,25
TGCGGACCCTGATGGT-1,908,22,25
TGAGTCTGCTGATGGT-1,1096,23,25
GCCGCAACCTGATGGT-1,1442,24,25
CCGAGAATCTGATGGT-1,526,25,25
CTGATGGTCTGATGGT-1,166,26,25
GATCTTACCTGATGGT-1,797,27,25
GCGTTGGACTGATGGT-1,821,28,25
TCCTACCACTGATGGT-1,604,29,25
ACTCAATACTGATGGT-1,828,30,25
CTAAGAGACTGATGGT-1,980,31,25
AGAGCTATCTGATGGT-1,574,32,25
TTGACTTCCTGATGGT-1,914,33,25
GCCATTCTCTGATGGT-1,403,34,25
TAGAATTACTGATGGT-1,717,35,25
GGTACTGCCTGATGGT-1,652,36,25
CTTGCGCCCTGATGGT-1,1012,37,25
AGAACGTCCTGATGGT-1,945,38,25
TCGGCCTTCTGATGGT-1,836,39,25
GCAGGTCCCTGATGGT-1,429,40,25
TAGAGTAACTGATGGT-1,958,41,25
GACCTTGACTGATGGT-1,614,42,25
CAACCGCTCTGATGGT-1,553,43,25
ACTTAACCCTGATGGT-1,943,44,25
CCAGTTCCCTGATGGT-1,778,45,25
ACCGCCAACTGATGGT-1,408,46,25
CCGATTCCCTGATGGT-1,692,47,25
GGCTGAGCCTGATGGT-1,576,48,25
CGAACGCCCTGATGGT-1,540,49,25
ATAAGGAGCTGATGGT-1,1112,50,25
AACCTGCGCCGAGAAT-1,1917,1,26
GGTATGCTCCGAGAAT-1,992,2,26
GCTAACTTCCGAGAAT-1,885,3,26
CATACTCCCCGAGAAT-1,1775,4,26
AGAGAAGGCCGAGAAT-1,654,5,26
TCCGGCCTCCGAGAAT-1,348,6,26
AAGAAGCTCCGAGAAT-1,120,7,26
GAAGATCGCCGAGAAT-1,1254,8,26
CGACGCGACCGAGAAT-1,1752,12,26
ACTATGCACCGAGAAT-1,719,13,26
TGGTCAGCCCGAGAAT-1,458,14,26
ATCATATTCCGAGAAT-1,963,15,26
TTACCGAGCCGAGAAT-1,949,16,26
TGCCGGCACCGAGAAT-1,735,17,26
TTATTCATCCGAGAAT-1,1576,18,26
AATTAAGACCGAGAAT-1,1516,19,26
TAGATCTACCGAGAAT-1,1123,20,26
ACGGAGGCCCGAGAAT-1,971,21,26
TGCGGACCCCGAGAAT-1,713,22,26
TGAGTCTGCCGAGAAT-1,1120,23,26
GCCGCAACCCGAGAAT-1,1269,24,26
CCGAGAATCCGAGAAT-1,6,25,26
CTGATGGTCCGAGAAT-1,1209,26,26
GATCTTACCCGAGAAT-1,1051,27,26
GCGTTGGACCGAGAAT-1,864,28,26
TCCTACCACCGAGAAT-1,661,29,26
ACTCAATACCGAGAAT-1,1105,30,26
CTAAGAGACCGAGAAT-1,1079,31,26
AGAGCTATCCGAGAAT-1,680,32,26
TTGACTTCCCGAGAAT-1,525,33,26
GCCATTCTCCGAGAAT-1,286,34,26
TAGAATTACCGAGAAT-1,1397,35,26
GGTACTGCCCGAGAAT-1,1036,36,26
CTTGCGCCCCGAGAAT-1,636,37,26
AGAACGTCCCGAGAAT-1,994,38,26
TCGGCCTTCCGAGAAT-1,665,39,26
GCAGGTCCCCGAGAAT-1,412,40,26
TAGAGTAACCGAGAAT-1,1015,41,26
GACCTTGACCGAGAAT-1,1038,42,26
CAACCGCTCCGAGAAT-1,544,43,26
ACTTAACCCCGAGAAT-1,940,44,26
CCAGTTCCCCGAGAAT-1,670,45,26
ACCGCCAACCGAGAAT-1,439,46,26
CCGATTCCCCGAGAAT-1,492,47,26
GGCTGAGCCCGAGAAT-1,787,48,26
CGAACGCCCCGAGAAT-1,856,49,26
ATAAGGAGCCGAGAAT-1,1552,50,26
GGTATGCTGCCGCAAC-1,1014,2,27
GCTAACTTGCCGCAAC-1,141,3,27
CATACTCCGCCGCAAC-1,54,4,27
AGAGAAGGGCCGCAAC-1,509,5,27
TCCGGCCTGCCGCAAC-1,237,6,27
AAGAAGCTGCCGCAAC-1,60,7,27
GAAGATCGGCCGCAAC-1,81,8,27
CGACGCGAGCCGCAAC-1,523,12,27
ACTATGCAGCCGCAAC-1,443,13,27
TGGTCAGCGCCGCAAC-1,487,14,27
ATCATATTGCCGCAAC-1,595,15,27
TTACCGAGGCCGCAAC-1,1000,16,27
TGCCGGCAGCCGCAAC-1,330,17,27
TTATTCATGCCGCAAC-1,357,18,27
AATTAAGAGCCGCAAC-1,317,19,27
TAGATCTAGCCGCAAC-1,375,20,27
ACGGAGGCGCCGCAAC-1,93,21,27
TGCGGACCGCCGCAAC-1,84,22,27
TGAGTCTGGCCGCAAC-1,33,23,27
GCCGCAACGCCGCAAC-1,0,24,27
CCGAGAATGCCGCAAC-1,73,25,27
CTGATGGTGCCGCAAC-1,779,26,27
GATCTTACGCCGCAAC-1,389,27,27
GCGTTGGAGCCGCAAC-1,344,28,27
TCCTACCAGCCGCAAC-1,263,29,27
ACTCAATAGCCGCAAC-1,516,30,27
CTAAGAGAGCCGCAAC-1,498,31,27
AGAGCTATGCCGCAAC-1,158,32,27
TTGACTTCGCCGCAAC-1,104,33,27
GCCATTCTGCCGCAAC-1,196,34,27
TAGAATTAGCCGCAAC-1,1401,35,27
GGTACTGCGCCGCAAC-1,147,36,27
CTTGCGCCGCCGCAAC-1,594,37,27
AGAACGTCGCCGCAAC-1,279,38,27
TCGGCCTTGCCGCAAC-1,558,39,27
GCAGGTCCGCCGCAAC-1,599,40,27
TAGAGTAAGCCGCAAC-1,588,41,27
GACCTTGAGCCGCAAC-1,275,42,27
CAACCGCTGCCGCAAC-1,214,43,27
ACTTAACCGCCGCAAC-1,478,44,27
CCAGTTCCGCCGCAAC-1,311,45,27
ACCGCCAAGCCGCAAC-1,118,46,27
CCGATTCCGCCGCAAC-1,236,47,27
GGCTGAGCGCCGCAAC-1,188,48,27
CGAACGCCGCCGCAAC-1,417,49,27
ATAAGGAGGCCGCAAC-1,497,50,27
GGTATGCTTGAGTCTG-1,1914,2,28
GCTAACTTTGAGTCTG-1,640,3,28
CATACTCCTGAGTCTG-1,583,4,28
AGAGAAGGTGAGTCTG-1,472,5,28
TCCGGCCTTGAGTCTG-1,655,6,28
AAGAAGCTTGAGTCTG-1,285,7,28
GAAGATCGTGAGTCTG-1,748,8,28
TCTGATACTGAGTCTG-1,1823,9,28
CGACGCGATGAGTCTG-1,1780,12,28
ACTATGCATGAGTCTG-1,824,13,28
TGGTCAGCTGAGTCTG-1,697,14,28
ATCATATTTGAGTCTG-1,1549,15,28
TTACCGAGTGAGTCTG-1,1362,16,28
TGCCGGCATGAGTCTG-1,1080,17,28
TTATTCATTGAGTCTG-1,1091,18,28
AATTAAGATGAGTCTG-1,1343,19,28
TAGATCTATGAGTCTG-1,726,20,28
ACGGAGGCTGAGTCTG-1,1089,21,28
TGCGGACCTGAGTCTG-1,731,22,28
TGAGTCTGTGAGTCTG-1,5,23,28
GCCGCAACTGAGTCTG-1,1159,24,28
CCGAGAATTGAGTCTG-1,830,25,28
CTGATGGTTGAGTCTG-1,1595,26,28
GATCTTACTGAGTCTG-1,1437,27,28
GCGTTGGATGAGTCTG-1,1190,28,28
TCCTACCATGAGTCTG-1,1562,29,28
ACTCAATATGAGTCTG-1,1588,30,28
CTAAGAGATGAGTCTG-1,1234,31,28
AGAGCTATTGAGTCTG-1,766,32,28
TTGACTTCTGAGTCTG-1,705,33,28
GCCATTCTTGAGTCTG-1,1633,34,28
TAGAATTATGAGTCTG-1,1360,35,28
GGTACTGCTGAGTCTG-1,754,36,28
CTTGCGCCTGAGTCTG-1,1130,37,28
AGAACGTCTGAGTCTG-1,1137,38,28
TCGGCCTTTGAGTCTG-1,1119,39,28
GCAGGTCCTGAGTCTG-1,557,40,28
TAGAGTAATGAGTCTG-1,913,41,28
GACCTTGATGAGTCTG-1,499,42,28
CAACCGCTTGAGTCTG-1,789,43,28
ACTTAACCTGAGTCTG-1,1114,44,28
CCAGTTCCTGAGTCTG-1,1363,45,28
ACCGCCAATGAGTCTG-1,681,46,28
CCGATTCCTGAGTCTG-1,895,47,28
GGCTGAGCTGAGTCTG-1,1424,48,28
CGAACGCCTGAGTCTG-1,1302,49,28
ATAAGGAGTGAGTCTG-1,1619,50,28
GCTAACTTTGCGGACC-1,767,3,29
CATACTCCTGCGGACC-1,369,4,29
AGAGAAGGTGCGGACC-1,76,5,29
TCCGGCCTTGCGGACC-1,309,6,29
AAGAAGCTTGCGGACC-1,67,7,29
GAAGATCGTGCGGACC-1,17,8,29
TCTGATACTGCGGACC-1,506,9,29
CGACGCGATGCGGACC-1,74,12,29
ACTATGCATGCGGACC-1,234,13,29
TGGTCAGCTGCGGACC-1,218,14,29
ATCATATTTGCGGACC-1,1327,15,29
TTACCGAGTGCGGACC-1,521,16,29
TGCCGGCATGCGGACC-1,406,17,29
TTATTCATTGCGGACC-1,476,18,29
AATTAAGATGCGGACC-1,409,19,29
TAGATCTATGCGGACC-1,249,20,29
ACGGAGGCTGCGGACC-1,225,21,29
TGCGGACCTGCGGACC-1,2,22,29
TGAGTCTGTGCGGACC-1,327,23,29
GCCGCAACTGCGGACC-1,608,24,29
CCGAGAATTGCGGACC-1,321,25,29
CTGATGGTTGCGGACC-1,756,26,29
GATCTTACTGCGGACC-1,650,27,29
GCGTTGGATGCGGACC-1,386,28,29
TCCTACCATGCGGACC-1,239,29,29
ACTCAATATGCGGACC-1,642,30,29
CTAAGAGATGCGGACC-1,392,31,29
AGAGCTATTGCGGACC-1,192,32,29
TTGACTTCTGCGGACC-1,339,33,29
GCCATTCTTGCGGACC-1,827,34,29
TAGAATTATGCGGACC-1,715,35,29
GGTACTGCTGCGGACC-1,106,36,29
CTTGCGCCTGCGGACC-1,274,37,29
AGAACGTCTGCGGACC-1,172,38,29
TCGGCCTTTGCGGACC-1,96,39,29
GCAGGTCCTGCGGACC-1,56,40,29
TAGAGTAATGCGGACC-1,95,41,29
GACCTTGATGCGGACC-1,28,42,29
CAACCGCTTGCGGACC-1,115,43,29
ACTTAACCTGCGGACC-1,82,44,29
CCAGTTCCTGCGGACC-1,136,45,29
ACCGCCAATGCGGACC-1,52,46,29
CCGATTCCTGCGGACC-1,89,47,29
GGCTGAGCTGCGGACC-1,133,48,29
CGAACGCCTGCGGACC-1,179,49,29
ATAAGGAGTGCGGACC-1,688,50,29
GCTAACTTACGGAGGC-1,1651,3,30
CATACTCCACGGAGGC-1,1021,4,30
AGAGAAGGACGGAGGC-1,515,5,30
TCCGGCCTACGGAGGC-1,505,6,30
AAGAAGCTACGGAGGC-1,747,7,30
GAAGATCGACGGAGGC-1,103,8,30
TCTGATACACGGAGGC-1,388,9,30
TTATCCGGACGGAGGC-1,894,10,30
CGACGCGAACGGAGGC-1,1324,12,30
ACTATGCAACGGAGGC-1,1158,13,30
TGGTCAGCACGGAGGC-1,560,14,30
ATCATATTACGGAGGC-1,1352,15,30
TTACCGAGACGGAGGC-1,1389,16,30
TGCCGGCAACGGAGGC-1,768,17,30
TTATTCATACGGAGGC-1,1108,18,30
AATTAAGAACGGAGGC-1,1083,19,30
TAGATCTAACGGAGGC-1,934,20,30
ACGGAGGCACGGAGGC-1,53,21,30
TGCGGACCACGGAGGC-1,793,22,30
TGAGTCTGACGGAGGC-1,1024,23,30
GCCGCAACACGGAGGC-1,1528,24,30
CCGAGAATACGGAGGC-1,921,25,30
CTGATGGTACGGAGGC-1,1455,26,30
GATCTTACACGGAGGC-1,1409,27,30
GCGTTGGAACGGAGGC-1,1473,28,30
TCCTACCAACGGAGGC-1,737,29,30
ACTCAATAACGGAGGC-1,1341,30,30
CTAAGAGAACGGAGGC-1,1501,31,30
AGAGCTATACGGAGGC-1,1540,32,30
TTGACTTCACGGAGGC-1,1692,33,30
GCCATTCTACGGAGGC-1,1056,34,30
TAGAATTAACGGAGGC-1,1488,35,30
GGTACTGCACGGAGGC-1,494,36,30
CTTGCGCCACGGAGGC-1,757,37,30
AGAACGTCACGGAGGC-1,582,38,30
TCGGCCTTACGGAGGC-1,775,39,30
GCAGGTCCACGGAGGC-1,569,40,30
TAGAGTAAACGGAGGC-1,658,41,30
GACCTTGAACGGAGGC-1,1526,42,30
CAACCGCTACGGAGGC-1,466,43,30
ACTTAACCACGGAGGC-1,220,44,30
CCAGTTCCACGGAGGC-1,448,45,30
ACCGCCAAACGGAGGC-1,660,46,30
CCGATTCCACGGAGGC-1,1369,47,30
GGCTGAGCACGGAGGC-1,1304,48,30
CGAACGCCACGGAGGC-1,1250,49,30
ATAAGGAGACGGAGGC-1,1630,50,30
CATACTCCTAGATCTA-1,641,4,31
AGAGAAGGTAGATCTA-1,996,5,31
TCCGGCCTTAGATCTA-1,812,6,31
AAGAAGCTTAGATCTA-1,851,7,31
GAAGATCGTAGATCTA-1,335,8,31
TCTGATACTAGATCTA-1,86,9,31
TTATCCGGTAGATCTA-1,1182,10,31
CGACGCGATAGATCTA-1,1107,12,31
ACTATGCATAGATCTA-1,1666,13,31
TGGTCAGCTAGATCTA-1,623,14,31
ATCATATTTAGATCTA-1,1396,15,31
TTACCGAGTAGATCTA-1,1734,16,31
TGCCGGCATAGATCTA-1,874,17,31
TTATTCATTAGATCTA-1,1113,18,31
AATTAAGATAGATCTA-1,1121,19,31
TAGATCTATAGATCTA-1,4,20,31
ACGGAGGCTAGATCTA-1,1028,21,31
TGCGGACCTAGATCTA-1,969,22,31
TGAGTCTGTAGATCTA-1,1222,23,31
GCCGCAACTAGATCTA-1,1410,24,31
CCGAGAATTAGATCTA-1,1126,25,31
CTGATGGTTAGATCTA-1,1590,26,31
GATCTTACTAGATCTA-1,1498,27,31
GCGTTGGATAGATCTA-1,1152,28,31
TCCTACCATAGATCTA-1,1506,29,31
ACTCAATATAGATCTA-1,1761,30,31
CTAAGAGATAGATCTA-1,1660,31,31
AGAGCTATTAGATCTA-1,1481,32,31
TTGACTTCTAGATCTA-1,1681,33,31
GCCATTCTTAGATCTA-1,1417,34,31
TAGAATTATAGATCTA-1,1574,35,31
GGTACTGCTAGATCTA-1,857,36,31
CTTGCGCCTAGATCTA-1,1405,37,31
AGAACGTCTAGATCTA-1,716,38,31
TCGGCCTTTAGATCTA-1,550,39,31
GCAGGTCCTAGATCTA-1,517,40,31
TAGAGTAATAGATCTA-1,1147,41,31
ACTTAACCTAGATCTA-1,1854,44,31
CCAGTTCCTAGATCTA-1,1680,45,31
ACCGCCAATAGATCTA-1,208,46,31
CCGATTCCTAGATCTA-1,320,47,31
GGCTGAGCTAGATCTA-1,617,48,31
CGAACGCCTAGATCTA-1,1031,49,31
ATAAGGAGTAGATCTA-1,1632,50,31
CATACTCCAATTAAGA-1,1798,4,32
AGAGAAGGAATTAAGA-1,1293,5,32
TCCGGCCTAATTAAGA-1,989,6,32
AAGAAGCTAATTAAGA-1,436,7,32
GAAGATCGAATTAAGA-1,504,8,32
TCTGATACAATTAAGA-1,190,9,32
TTATCCGGAATTAAGA-1,1004,10,32
GATACGGAAATTAAGA-1,1815,11,32
CGACGCGAAATTAAGA-1,1052,12,32
ACTATGCAAATTAAGA-1,1869,13,32
TGGTCAGCAATTAAGA-1,593,14,32
ATCATATTAATTAAGA-1,1451,15,32
TTACCGAGAATTAAGA-1,1484,16,32
TGCCGGCAAATTAAGA-1,965,17,32
TTATTCATAATTAAGA-1,1305,18,32
AATTAAGAAATTAAGA-1,15,19,32
TAGATCTAAATTAAGA-1,1212,20,32
ACGGAGGCAATTAAGA-1,1160,21,32
TGCGGACCAATTAAGA-1,998,22,32
TGAGTCTGAATTAAGA-1,1061,23,32
GCCGCAACAATTAAGA-1,1495,24,32
CCGAGAATAATTAAGA-1,816,25,32
CTGATGGTAATTAAGA-1,1531,26,32
GATCTTACAATTAAGA-1,1279,27,32
GCGTTGGAAATTAAGA-1,1040,28,32
TCCTACCAAATTAAGA-1,1477,29,32
ACTCAATAAATTAAGA-1,1518,30,32
CTAAGAGAAATTAAGA-1,1678,31,32
AGAGCTATAATTAAGA-1,1375,32,32
TTGACTTCAATTAAGA-1,1262,33,32
GCCATTCTAATTAAGA-1,1246,34,32
TAGAATTAAATTAAGA-1,1366,35,32
GGTACTGCAATTAAGA-1,803,36,32
CTTGCGCCAATTAAGA-1,647,37,32
AGAACGTCAATTAAGA-1,929,38,32
TCGGCCTTAATTAAGA-1,1102,39,32
GCAGGTCCAATTAAGA-1,991,40,32
TAGAGTAAAATTAAGA-1,1544,41,32
ACCGCCAAAATTAAGA-1,1813,46,32
CCGATTCCAATTAAGA-1,257,47,32
GGCTGAGCAATTAAGA-1,530,48,32
CGAACGCCAATTAAGA-1,533,49,32
ATAAGGAGAATTAAGA-1,1042,50,32
AGAGAAGGTTATTCAT-1,1277,5,33
TCCGGCCTTTATTCAT-1,1156,6,33
AAGAAGCTTTATTCAT-1,701,7,33
GAAGATCGTTATTCAT-1,356,8,33
TCTGATACTTATTCAT-1,808,9,33
TTATCCGGTTATTCAT-1,465,10,33
GATACGGATTATTCAT-1,573,11,33
CGACGCGATTATTCAT-1,891,12,33
ACTATGCATTATTCAT-1,1768,13,33
TGGTCAGCTTATTCAT-1,606,14,33
ATCATATTTTATTCAT-1,1333,15,33
TTACCGAGTTATTCAT-1,1468,16,33
TGCCGGCATTATTCAT-1,659,17,33
TTATTCATTTATTCAT-1,7,18,33
AATTAAGATTATTCAT-1,1253,19,33
TAGATCTATTATTCAT-1,1219,20,33
ACGGAGGCTTATTCAT-1,1200,21,33
TGCGGACCTTATTCAT-1,1238,22,33
TGAGTCTGTTATTCAT-1,1349,23,33
GCCGCAACTTATTCAT-1,1388,24,33
CCGAGAATTTATTCAT-1,774,25,33
CTGATGGTTTATTCAT-1,1579,26,33
GATCTTACTTATTCAT-1,1162,27,33
GCGTTGGATTATTCAT-1,1049,28,33
TCCTACCATTATTCAT-1,1440,29,33
ACTCAATATTATTCAT-1,1482,30,33
CTAAGAGATTATTCAT-1,1622,31,33
AGAGCTATTTATTCAT-1,1739,32,33
TTGACTTCTTATTCAT-1,1286,33,33
GCCATTCTTTATTCAT-1,1320,34,33
TAGAATTATTATTCAT-1,1194,35,33
GGTACTGCTTATTCAT-1,734,36,33
CTTGCGCCTTATTCAT-1,739,37,33
AGAACGTCTTATTCAT-1,698,38,33
TCGGCCTTTTATTCAT-1,868,39,33
GCAGGTCCTTATTCAT-1,603,40,33
GGCTGAGCTTATTCAT-1,1719,48,33
CGAACGCCTTATTCAT-1,911,49,33
ATAAGGAGTTATTCAT-1,345,50,33
AGAGAAGGTGCCGGCA-1,1848,5,34
TCCGGCCTTGCCGGCA-1,686,6,34
AAGAAGCTTGCCGGCA-1,1135,7,34
GAAGATCGTGCCGGCA-1,572,8,34
TCTGATACTGCCGGCA-1,769,9,34
TTATCCGGTGCCGGCA-1,528,10,34
GATACGGATGCCGGCA-1,300,11,34
CGACGCGATGCCGGCA-1,1700,12,34
ACTATGCATGCCGGCA-1,1649,13,34
TGGTCAGCTGCCGGCA-1,645,14,34
ATCATATTTGCCGGCA-1,1265,15,34
TTACCGAGTGCCGGCA-1,743,16,34
TGCCGGCATGCCGGCA-1,27,17,34
TTATTCATTGCCGGCA-1,925,18,34
AATTAAGATGCCGGCA-1,1470,19,34
TAGATCTATGCCGGCA-1,1339,20,34
ACGGAGGCTGCCGGCA-1,1098,21,34
TGCGGACCTGCCGGCA-1,1218,22,34
TGAGTCTGTGCCGGCA-1,1453,23,34
GCCGCAACTGCCGGCA-1,1636,24,34
CCGAGAATTGCCGGCA-1,1217,25,34
CTGATGGTTGCCGGCA-1,1594,26,34
GATCTTACTGCCGGCA-1,1268,27,34
GCGTTGGATGCCGGCA-1,1329,28,34
TCCTACCATGCCGGCA-1,820,29,34
ACTCAATATGCCGGCA-1,1759,30,34
CTAAGAGATGCCGGCA-1,1694,31,34
AGAGCTATTGCCGGCA-1,1782,32,34
TTGACTTCTGCCGGCA-1,1492,33,34
GCCATTCTTGCCGGCA-1,1128,34,34
TAGAATTATGCCGGCA-1,1365,35,34
GGTACTGCTGCCGGCA-1,823,36,34
CTTGCGCCTGCCGGCA-1,710,37,34
AGAACGTCTGCCGGCA-1,1050,38,34
TCGGCCTTTGCCGGCA-1,1027,39,34
GCAGGTCCTGCCGGCA-1,1069,40,34
ACTTAACCTGCCGGCA-1,1925,44,34
CGAACGCCTGCCGGCA-1,1547,49,34
ATAAGGAGTGCCGGCA-1,1446,50,34
TCCGGCCTTTACCGAG-1,1555,6,35
AAGAAGCTTTACCGAG-1,1445,7,35
GAAGATCGTTACCGAG-1,917,8,35
TCTGATACTTACCGAG-1,1783,9,35
TTATCCGGTTACCGAG-1,1055,10,35
GATACGGATTACCGAG-1,447,11,35
CGACGCGATTACCGAG-1,1741,12,35
ACTATGCATTACCGAG-1,1832,13,35
TGGTCAGCTTACCGAG-1,1085,14,35
ATCATATTTTACCGAG-1,1413,15,35
TTACCGAGTTACCGAG-1,90,16,35
TGCCGGCATTACCGAG-1,975,17,35
TTATTCATTTACCGAG-1,1382,18,35
AATTAAGATTACCGAG-1,1392,19,35
TAGATCTATTACCGAG-1,1106,20,35
ACGGAGGCTTACCGAG-1,1003,21,35
TGCGGACCTTACCGAG-1,1399,22,35
TGAGTCTGTTACCGAG-1,1213,23,35
GCCGCAACTTACCGAG-1,1513,24,35
CCGAGAATTTACCGAG-1,918,25,35
CTGATGGTTTACCGAG-1,1419,26,35
GATCTTACTTACCGAG-1,1175,27,35
GCGTTGGATTACCGAG-1,919,28,35
TCCTACCATTACCGAG-1,790,29,35
ACTCAATATTACCGAG-1,1071,30,35
CTAAGAGATTACCGAG-1,1514,31,35
AGAGCTATTTACCGAG-1,1384,32,35
TTGACTTCTTACCGAG-1,1438,33,35
GCCATTCTTTACCGAG-1,1022,34,35
TAGAATTATTACCGAG-1,1578,35,35
GGTACTGCTTACCGAG-1,575,36,35
CTTGCGCCTTACCGAG-1,668,37,35
AGAACGTCTTACCGAG-1,931,38,35
TCGGCCTTTTACCGAG-1,1550,39,35
CAACCGCTTTACCGAG-1,1888,43,35
ACTTAACCTTACCGAG-1,1931,44,35
CCAGTTCCTTACCGAG-1,1908,45,35
ACCGCCAATTACCGAG-1,1133,46,35
AAGAAGCTATCATATT-1,1155,7,36
GAAGATCGATCATATT-1,1598,8,36
TCTGATACATCATATT-1,1460,9,36
TTATCCGGATCATATT-1,1280,10,36
GATACGGAATCATATT-1,597,11,36
CGACGCGAATCATATT-1,1676,12,36
ACTATGCAATCATATT-1,1743,13,36
TGGTCAGCATCATATT-1,1164,14,36
ATCATATTATCATATT-1,44,15,36
TTACCGAGATCATATT-1,1592,16,36
TGCCGGCAATCATATT-1,1210,17,36
TTATTCATATCATATT-1,1537,18,36
AATTAAGAATCATATT-1,1687,19,36
TAGATCTAATCATATT-1,1241,20,36
ACGGAGGCATCATATT-1,1242,21,36
TGCGGACCATCATATT-1,1745,22,36
TGAGTCTGATCATATT-1,1553,23,36
GCCGCAACATCATATT-1,1436,24,36
CCGAGAATATCATATT-1,988,25,36
CTGATGGTATCATATT-1,1530,26,36
GATCTTACATCATATT-1,1169,27,36
GCGTTGGAATCATATT-1,1019,28,36
TCCTACCAATCATATT-1,792,29,36
ACTCAATAATCATATT-1,1377,30,36
CTAAGAGAATCATATT-1,1197,31,36
AGAGCTATATCATATT-1,850,32,36
TTGACTTCATCATATT-1,1145,33,36
GCCATTCTATCATATT-1,783,34,36
TAGAATTAATCATATT-1,1236,35,36
GGTACTGCATCATATT-1,626,36,36
CTTGCGCCATCATATT-1,590,37,36
AGAACGTCATCATATT-1,1006,38,36
ACTTAACCATCATATT-1,1924,44,36
CCAGTTCCATCATATT-1,707,45,36
ACCGCCAAATCATATT-1,1226,46,36
CCGATTCCATCATATT-1,1263,47,36
AAGAAGCTTGGTCAGC-1,1887,7,37
GAAGATCGTGGTCAGC-1,1020,8,37
TCTGATACTGGTCAGC-1,1450,9,37
TTATCCGGTGGTCAGC-1,1278,10,37
GATACGGATGGTCAGC-1,1725,11,37
CGACGCGATGGTCAGC-1,959,12,37
ACTATGCATGGTCAGC-1,1490,13,37
TGGTCAGCTGGTCAGC-1,10,14,37
ATCATATTTGGTCAGC-1,1601,15,37
TTACCGAGTGGTCAGC-1,1466,16,37
TGCCGGCATGGTCAGC-1,826,17,37
TTATTCATTGGTCAGC-1,1183,18,37
AATTAAGATGGTCAGC-1,1525,19,37
TAGATCTATGGTCAGC-1,1323,20,37
ACGGAGGCTGGTCAGC-1,1180,21,37
TGCGGACCTGGTCAGC-1,1697,22,37
TGAGTCTGTGGTCAGC-1,1489,23,37
GCCGCAACTGGTCAGC-1,1398,24,37
CCGAGAATTGGTCAGC-1,531,25,37
CTGATGGTTGGTCAGC-1,1487,26,37
GATCTTACTGGTCAGC-1,1284,27,37
GCGTTGGATGGTCAGC-1,1139,28,37
TCCTACCATGGTCAGC-1,1132,29,37
ACTCAATATGGTCAGC-1,1686,30,37
CTAAGAGATGGTCAGC-1,1658,31,37
AGAGCTATTGGTCAGC-1,1471,32,37
TTGACTTCTGGTCAGC-1,1248,33,37
GCCATTCTTGGTCAGC-1,898,34,37
TAGAATTATGGTCAGC-1,1141,35,37
GGTACTGCTGGTCAGC-1,511,36,37
CTTGCGCCTGGTCAGC-1,326,37,37
AGAACGTCTGGTCAGC-1,1726,38,37
ACCGCCAATGGTCAGC-1,800,46,37
CCGATTCCTGGTCAGC-1,993,47,37
TCTGATACACTATGCA-1,1144,9,38
TTATCCGGACTATGCA-1,1330,10,38
GATACGGAACTATGCA-1,1348,11,38
CGACGCGAACTATGCA-1,977,12,38
ACTATGCAACTATGCA-1,3,13,38
TGGTCAGCACTATGCA-1,470,14,38
ATCATATTACTATGCA-1,1878,15,38
TTACCGAGACTATGCA-1,1412,16,38
TGCCGGCAACTATGCA-1,708,17,38
TTATTCATACTATGCA-1,1524,18,38
AATTAAGAACTATGCA-1,1257,19,38
TAGATCTAACTATGCA-1,1017,20,38
ACGGAGGCACTATGCA-1,1430,21,38
TGCGGACCACTATGCA-1,1223,22,38
TGAGTCTGACTATGCA-1,1292,23,38
GCCGCAACACTATGCA-1,1372,24,38
CCGAGAATACTATGCA-1,722,25,38
CTGATGGTACTATGCA-1,1171,26,38
GATCTTACACTATGCA-1,1129,27,38
GCGTTGGAACTATGCA-1,1026,28,38
TCCTACCAACTATGCA-1,672,29,38
ACTCAATAACTATGCA-1,1296,30,38
CTAAGAGAACTATGCA-1,1143,31,38
AGAGCTATACTATGCA-1,1452,32,38
TTGACTTCACTATGCA-1,1317,33,38
GCCATTCTACTATGCA-1,752,34,38
TAGAATTAACTATGCA-1,728,35,38
GGTACTGCACTATGCA-1,618,36,38
CTTGCGCCACTATGCA-1,1532,37,38
AGAACGTCACTATGCA-1,1855,38,38
TCGGCCTTACTATGCA-1,1770,39,38
GCAGGTCCACTATGCA-1,273,40,38
TAGAGTAAACTATGCA-1,1334,41,38
GACCTTGAACTATGCA-1,1883,42,38
ACTTAACCACTATGCA-1,1386,44,38
CCAGTTCCACTATGCA-1,1842,45,38
ACCGCCAAACTATGCA-1,398,46,38
CCGATTCCACTATGCA-1,1391,47,38
TCTGATACCGACGCGA-1,1655,9,39
TTATCCGGCGACGCGA-1,1245,10,39
GATACGGACGACGCGA-1,1383,11,39
CGACGCGACGACGCGA-1,25,12,39
ACTATGCACGACGCGA-1,1654,13,39
TGGTCAGCCGACGCGA-1,1311,14,39
ATCATATTCGACGCGA-1,1740,15,39
TTACCGAGCGACGCGA-1,1368,16,39
TGCCGGCACGACGCGA-1,1095,17,39
TTATTCATCGACGCGA-1,1485,18,39
AATTAAGACGACGCGA-1,1393,19,39
TAGATCTACGACGCGA-1,1275,20,39
ACGGAGGCCGACGCGA-1,1322,21,39
TGCGGACCCGACGCGA-1,1235,22,39
TGAGTCTGCGACGCGA-1,1557,23,39
GCCGCAACCGACGCGA-1,1420,24,39
CCGAGAATCGACGCGA-1,843,25,39
CTGATGGTCGACGCGA-1,1559,26,39
GATCTTACCGACGCGA-1,1045,27,39
GCGTTGGACGACGCGA-1,870,28,39
TCCTACCACGACGCGA-1,942,29,39
ACTCAATACGACGCGA-1,1300,30,39
CTAAGAGACGACGCGA-1,1331,31,39
AGAGCTATCGACGCGA-1,1444,32,39
TTGACTTCCGACGCGA-1,1418,33,39
GCCATTCTCGACGCGA-1,633,34,39
TAGAATTACGACGCGA-1,1176,35,39
GGTACTGCCGACGCGA-1,706,36,39
CTTGCGCCCGACGCGA-1,1884,37,39
AGAACGTCCGACGCGA-1,1868,38,39
TCGGCCTTCGACGCGA-1,256,39,39
GCAGGTCCCGACGCGA-1,610,40,39
TAGAGTAACGACGCGA-1,1727,41,39
GACCTTGACGACGCGA-1,437,42,39
CAACCGCTCGACGCGA-1,396,43,39
ACTTAACCCGACGCGA-1,831,44,39
CCAGTTCCCGACGCGA-1,625,45,39
ACCGCCAACGACGCGA-1,732,46,39
CCGATTCCCGACGCGA-1,1774,47,39
TTATCCGGGATACGGA-1,1416,10,40
GATACGGAGATACGGA-1,145,11,40
CGACGCGAGATACGGA-1,1043,12,40
ACTATGCAGATACGGA-1,1189,13,40
TGGTCAGCGATACGGA-1,1136,14,40
ATCATATTGATACGGA-1,1877,15,40
TTACCGAGGATACGGA-1,1203,16,40
TGCCGGCAGATACGGA-1,1188,17,40
TTATTCATGATACGGA-1,1403,18,40
AATTAAGAGATACGGA-1,1640,19,40
TAGATCTAGATACGGA-1,1497,20,40
ACGGAGGCGATACGGA-1,1542,21,40
TGCGGACCGATACGGA-1,1271,22,40
TGAGTCTGGATACGGA-1,1266,23,40
GCCGCAACGATACGGA-1,1483,24,40
CCGAGAATGATACGGA-1,702,25,40
CTGATGGTGATACGGA-1,1099,26,40
GATCTTACGATACGGA-1,1070,27,40
GCGTTGGAGATACGGA-1,1007,28,40
TCCTACCAGATACGGA-1,1233,29,40
ACTCAATAGATACGGA-1,1146,30,40
CTAAGAGAGATACGGA-1,1367,31,40
AGAGCTATGATACGGA-1,1508,32,40
TTGACTTCGATACGGA-1,1519,33,40
GCCATTCTGATACGGA-1,552,34,40
TAGAATTAGATACGGA-1,1282,35,40
CTTGCGCCGATACGGA-1,1860,37,40
AGAACGTCGATACGGA-1,1354,38,40
TCGGCCTTGATACGGA-1,1048,39,40
GCAGGTCCGATACGGA-1,817,40,40
TAGAGTAAGATACGGA-1,906,41,40
GACCTTGAGATACGGA-1,420,42,40
CAACCGCTGATACGGA-1,687,43,40
ACTTAACCGATACGGA-1,1706,44,40
CCAGTTCCGATACGGA-1,1520,45,40
ACCGCCAAGATACGGA-1,1827,46,40
GATACGGATTATCCGG-1,847,11,41
CGACGCGATTATCCGG-1,1760,12,41
ACTATGCATTATCCGG-1,1623,13,41
TGGTCAGCTTATCCGG-1,1355,14,41
ATCATATTTTATCCGG-1,1735,15,41
TTACCGAGTTATCCGG-1,1237,16,41
TGCCGGCATTATCCGG-1,1316,17,41
TTATTCATTTATCCGG-1,1608,18,41
AATTAAGATTATCCGG-1,1634,19,41
TAGATCTATTATCCGG-1,1639,20,41
ACGGAGGCTTATCCGG-1,1551,21,41
TGCGGACCTTATCCGG-1,1462,22,41
TGAGTCTGTTATCCGG-1,1297,23,41
GCCGCAACTTATCCGG-1,1454,24,41
CCGAGAATTTATCCGG-1,760,25,41
CTGATGGTTTATCCGG-1,1064,26,41
GATCTTACTTATCCGG-1,962,27,41
GCGTTGGATTATCCGG-1,1002,28,41
TCCTACCATTATCCGG-1,1288,29,41
ACTCAATATTATCCGG-1,1599,30,41
CTAAGAGATTATCCGG-1,1733,31,41
AGAGCTATTTATCCGG-1,1600,32,41
TTGACTTCTTATCCGG-1,1301,33,41
GCCATTCTTTATCCGG-1,875,34,41
TCGGCCTTTTATCCGG-1,1092,39,41
GCAGGTCCTTATCCGG-1,671,40,41
TAGAGTAATTATCCGG-1,1313,41,41
GACCTTGATTATCCGG-1,1208,42,41
CAACCGCTTTATCCGG-1,1035,43,41
ACTTAACCTTATCCGG-1,1511,44,41
CCAGTTCCTTATCCGG-1,1075,45,41
CGACGCGATCTGATAC-1,559,12,42
ACTATGCATCTGATAC-1,1703,13,42
TGGTCAGCTCTGATAC-1,1168,14,42
ATCATATTTCTGATAC-1,1400,15,42
TTACCGAGTCTGATAC-1,1712,16,42
TGCCGGCATCTGATAC-1,952,17,42
TTATTCATTCTGATAC-1,1720,18,42
AATTAAGATCTGATAC-1,1673,19,42
TAGATCTATCTGATAC-1,1439,20,42
ACGGAGGCTCTGATAC-1,1295,21,42
TGAGTCTGTCTGATAC-1,1786,23,42
CCGAGAATTCTGATAC-1,709,25,42
CTGATGGTTCTGATAC-1,1154,26,42
GATCTTACTCTGATAC-1,865,27,42
GCGTTGGATCTGATAC-1,1309,28,42
TCCTACCATCTGATAC-1,1273,29,42
ACTCAATATCTGATAC-1,1604,30,42
AGAACGTCTCTGATAC-1,1818,38,42
TCGGCCTTTCTGATAC-1,589,39,42
GCAGGTCCTCTGATAC-1,371,40,42
TAGAGTAATCTGATAC-1,845,41,42
GACCTTGATCTGATAC-1,381,42,42
CAACCGCTTCTGATAC-1,1252,43,42
ACTTAACCTCTGATAC-1,967,44,42
ACTATGCAGAAGATCG-1,1677,13,43
TGGTCAGCGAAGATCG-1,1930,14,43
ATCATATTGAAGATCG-1,1754,15,43
TTACCGAGGAAGATCG-1,1814,16,43
TGCCGGCAGAAGATCG-1,1777,17,43
TTATTCATGAAGATCG-1,1788,18,43
AATTAAGAGAAGATCG-1,1796,19,43
TAGATCTAGAAGATCG-1,1829,20,43
ACGGAGGCGAAGATCG-1,1631,21,43
TGCGGACCGAAGATCG-1,1825,22,43
GCAGGTCCGAAGATCG-1,1851,40,43
TAGAGTAAGAAGATCG-1,1675,41,43
GACCTTGAGAAGATCG-1,939,42,43
CAACCGCTGAAGATCG-1,1361,43,43
ACTTAACCGAAGATCG-1,1486,44,43
CCAGTTCCGAAGATCG-1,1215,45,43
ACTATGCAAAGAAGCT-1,1937,13,44
TGGTCAGCAAGAAGCT-1,1390,14,44
ATCATATTAAGAAGCT-1,1793,15,44
TTACCGAGAAGAAGCT-1,1395,16,44
TGCCGGCAAAGAAGCT-1,1603,17,44
TTATTCATAAGAAGCT-1,1570,18,44
AATTAAGAAAGAAGCT-1,1646,19,44
TAGATCTAAAGAAGCT-1,1693,20,44
ACGGAGGCAAGAAGCT-1,1615,21,44
TGCGGACCAAGAAGCT-1,1585,22,44
TGAGTCTGAAGAAGCT-1,1500,23,44
GCCGCAACAAGAAGCT-1,1572,24,44
GACCTTGAAAGAAGCT-1,1499,42,44
CAACCGCTAAGAAGCT-1,1620,43,44
ACTTAACCAAGAAGCT-1,1617,44,44
CCAGTTCCAAGAAGCT-1,1790,45,44
ATCATATTTCCGGCCT-1,1898,15,45
TTACCGAGTCCGGCCT-1,1672,16,45
TGCCGGCATCCGGCCT-1,1650,17,45
TTATTCATTCCGGCCT-1,1850,18,45
AATTAAGATCCGGCCT-1,1849,19,45
TAGATCTATCCGGCCT-1,1904,20,45
ACGGAGGCTCCGGCCT-1,1812,21,45
TGCGGACCTCCGGCCT-1,1896,22,45
TGAGTCTGTCCGGCCT-1,1944,23,45
GCCGCAACTCCGGCCT-1,1859,24,45
CCGAGAATTCCGGCCT-1,1736,25,45
CAACCGCTTCCGGCCT-1,1303,43,45
ACTTAACCTCCGGCCT-1,1948,44,45
TTACCGAGAGAGAAGG-1,1820,16,46
TGCCGGCAAGAGAAGG-1,689,17,46
TTATTCATAGAGAAGG-1,1698,18,46
AATTAAGAAGAGAAGG-1,1728,19,46
TAGATCTAAGAGAAGG-1,1627,20,46
ACGGAGGCAGAGAAGG-1,1221,21,46
TGCGGACCAGAGAAGG-1,1927,22,46
TGAGTCTGAGAGAAGG-1,1583,23,46
GCCGCAACAGAGAAGG-1,1717,24,46
CCGAGAATAGAGAAGG-1,1307,25,46
CTGATGGTAGAGAAGG-1,1568,26,46
GATCTTACAGAGAAGG-1,1394,27,46
GACCTTGAAGAGAAGG-1,1755,42,46
CAACCGCTAGAGAAGG-1,1652,43,46
ACTTAACCAGAGAAGG-1,1744,44,46
TGCCGGCACATACTCC-1,1746,17,47
TTATTCATCATACTCC-1,866,18,47
AATTAAGACATACTCC-1,1647,19,47
TAGATCTACATACTCC-1,1618,20,47
ACGGAGGCCATACTCC-1,1918,21,47
TGCGGACCCATACTCC-1,1624,22,47
TGAGTCTGCATACTCC-1,1821,23,47
GCCGCAACCATACTCC-1,1563,24,47
CCGAGAATCATACTCC-1,948,25,47
CTGATGGTCATACTCC-1,1581,26,47
GATCTTACCATACTCC-1,1387,27,47
GCGTTGGACATACTCC-1,1561,28,47
TCCTACCACATACTCC-1,950,29,47
ACTCAATACATACTCC-1,1737,30,47
CTAAGAGACATACTCC-1,1714,31,47
TAGAGTAACATACTCC-1,1915,41,47
GACCTTGACATACTCC-1,1426,42,47
CAACCGCTCATACTCC-1,1909,43,47
TTATTCATGCTAACTT-1,1923,18,48
AATTAAGAGCTAACTT-1,1073,19,48
TAGATCTAGCTAACTT-1,1613,20,48
ACGGAGGCGCTAACTT-1,1625,21,48
TGCGGACCGCTAACTT-1,1921,22,48
TGAGTCTGGCTAACTT-1,1873,23,48
GCCGCAACGCTAACTT-1,1535,24,48
CCGAGAATGCTAACTT-1,1738,25,48
CTGATGGTGCTAACTT-1,1874,26,48
GATCTTACGCTAACTT-1,1683,27,48
GCGTTGGAGCTAACTT-1,1407,28,48
TCCTACCAGCTAACTT-1,1332,29,48
ACTCAATAGCTAACTT-1,1597,30,48
CTAAGAGAGCTAACTT-1,1846,31,48
AGAGCTATGCTAACTT-1,1104,32,48
TTGACTTCGCTAACTT-1,1668,33,48
GCCATTCTGCTAACTT-1,1566,34,48
TAGAATTAGCTAACTT-1,1702,35,48
AGAACGTCGCTAACTT-1,1824,38,48
TAGAGTAAGCTAACTT-1,1781,41,48
GACCTTGAGCTAACTT-1,1644,42,48
CAACCGCTGCTAACTT-1,1645,43,48
AATTAAGAGGTATGCT-1,1942,19,49
TAGATCTAGGTATGCT-1,1179,20,49
ACGGAGGCGGTATGCT-1,791,21,49
TGCGGACCGGTATGCT-1,1748,22,49
TGAGTCTGGGTATGCT-1,1866,23,49
GCCGCAACGGTATGCT-1,1939,24,49
CCGAGAATGGTATGCT-1,1522,25,49
CTGATGGTGGTATGCT-1,1722,26,49
GATCTTACGGTATGCT-1,1689,27,49
GCGTTGGAGGTATGCT-1,1496,28,49
TCCTACCAGGTATGCT-1,1795,29,49
ACTCAATAGGTATGCT-1,1696,30,49
CTAAGAGAGGTATGCT-1,1863,31,49
AGAGCTATGGTATGCT-1,1616,32,49
TTGACTTCGGTATGCT-1,1922,33,49
GCCATTCTGGTATGCT-1,1521,34,49
TAGAATTAGGTATGCT-1,1662,35,49
GGTACTGCGGTATGCT-1,1380,36,49
CTTGCGCCGGTATGCT-1,1610,37,49
AGAACGTCGGTATGCT-1,1695,38,49
TCGGCCTTGGTATGCT-1,1747,39,49
GCAGGTCCGGTATGCT-1,1764,40,49
TAGAGTAAGGTATGCT-1,1674,41,49
GACCTTGAGGTATGCT-1,1926,42,49
TAGATCTAAACCTGCG-1,1940,20,50
ACGGAGGCAACCTGCG-1,1886,21,50
TGCGGACCAACCTGCG-1,607,22,50
TGAGTCTGAACCTGCG-1,1381,23,50
GCCGCAACAACCTGCG-1,1447,24,50
CCGAGAATAACCTGCG-1,1411,25,50
CTGATGGTAACCTGCG-1,1517,26,50
GATCTTACAACCTGCG-1,1402,27,50
GCGTTGGAAACCTGCG-1,1255,28,50
TCCTACCAAACCTGCG-1,1347,29,50
ACTCAATAAACCTGCG-1,1476,30,50
CTAAGAGAAACCTGCG-1,1621,31,50
AGAGCTATAACCTGCG-1,1433,32,50
TTGACTTCAACCTGCG-1,1763,33,50
GCCATTCTAACCTGCG-1,1187,34,50
TAGAATTAAACCTGCG-1,1742,35,50
GGTACTGCAACCTGCG-1,1605,36,50
CTTGCGCCAACCTGCG-1,1523,37,50
AGAACGTCAACCTGCG-1,1690,38,50
TCGGCCTTAACCTGCG-1,1548,39,50
GCAGGTCCAACCTGCG-1,1708,40,50
