observation_id,cluster
s1-AACACTTGGCAAGGAA-1,7
s1-AACAGGATTCATAGTT-1,1
s1-AACAGGTTATTGCACC-1,1
s1-AACAGGTTCACCGAAG-1,2
s1-AACAGTCAGGCTCCGC-1,2
s1-AACAGTCGTGTCGCGG-1,5
s1-AACATACTCATATGCG-1,9
s1-AACATAGTCTATCTAC-1,8
s1-AACATATTCTTGCGAA-1,5
s1-AACATCGCGTGACCAC-1,5
s1-AACATCTAATGACCGG-1,8
s1-AACATGACGCAGCGTG-1,3
s1-AACCAAGGTATCAGGC-1,3
s1-AACCAATCTGGTTGGC-1,8
s1-AACCACTAACATGATT-1,10
s1-AACCACTGCCATAGCC-1,1
s1-AACCAGAATCAGACGT-1,1
s1-AACCATGAATTGCCTT-1,10
s1-AACCGCCAGACTACTT-1,7
s1-AACCGTGCTTATGTTG-1,8
s1-AACCTAAGATACTGAG-1,3
s1-AACCTACAGAGGTAGT-1,1
s1-AACCTACTGTAACTCA-1,7
s1-AACCTGACAGTGCCGC-1,4
s1-AACCTTAGCGTCCGGT-1,8
s1-AACGAAGCGTGGAAGT-1,4
s1-AACGAATTGACCGGTT-1,6
s1-AACGAGCCTCTTCGGC-1,7
s1-AACGAGCTAATAACTA-1,2
s1-AACGGCACAGAATATT-1,5
s1-AACGGTAATCGACCTG-1,9
s1-AACTAACGAACTAGAT-1,5
s1-AACTAGCACTGTTCGA-1,7
s1-AACTAGCATCACGTAC-1,8
s1-AACTAGCCTAATAGCA-1,5
s1-AACTAGCCTTGCAATA-1,2
s1-AACTAGGCCTGACACC-1,3
s1-AACTATCGTCATAGTC-1,8
s1-AACTATCTAGCAGTAT-1,2
s1-AACTATGCTGCATTCG-1,5
s1-AACTATGTGCTTGTTA-1,1
s1-AACTATTCTGCGGCCT-1,6
s1-AACTCAACCTTGACCA-1,1
s1-AACTCAACTTGACAGC-1,1
s1-AACTCACCGAACTTAT-1,4
s1-AACTCACCTCGGTGTT-1,2
s1-AACTCACGGAGTACGT-1,8
s1-AACTCAGATCCATGCC-1,9
s1-AACTGCAACGTCCTGG-1,3
s1-AACTGCCTCGATAGGT-1,2
s1-AACTGCGAACCTTACC-1,4
s1-AACTGCGATCGACTAA-1,5
s1-AACTGCGGTCCGAAGC-1,9
s1-AACTGCTACCTCGATA-1,1
s1-AACTTCAAGGATAATC-1,8
s1-AACTTCAGATACTACC-1,1
s1-AACTTCAGCATGGCCG-1,8
s1-AACTTCATCTTCTGGT-1,2
s1-AACTTCGCTTAGTCAG-1,3
s1-AACTTGCAACTTGGAC-1,7
s1-AACTTGGTTAATACTA-1,2
s1-AACTTGGTTACATAAC-1,2
s1-AAGAATTCTGGCTGCA-1,8
s1-AAGACAATCTCCTGCA-1,8
s1-AAGACTAAGGAGATCC-1,8
s1-AAGACTCAAGGCTCCA-1,2
s1-AAGACTGTCATAGTGC-1,6
s1-AAGAGCAGATGTGCCA-1,7
s1-AAGATACAGGCGAACG-1,5
s1-AAGATAGGCTTGCTTA-1,3
s1-AAGATATTGGACGTCC-1,8
s1-AAGATCTGTAACTTGT-1,3
s1-AAGATGAAGGTCATCG-1,5
s1-AAGATGGCCGCTAGTT-1,10
s1-AAGATTAGGCTGTCTA-1,5
s1-AAGATTATCTAGCATA-1,7
s1-AAGCAGCGGACACGTG-1,7
s1-AAGCAGTATCAGAATC-1,2
s1-AAGCAGTGAGTGCGAC-1,3
s1-AAGCAGTGGCATCACT-1,8
s1-AAGCAGTGGCTCATCC-1,2
s1-AAGCAGTGTAGAATCT-1,4
s1-AAGCATCAAGCGTGAT-1,8
s1-AAGCATTGAGTGGTTG-1,7
s1-AAGCCACCATTCAAGA-1,8
s1-AAGCCACTATGTCTAA-1,6
s1-AAGCCAGATATCAGAA-1,10
s1-AAGCCAGATCCAACAT-1,3
s1-AAGCCAGGCCGACGTG-1,3
s1-AAGCCAGGCTGCTTGA-1,8
s1-AAGCCAGGTTACGAAC-1,8
s1-AAGCCATCCGTGCTAT-1,3
s1-AAGCCATCGCGATATG-1,2
s1-AAGCCATTATCGAAGG-1,8
s1-AAGCCATTATCTGCCA-1,8
s1-AAGCGAGGAAGTGAAC-1,9
s1-AAGCGTTCGTCTGTCC-1,4
s1-AAGGACATAACCGCAC-1,5
s1-AAGGACCAACATGGCT-1,9
s1-AAGGAGGCACTCAATT-1,4
s1-AAGGCAGTCTGATCAC-1,9
s1-AAGGCATGAACAGCTC-1,4
s1-AAGGCCAATTCAATAA-1,3
s1-AAGGCCAGTCGCAATT-1,7
s1-AAGGCCGACCTACCTG-1,6
s1-AAGGCCGACTATGTAA-1,2
s1-AAGGCCGATTCTGAGC-1,3
s1-AAGGCCTCGCGAGGAA-1,3
s1-AAGGCGAACTAGTAGA-1,6
s1-AAGGCGACGGTGTCGG-1,1
s1-AAGGCGAGGTTCATGT-1,2
s1-AAGGCGCCGACAATCT-1,10
s1-AAGGTGATCCGTGACG-1,5
s1-AAGGTGCCGCTAAGGT-1,8
s1-AAGGTGGATATGATCG-1,8
s1-AAGGTTCATGCGGTGC-1,5
s1-AAGGTTGCAGAAGCAG-1,9
s1-AAGGTTGCTGAGTTGA-1,2
s1-AAGTACTAAGGTTACG-1,8
s1-AAGTACTACAGTAGAA-1,9
s1-AAGTACTGGATGCGCA-1,1
s1-AAGTATTGTAGGTCGC-1,5
s1-AAGTCGCTATCCTGTC-1,6
s1-AAGTCGGACACTTCAG-1,7
s1-AAGTCTACCGGTTGGA-1,4
s1-AAGTCTGTCAATTCTT-1,7
s1-AAGTCTTAAGTTGCCA-1,1
s1-AAGTGAGCCTGTTACA-1,3
s1-AAGTGGACGAATCTAC-1,4
s1-AAGTGGCGAAGTTAAT-1,1
s1-AAGTGGCGAGTGTACA-1,2
s1-AAGTGGTTCCTCGCGT-1,4
s1-AAGTTAAGCACTATAA-1,6
s1-AAGTTACTATTACATC-1,3
s1-AAGTTCCTATTGCTGG-1,6
s1-AATAACATGTGCTATG-1,7
s1-AATAACATGTTACGTC-1,1
s1-AATAACGTAACTGTGA-1,7
s1-AATAACGTATTGAACA-1,10
s1-AATAACTCTACGATGT-1,7
s1-AATAACTTCATACGGA-1,3
s1-AATACGAGAACACTCG-1,9
s1-AATACGGTACGGCCTA-1,4
s1-AATACGTAGACAGTTA-1,7
s1-AATACTAACCACTTAT-1,1
s1-AATAGATAGCCTAACC-1,6
s1-AATAGCACGGAAGCGA-1,10
s1-AATAGTATAGTTGTCG-1,6
s1-AATAGTCGTTATCTAG-1,1
s1-AATAGTGCTCATAGAA-1,1
s1-AATAGTGGAAGAGCAT-1,8
s1-AATAGTTGGTGCTCAG-1,6
s1-AATATTAGGCTTCTGG-1,2
s1-AATCCGACCACGGTCC-1,8
s1-AATCCGCCGACCTGAG-1,8
s1-AATCCGCCTGGTCAAT-1,6
s1-AATCCGGAGCTTGTCT-1,2
s1-AATCCTCGTCACAGGC-1,2
s1-AATCGAACGGACGGAG-1,1
s1-AATCGACTATCGCTAG-1,10
s1-AATCTTAGCCTCTGTC-1,8
s1-AATGAACTACGTCCAG-1,10
s1-AATGAAGACGGTTCAG-1,7
s1-AATGAAGAGGATGTAT-1,5
s1-AATGAATCGGAAGGCA-1,3
s1-AATGATCTTGACAGCG-1,1
s1-AATGATTACAACCTAA-1,1
s1-AATGCAATCACTGTCG-1,7
s1-AATGCCGACGAGCAAC-1,8
s1-AATGCGAACCTCGCGT-1,5
s1-AATGGACATCCTACTC-1,6
s1-AATGGAGGACCTGGTG-1,3
s1-AATGGCATAGTATCAT-1,6
s1-AATGGTCGATACTCGG-1,9
s1-AATGGTCTCGAGCGCT-1,4
s1-AATGGTGCGTCCTAAC-1,6
s1-AATGGTTATTCTAGCT-1,2
s1-AATGGTTGAGTCGGAA-1,5
s1-AATGTACTTAACATCA-1,3
s1-AATGTAGTCTTACGAG-1,1
s1-AATGTCAGGTCATTAC-1,7
s1-AATTAGCAACCGTTCC-1,9
s1-AATTAGCTTAGGTGTA-1,4
s1-AATTCTCAGACGCAAC-1,2
s1-AATTCTCGCACCAGTA-1,6
s1-AATTCTTGGATACGGA-1,3
s1-AATTGAATTCACTAGA-1,8
s1-AATTGCATTGAAGAAT-1,2
s1-AATTGCGGTGCTAATA-1,7
s1-AATTGCGTCAGACACT-1,4
s1-AATTGGACGGCATCGT-1,2
s1-AATTGGAGACATGGAG-1,2
s1-AATTGGCTTGAGTTGC-1,6
s1-AATTGGTTATGATACA-1,7
s1-AATTGTAGAATCCTAG-1,8
s1-ACAACCTTGGTGTCAA-1,5
s1-ACAACGAGCGATCTGA-1,3
s1-ACAACGCCGATAGTAT-1,7
s1-ACAACGTGGAGCTACT-1,3
s1-ACAACTAAGGTGTTAT-1,7
s1-ACAACTAAGTGGCGCT-1,3
s1-ACAACTGAATCCAGTC-1,5
s1-ACAACTGTCGTGGATA-1,3
s1-ACAATACACTTCCATC-1,2
s1-ACAATACAGGCGCCGT-1,3
s1-ACAATACGCCTTATTC-1,9
s1-ACAATTGGTCGCGTAA-1,6
s1-ACAGAATAAGAACCAT-1,3
s1-ACAGAATAAGATAGTG-1,1
s1-ACAGAATCCGTTGCTT-1,3
s1-ACAGAATCTTGATAAG-1,6
s1-ACAGAATGTCTTATTG-1,3
s1-ACAGAATGTTGAGTCC-1,10
s1-ACAGATCTGAAGTATC-1,2
s1-ACAGCCAGGCATAAGC-1,4
s1-ACAGGAACTACAGAAC-1,7
s1-ACAGGACTGAGCCGAT-1,8
s1-ACAGGATACCGGATTC-1,2
s1-ACAGGCACGCGAGGAT-1,2
s1-ACAGGCATTGAACCAT-1,9
s1-ACAGGTACCAAGGAAG-1,5
s1-ACAGGTTCAGTGAACG-1,1
s1-ACAGTACGCACTACCT-1,8
s1-ACATAAGCAATGCGGT-1,4
s1-ACATCGCCACAAGAGG-1,7
s1-ACATCGGCTTACAAGG-1,1
s1-ACATCGTAGACAGGTT-1,1
s1-ACATCGTCGGTCTACC-1,6
s1-ACATCTATCCGAACCA-1,10
s1-ACATCTCGACAACCAC-1,3
s1-ACATCTCGCATAGAAT-1,5
s1-ACATGGATGCGTAAGC-1,1
s1-ACATGTTCACCGGCAG-1,3
s1-ACATGTTCCACTGATA-1,8
s1-ACATGTTCCAGGACGT-1,8
s1-ACATGTTGCTTGATCT-1,8
s1-ACATTCCTGAGTTCCG-1,5
s1-ACATTGAAGGCGGTGC-1,4
s1-ACATTGAATACGCATA-1,1
s1-ACATTGATCGTAATCC-1,5
s1-ACATTGCAGTTCGGCA-1,10
s1-ACATTGGTTCACAGTG-1,6
s1-ACATTGGTTCTGCCGT-1,9
s1-ACATTGTACATTCTTG-1,1
s1-ACCAAGCACTTGCGCA-1,4
s1-ACCAAGGCTTCGCTAG-1,10
s1-ACCAAGTGATGGTGAG-1,2
s1-ACCAAGTGGCTGTATG-1,7
s1-ACCAATCATGGTTCAT-1,5
s1-ACCAATGAGCCTCATC-1,8
s1-ACCAATGATCGCGGCC-1,5
s1-ACCACGGCCTCGCACC-1,8
s1-ACCAGTATGAAGTTCC-1,7
s1-ACCATAACTCCTCGTA-1,4
s1-ACCATCCGTTCGAGTG-1,10
s1-ACCATTAGATCGTGGC-1,6
s1-ACCGAAGATGTCGGCA-1,3
s1-ACCGAAGCCGAATTAA-1,1
s1-ACCGAGGTGATACCGA-1,8
s1-ACCGATTCCGGATACT-1,5
s1-ACCGATTGAGGATCTG-1,5
s1-ACCGCAGGTCGAGTTG-1,9
s1-ACCGGACGCCAAGCGT-1,2
s1-ACCGGCACCATACTGC-1,2
s1-ACCGGCACGTACGAAC-1,3
s1-ACCGGCCGACCTGCAC-1,7
s1-ACCGGCCTCAGGAGTT-1,6
s1-ACCGGCTATCGTGCGG-1,7
s1-ACCGTACACGACCGTC-1,7
s1-ACCGTACTATCGGAGG-1,6
s1-ACCGTAGGCGGAGGTT-1,4
s1-ACCTAAGTAGAACAGA-1,9
s1-ACCTAAGTGATAATCA-1,5
s1-ACCTAATGTTACCAAT-1,3
s1-ACCTAATTGTCGCTGA-1,1
s1-ACCTATAACGAACTAC-1,1
s1-ACCTATGCTACCGGAT-1,1
s1-ACCTCCACAGAACTCA-1,5
s1-ACCTCCGATTATAAGA-1,5
s1-ACCTCCTAGAGGCATG-1,2
s1-ACCTCGCACTAAGAGC-1,2
s1-ACCTGCCACTATCAAT-1,9
s1-ACCTGCTTATAGTTCG-1,8
s1-ACCTGCTTGAGCCTGG-1,7
s1-ACCTGCTTGCTACGAC-1,8
s1-ACCTGTCTGCGGTTGT-1,8
s1-ACCTGTGGTCACCTCG-1,1
s1-ACCTTCAGACCTCGGT-1,8
s1-ACCTTCGGTGCTACGA-1,2
s1-ACCTTGGCTCTGTAAG-1,9
s1-ACGAACATAGGATCGG-1,2
s1-ACGAACGCACGAGCAC-1,1
s1-ACGAAGCTCATCCTCG-1,4
s1-ACGACAAGCACTTCAC-1,1
s1-ACGACTGAAGACTTAC-1,1
s1-ACGAGGACCTGCTAGT-1,6
s1-ACGAGTGCGTGCGTTC-1,5
s1-ACGATGACTATTAGAT-1,3
s1-ACGATGCGAAGGAGCA-1,3
s1-ACGATGCTCCAATACA-1,6
s1-ACGATGTCGCACAATC-1,8
s1-ACGATGTCGTTGCCAA-1,1
s1-ACGATGTTACCTCATT-1,2
s1-ACGCAACGAAGAGTAT-1,2
s1-ACGCAACGTGTAATTG-1,2
s1-ACGCAAGGCATAAGTC-1,4
s1-ACGCAATAGTATACGA-1,2
s1-ACGCACATTGTAAGTA-1,8
s1-ACGCCGGCATCACTGG-1,1
s1-ACGCGGAAGAGTTCCG-1,3
s1-ACGCGTAGACTCAACT-1,2
s1-ACGCGTCGGTGAGGTT-1,1
s1-ACGCTCAGTGCTATTC-1,8
s1-ACGCTGCGATTAACGA-1,6
s1-ACGGCCGGAACGCTAG-1,2
s1-ACGGCCGTCAACGTAT-1,8
s1-ACGGCCGTGACATTAA-1,2
s1-ACGGCCTTGCCAGAAC-1,7
s1-ACGGCTATGGCATACC-1,8
s1-ACGGCTTAACGATAGT-1,4
s1-ACGGCTTACGTATGCC-1,4
s1-ACGGCTTATTGGTATG-1,8
s1-ACGGCTTCAGGTACCG-1,4
s1-ACGGCTTCCATCGGAA-1,7
s1-ACGGCTTGTTCAATCG-1,2
s1-ACGGTCGGACAGGCGA-1,10
s1-ACGGTGATAATGTTAC-1,2
s1-ACGGTGTACGGTGCCA-1,2
s1-ACGGTTACATCCGAAG-1,7
s1-ACGGTTCACCTTCCGG-1,7
s1-ACGGTTCGCAAGTAAC-1,8
s1-ACGGTTCGTACAGTTG-1,6
s1-ACGGTTCGTCCGACCG-1,2
s1-ACGTCAGATTACTTCG-1,9
s1-ACGTGCAATTATTCGG-1,7
s1-ACGTTAATACAATGAC-1,1
s1-ACGTTAGGCTCAAGCC-1,5
s1-ACGTTCACATGATCTG-1,2
s1-ACGTTCACGACTAGGT-1,7
s1-ACGTTCCATTACCTCA-1,9
s1-ACGTTCGTCCGCCTAT-1,5
s1-ACGTTCTATGCACGAC-1,7
s1-ACGTTCTGCCATAATC-1,1
s1-ACTAATAGTCAACATA-1,4
s1-ACTAATCGGCCACCGA-1,9
s1-ACTAGATCTGAAGCGG-1,1
s1-ACTATGAGGTTCTGTC-1,9
s1-ACTATTACCAGGTGCT-1,8
s1-ACTATTAGACAGGCTG-1,6
s1-ACTATTGCGAGCTAGA-1,4
s1-ACTCAGCTCGAGTGTC-1,4
s1-ACTCAGCTTCTGAGAC-1,4
s1-ACTCAGGCCTGCAACT-1,6
s1-ACTCAGTGAGCCTCCA-1,6
s1-ACTCCACGTTCGCTAC-1,8
s1-ACTCCAGGCCGAAGAC-1,7
s1-ACTCCAGTAGCTCCAG-1,9
s1-ACTCCTATGTTCCTAC-1,8
s1-ACTCGAACGTTCGTTA-1,2
s1-ACTCGAGTCCAAGTTG-1,5
s1-ACTCGATTGATATCCA-1,7
s1-ACTCGTATTGTCAGAA-1,1
s1-ACTCTAAGCTTGCGCC-1,6
s1-ACTCTACTTCCGCATT-1,1
s1-ACTCTTGCGGAGAACC-1,8
s1-ACTGACGGCGAATAGT-1,7
s1-ACTGACGTGATATTGG-1,1
s1-ACTGACTCTGCTGGCC-1,2
s1-ACTGACTGTCATCTAC-1,8
s1-ACTGAGCGATTACTAA-1,10
s1-ACTGAGCGCAACTCAT-1,1
s1-ACTGATACTCCATTAC-1,5
s1-ACTGATAGCACGGTCT-1,3
s1-ACTGCCGTTGGTGAGC-1,5
s1-ACTGGTAAGGCCTCAG-1,10
s1-ACTGGTGATTCCGATC-1,4
s1-ACTGGTTCTGAACGAT-1,2
s1-ACTGTACAATTCTACT-1,4
s1-ACTGTACATCCGATAC-1,2
s1-ACTGTAGACAAGGAAT-1,7
s1-ACTGTAGCAGCTTCTG-1,4
s1-ACTGTATGATCCTCAT-1,3
s1-ACTGTATTCTAGTCCA-1,4
s1-ACTTAAGCCAGTAGGA-1,8
s1-ACTTCGACGGATCATT-1,3
s1-ACTTGAAGCGAGCGGT-1,1
s1-ACTTGAATTAACTTAG-1,2
s1-ACTTGAGCCGTTCTTA-1,8
s1-AGAACAGGAGCATGGA-1,1
s1-AGAACTTCGATGCGTA-1,1
s1-AGAAGCAATGAGGAAC-1,10
s1-AGAAGCAGCCTAAGCT-1,1
s1-AGAAGCGATGTTCTAA-1,5
s1-AGAAGGATGGTATGAA-1,9
s1-AGAAGGCGTAGAATAG-1,1
s1-AGAAGTTAACCAGAGC-1,4
s1-AGAAGTTGAGCGCAAG-1,7
s1-AGAATTCTGTTGACAA-1,4
s1-AGACAAGACGTATCGC-1,6
s1-AGACATCTTAGCACCT-1,1
s1-AGACCGAACCGATGTC-1,2
s1-AGACCGACCGCAGACA-1,1
s1-AGACCGCCGGCCAATG-1,8
s1-AGACCGGACTGTCCAT-1,3
s1-AGACCGGAGCAACGCT-1,2
s1-AGACCGGTATCCGTGG-1,1
s1-AGACCGTCACTGAGCT-1,9
s1-AGACCGTCATTAGTTA-1,7
s1-AGACCTATCCTTATAG-1,3
s1-AGACCTCAGCGAGGTG-1,9
s1-AGACCTTCGCGTGAAC-1,8
s1-AGACGCGTGATGCATC-1,9
s1-AGACGCTTGGCCTCAC-1,5
s1-AGACGGCCTTACGGAG-1,1
s1-AGACGTAGGCGGACCG-1,1
s1-AGACGTGGCGTTGAGT-1,1
s1-AGACTACGTGCTCCAT-1,8
s1-AGACTCAGACAGATAA-1,1
s1-AGACTCATGACCTGGC-1,7
s1-AGACTCATTGCGGACA-1,7
s1-AGACTCCGCTTCGTAT-1,9
s1-AGACTCCTGTATGGCG-1,6
s1-AGACTCGACTCCTAAT-1,4
s1-AGACTCTATTAGCGCT-1,9
s1-AGACTGGTAAGGAGGT-1,3
s1-AGATAACCAATACGCC-1,3
s1-AGATAAGCCACTCATA-1,1
s1-AGATCAACTCGCTATG-1,9
s1-AGATCAGTCGATAGAA-1,1
s1-AGATCATTCACGCTGT-1,10
s1-AGATCTAACGAGCTCA-1,10
s1-AGATCTCCGCCTTATT-1,3
s1-AGATGAGGCGCCTCCA-1,2
s1-AGATGCTCCGTCATCT-1,7
s1-AGATTGAGTTAGGAAC-1,7
s1-AGATTGCGCCTCGCTC-1,6
s1-AGCAATAACAATTCCA-1,5
s1-AGCACCTCCAATCACG-1,5
s1-AGCACGAGATAACGGT-1,2
s1-AGCACGATACCTAAGC-1,9
s1-AGCACGCTCGATCTAA-1,7
s1-AGCACGGAGGCAGTCA-1,4
s1-AGCACGTGCACCTCTG-1,6
s1-AGCACGTGCACTGTAA-1,2
s1-AGCACTCATACAGAAC-1,5
s1-AGCACTGCATCCTAGC-1,5
s1-AGCAGGTAAGTATCTG-1,2
s1-AGCAGGTATGCCATTG-1,2
s1-AGCAGGTGCAATGGTT-1,3
s1-AGCATGAGCGAATATT-1,3
s1-AGCATGCACCGCGTCA-1,7
s1-AGCATTAGACGGATTG-1,5
s1-AGCCAGATACTCGAAC-1,4
s1-AGCCAGCGGCAAGCGT-1,3
s1-AGCCATCCGTCAACTC-1,5
s1-AGCCGATGTTCTACTC-1,6
s1-AGCCGGCCTATTCCAG-1,6
s1-AGCCGTAGTGGAGTGC-1,8
s1-AGCCGTATCTTCGTCT-1,1
s1-AGCCGTATTCAACCGT-1,3
s1-AGCCTACGGTGACCAA-1,5
s1-AGCCTCCGAACTACCA-1,7
s1-AGCCTCGCATGGTCCT-1,3
s1-AGCCTCTATGCAGCAA-1,9
s1-AGCGACAGCTACATCG-1,3
s1-AGCGACATCCTTCTAA-1,5
s1-AGCGACATTCGATCTG-1,3
s1-AGCGACCGTTCTATAC-1,5
s1-AGCGACTATGTATCTT-1,5
s1-AGCGAGAACAGATTCT-1,1
s1-AGCGAGGAACTGGTCC-1,1
s1-AGCGCATCGTGGTCGA-1,8
s1-AGCGGAATGTCGCTGT-1,1
s1-AGCGGTACGCCGAGAA-1,6
s1-AGCGGTGAGTGACATG-1,7
s1-AGCGGTGCAGGCATCT-1,1
s1-AGCGGTTAATCGAAGT-1,4
s1-AGCGGTTACAATACGC-1,1
s1-AGCGGTTAGACTCGCC-1,1
s1-AGCGTGCGCCTGATCG-1,7
s1-AGCGTGCTTCGCTCAT-1,7
s1-AGCGTGGCACCGACAA-1,3
s1-AGCGTGTATGTACGGT-1,4
s1-AGCGTTATACCTGTTG-1,1
s1-AGCGTTGGCTCACGAT-1,9
s1-AGCTACCAGCGTTACT-1,2
s1-AGCTAGCGTACAGTAA-1,9
s1-AGCTATAAGTCCAGCA-1,7
s1-AGCTATAGAATAGTCT-1,8
s1-AGCTCAACATCGTCCG-1,8
s1-AGCTCACTATGCAGTT-1,8
s1-AGCTCGACAGGCGATA-1,8
s1-AGCTCGCATTAGGATT-1,5
s1-AGCTGACGTAACGCTG-1,7
s1-AGCTGTACGCTGACTC-1,5
s1-AGCTGTCCAGATGCTA-1,5
s1-AGCTGTTCCGGTGATT-1,6
s1-AGCTGTTGAAGGCCTT-1,10
s1-AGCTTGAGTCAGGCCG-1,6
s1-AGCTTGGATGCAAGCC-1,2
s1-AGGAATTACGGTGACG-1,8
s1-AGGACCAGTAACCTAA-1,2
s1-AGGACCAGTGCGCCAG-1,3
s1-AGGACCGCAATAGTTA-1,7
s1-AGGACCGTAGATGCTA-1,6
s1-AGGACCTGTACCATTC-1,7
s1-AGGACGAAGCCTCCTT-1,4
s1-AGGACGAATGCTTCAA-1,3
s1-AGGACGTATCGCCGTA-1,6
s1-AGGACGTCGGCACGAA-1,7
s1-AGGACTAGGACCGCAG-1,2
s1-AGGACTGAAGTGCCTT-1,3
s1-AGGACTGGATGAAGAC-1,7
s1-AGGAGCAGCGTTAATA-1,9
s1-AGGAGCATAATCCACT-1,3
s1-AGGAGCATCACTCAGC-1,4
s1-AGGAGCATCTTAACTC-1,5
s1-AGGAGCCGCTGAGTAG-1,8
s1-AGGAGCCTCGAACGTT-1,10
s1-AGGATAACCGGTCGGA-1,1
s1-AGGATACCTCCGAGCG-1,9
s1-AGGATAGGCTCAGTTG-1,3
s1-AGGATATCGCGAATAC-1,6
s1-AGGATCAACATTCGTT-1,9
s1-AGGATCCGTGAGGCGG-1,3
s1-AGGATCTTAATGGTGA-1,3
s1-AGGATTCTACGCCTAG-1,6
s1-AGGCAACTAGCGTACC-1,6
s1-AGGCAATGTCAGCTGG-1,1
s1-AGGCATGCATGGAATT-1,1
s1-AGGCATTAAGTCTGGC-1,1
s1-AGGCATTACTATAGTA-1,6
s1-AGGCCGCAGAATAACG-1,9
s1-AGGCCTGTCTAGTGGC-1,9
s1-AGGCGATTCCACTTCT-1,5
s1-AGGCTGCAGCTCAGGC-1,1
s1-AGGCTGCGCAGCAACT-1,10
s1-AGGCTTAACCGATTGT-1,8
s1-AGGCTTAGCATTAACC-1,3
s1-AGGTACAGCTATGATA-1,4
s1-AGGTACCAGACGCCAG-1,9
s1-AGGTACTCTGCCACCG-1,5
s1-AGGTCTCACGCCAATA-1,7
s1-AGGTCTTCCATCGCCG-1,1
s1-AGGTGAAGTGACGACT-1,1
s1-AGGTGAATCCACAACC-1,10
s1-AGGTGAGCAATGTCTT-1,1
s1-AGGTGAGGTAGAATAC-1,3
s1-AGGTGATTGGCGGTAT-1,8
s1-AGGTGGCACTTGTCAG-1,9
s1-AGGTGGCTGTCGCCAA-1,9
s1-AGGTTACATTCCACGC-1,8
s1-AGGTTAGTGGCCATAG-1,4
s1-AGGTTCCACGCCGAAG-1,1
s1-AGGTTGAGTAGGAGAT-1,1
s1-AGTAAGCTCGGCCAAT-1,1
s1-AGTACATATGTAGGAA-1,5
s1-AGTACCGAACCGCAAT-1,5
s1-AGTACCGTTGTACGCC-1,7
s1-AGTAGACAGTAAGGAG-1,6
s1-AGTAGAGCATGGACGT-1,1
s1-AGTATTACGGTATTCG-1,2
s1-AGTATTAGCTGATCGA-1,3
s1-AGTATTCAGCTGAATG-1,6
s1-AGTATTCGTCGGTATC-1,1
s1-AGTATTGATTGAGTCA-1,8
s1-AGTATTGGTATGTCTA-1,9
s1-AGTCACTTATTCAAGG-1,3
s1-AGTCCGTGATCACTAC-1,1
s1-AGTCGCAGGAACGAGT-1,2
s1-AGTCGCCACTCGGCGA-1,6
s1-AGTCGGACCGTGCTTA-1,3
s1-AGTCGGTCTAATCTGT-1,6
s1-AGTCGGTTATACATAG-1,7
s1-AGTCGGTTGGTTGGCG-1,2
s1-AGTCGTTGCCTTACCT-1,8
s1-AGTCTAGGATTGTCAC-1,4
s1-AGTGAGGTCTGTGCTC-1,8
s1-AGTGAGTATTCTAAGT-1,1
s1-AGTGCAATAACTAACA-1,1
s1-AGTGCCAGATGCTCTG-1,1
s1-AGTGCGCAACATGCGT-1,1
s1-AGTGGTATGTCCAAGT-1,7
s1-AGTGTAAGCCTGCAAG-1,5
s1-AGTGTACCTCTGTATG-1,9
s1-AGTGTCATGGTTGTGG-1,3
s1-AGTGTCGTGGCATGTT-1,3
s1-AGTGTCTAGGCTAATA-1,7
s1-AGTGTCTTAAGCTTGT-1,2
s1-AGTGTTCGAGGATGAA-1,3
s1-AGTTAACGAGCCACTC-1,8
s1-AGTTAAGACTGGCTCC-1,1
s1-AGTTACCTCACCAGCA-1,7
s1-AGTTAGAAGGACGAAT-1,4
s1-AGTTATCCTGAACGAA-1,7
s1-AGTTCGGCACATACGG-1,2
s1-AGTTCGTCTAGTGCAG-1,3
s1-AGTTCGTGCAGACCTT-1,1
s1-AGTTCGTGCATGTCGA-1,9
s1-AGTTGGCAACGTTGTC-1,3
s1-AGTTGGCACCAGTTAC-1,2
s1-AGTTGTACTTAATGGA-1,6
s1-AGTTGTCCACAGACCA-1,1
s1-ATAACCTAGAACCTGC-1,6
s1-ATAACGAAGAGCACGC-1,9
s1-ATAAGAATCATGCATC-1,3
s1-ATAAGACCAATCGCGG-1,2
s1-ATAAGGAATAGAACAT-1,6
s1-ATAAGGCGGACAAGTT-1,4
s1-ATAAGTACCACGAGTT-1,3
s1-ATAATCGTAGTTATTC-1,4
s1-ATAATTAGTTCTACGG-1,1
s1-ATACAAGGTCAGTAGA-1,1
s1-ATACAATTGCGGTATT-1,6
s1-ATACATCAAGGATTGC-1,6
s1-ATACATCACGCCTTCT-1,6
s1-ATACATCACTGTCCGG-1,4
s1-ATACATCATGCACCAA-1,9
s1-ATACCGTTCCAGTCCA-1,5
s1-ATACGACATCTAGACC-1,8
s1-ATACGCGGTGAAGCCG-1,5
s1-ATACGCTGAGATCAGA-1,7
s1-ATACGGCACGTTACGA-1,5
s1-ATACGGCGACTGGTCT-1,4
s1-ATACTAGCCACTTCGC-1,7
s1-ATACTAGCCATTAGTT-1,9
s1-ATACTAGTAACTGAGT-1,9
s1-ATACTATCAACTTGTA-1,2
s1-ATACTATGGTTACATT-1,8
s1-ATACTGACTTCGGCAC-1,10
s1-ATACTGGACCACAGCC-1,5
s1-ATACTGGAGGATAACG-1,7
s1-ATAGAACCTCTACCGA-1,5
s1-ATAGAACGTTCGATCT-1,2
s1-ATAGAATTCTAGGCCG-1,4
s1-ATAGACATGGCTATGG-1,6
s1-ATAGATGCCTAAGCAC-1,1
s1-ATAGATTGAGTTCGAG-1,1
s1-ATAGCACCTGCTGTCT-1,4
s1-ATAGCGGCGAGTAATT-1,8
s1-ATAGCTATTCGCACTC-1,7
s1-ATAGCTTCACAACCGT-1,6
s1-ATAGCTTCGTGGAACG-1,8
s1-ATAGGCCGATAGAAGT-1,3
s1-ATAGGCCGATGATCTA-1,9
s1-ATAGTACTATGGTTCT-1,6
s1-ATAGTCCGCCGTTGGC-1,7
s1-ATAGTCGCTAAGGTAT-1,5
s1-ATAGTGAGTGAGGATT-1,1
s1-ATAGTGTCAGATGTAG-1,10
s1-ATAGTTAAGCCTGCCG-1,8
s1-ATAGTTAAGGCACGAG-1,1
s1-ATAGTTAGTCCTTAAT-1,9
s1-ATAGTTCATCGGATCT-1,4
s1-ATAGTTCGCAGCCGTG-1,4
s1-ATAGTTCGGTTCCAGA-1,2
s1-ATCAAGGAGCTTACAT-1,10
s1-ATCAATCTGCAGGACC-1,9
s1-ATCACCAGTTCGGCGA-1,6
s1-ATCACGTTCAATGATA-1,8
s1-ATCAGATACCAGCTGT-1,8
s1-ATCAGTAAGCTCGCCG-1,6
s1-ATCATTCACCAGATTG-1,7
s1-ATCATTCCAACTTCGC-1,2
s1-ATCATTGTCCATGCCA-1,5
s1-ATCCAACGCCACATCG-1,4
s1-ATCCACATGTTGGACC-1,4
s1-ATCCACTCGTACTCGG-1,9
s1-ATCCGAGTACAGGAAT-1,4
s1-ATCCGAGTACCACGTG-1,4
s1-ATCCGAGTCACTTGTA-1,3
s1-ATCCGATGACCTCGGA-1,3
s1-ATCCGATGTCTGTCAC-1,8
s1-ATCCGGATCGCCGTAT-1,8
s1-ATCCGGATGACGTAAC-1,7
s1-ATCCGGTACCGTCCTT-1,9
s1-ATCCGGTATCACAAGT-1,1
s1-ATCCGTAGCTTCAGTA-1,7
s1-ATCCGTAGTGTCGCTC-1,4
s1-ATCCGTGGAACTTCAA-1,8
s1-ATCCTCCAGCCATTGT-1,3
s1-ATCCTCGTTCCAGGCC-1,7
s1-ATCGAACATGCTAAGC-1,8
s1-ATCGAACTCGTCCGGC-1,2
s1-ATCGACAGCGGCAACA-1,2
s1-ATCGACCGGAGTATCG-1,8
s1-ATCGATGTCAGATAGA-1,2
s1-ATCGCAATGCACTAAC-1,7
s1-ATCGCAGTAACTTATT-1,7
s1-ATCGCAGTAATATCAG-1,10
s1-ATCGCAGTCTATGGCA-1,1
s1-ATCGCATCACGCATCT-1,10
s1-ATCGGCTCTATGCCTC-1,8
s1-ATCGTAACTACCTCTT-1,7
s1-ATCGTAATCCACATGC-1,4
s1-ATCGTACAACTGGCTA-1,4
s1-ATCGTACACCTATGCC-1,7
s1-ATCGTACCGCGTACGC-1,8
s1-ATCGTAGCATGTAGAT-1,3
s1-ATCGTATTACTCGGAG-1,1
s1-ATCGTCACCATGTCAC-1,1
s1-ATCGTCAGTTAGTCCA-1,6
s1-ATCGTCCTAGTACGAA-1,5
s1-ATCGTCTTAACGAAGG-1,1
s1-ATCTACAGGAGTGCAC-1,4
s1-ATCTACCATATTCCAG-1,8
s1-ATCTACTCACATCTCC-1,6
s1-ATCTCCTTGCGATACA-1,1
s1-ATCTGAAGTATGCACG-1,2
s1-ATCTGACCGGAGTCCT-1,3
s1-ATCTGAGGAACGGTTG-1,6
s1-ATCTGATACTTCATTA-1,10
s1-ATCTGCCGTCTACAGC-1,2
s1-ATCTGGATCCTCAGAC-1,1
s1-ATCTGTACGCGTCTCC-1,1
s1-ATCTTAGACGCCTACT-1,3
s1-ATCTTAGACTTGATCT-1,8
s1-ATCTTAGATAGGTTCA-1,2
s1-ATCTTAGTGGCATGGA-1,9
s1-ATCTTCGGACATACTA-1,7
s1-ATCTTGGCTTCGTCCT-1,7
s1-ATGAACAATCGATGCG-1,2
s1-ATGAAGCTGAATCCAG-1,8
s1-ATGACACTAATCGCAC-1,8
s1-ATGACCAGACGGCCGG-1,6
s1-ATGACCTCACTTAACC-1,1
s1-ATGACGAGATCATTAA-1,10
s1-ATGAGCTACATGGAAG-1,4
s1-ATGAGCTATTCGAAGA-1,1
s1-ATGAGTACGCTTCCTA-1,7
s1-ATGAGTCTTAGGAAGG-1,5
s1-ATGATAATTCCTTGCG-1,7
s1-ATGATATCTAGTCTTA-1,6
s1-ATGCATCCTGACTCAC-1,2
s1-ATGCATGCCTGCGATG-1,8
s1-ATGCATGGTTCCGCCT-1,7
s1-ATGCATGGTTGCTGTA-1,9
s1-ATGCATGTATGTGAGT-1,6
s1-ATGCATGTCACTCGTG-1,1
s1-ATGCATGTCGATGTGG-1,5
s1-ATGCATTAGATATCCA-1,5
s1-ATGCCAGCTGCCATCT-1,8
s1-ATGCCGTCGATAAGAC-1,8
s1-ATGCCGTTGTGAAGCG-1,1
s1-ATGCCTTCGTAAGTTA-1,3
s1-ATGCTACTGAATAGTA-1,8
s1-ATGCTCATGCCTGCCT-1,8
s1-ATGCTCCAACCTGGCC-1,7
s1-ATGCTCCGTTCTACTG-1,7
s1-ATGCTCGCCTCCAATT-1,2
s1-ATGCTGAATGCAATAG-1,3
s1-ATGCTGCGGATGGTTG-1,9
s1-ATGCTGGCTTACTACA-1,8
s1-ATGCTTACTCTAGGAA-1,7
s1-ATGCTTGGACGAACTT-1,7
s1-ATGGAGGCCACGGCTT-1,8
s1-ATGGAGGTTCACCGGT-1,5
s1-ATGGAGTAATCGGACC-1,6
s1-ATGGAGTCTTCGCAGT-1,2
s1-ATGGCATTATGGCTCG-1,7
s1-ATGGTAACGGACCGGA-1,8
s1-ATGTAAGAGCCACCTC-1,2
s1-ATGTAATTGTCGTTCG-1,7
s1-ATGTACAGTGCCTATG-1,2
s1-ATGTACATCGTGGTTA-1,2
s1-ATGTACATGAACTCCG-1,1
s1-ATGTACCATTATTGTC-1,8
s1-ATGTACCGATCCAGAA-1,8
s1-ATGTACTACCGACTTC-1,2
s1-ATGTACTCTGCAGCAC-1,6
s1-ATGTAGAAGCGAATAG-1,1
s1-ATGTAGCCGACCAAGG-1,8
s1-ATGTAGGTAACCGTAC-1,1
s1-ATGTAGGTTGGCGAGG-1,2
s1-ATGTATCCAAGGTGGC-1,2
s1-ATGTATCCATAAGTTG-1,7
s1-ATGTATCGGAATACGG-1,1
s1-ATGTATGAGTACCGGA-1,3
s1-ATGTATGTTATTGAAG-1,3
s1-ATGTCATACTTAGACC-1,2
s1-ATGTCGGACTGAAGTA-1,2
s1-ATGTCGGATAAGCCGA-1,6
s1-ATGTCGGCTGTCGTAA-1,6
s1-ATGTCGTTACCAGACG-1,3
s1-ATGTCTAACTGGCGAA-1,10
s1-ATGTCTGCGTTGCAGC-1,9
s1-ATGTGAATCCATACGA-1,4
s1-ATGTGAATTGCTGACC-1,7
s1-ATGTGATCCGTCTAAC-1,8
s1-ATGTGCGTCTGAACAG-1,3
s1-ATGTGCTAACATCGAA-1,5
s1-ATGTGCTTGTGCTACC-1,9
s1-ATGTTAAGATTACTGA-1,7
s1-ATGTTACGCCATTCCT-1,5
s1-ATGTTAGACTATCTCA-1,3
s1-ATGTTCGCAGAAGTCT-1,3
s1-ATGTTCTGCCTTATCT-1,8
s1-ATTAAGAACAGCTCCG-1,1
s1-ATTAAGAATAACGCTT-1,1
s1-ATTAAGCGTCCTGCCG-1,10
s1-ATTAAGTGGCCTAAGG-1,7
s1-ATTACATGTTATTGAC-1,8
s1-ATTACATTGAAGTATG-1,6
s1-ATTACCTTCGCAGAAG-1,8
s1-ATTACTCCGTGAAGCG-1,7
s1-ATTACTGAGTGCCTCC-1,6
s1-ATTACTGTACGCGGTG-1,8
s1-ATTACTGTCGCATATT-1,6
s1-ATTAGATAAGACGGCG-1,7
s1-ATTAGATTCGTACTCA-1,10
s1-ATTAGCAGGATGTATT-1,2
s1-ATTAGCCTCACTTCTA-1,2
s1-ATTAGCCTCAGTAGAT-1,9
s1-ATTAGCGAGCATGCTG-1,3
s1-ATTAGTCGTGTTATGC-1,4
s1-ATTAGTGAGGTATCGC-1,3
s1-ATTAGTGCTTGGTCAT-1,6
s1-ATTAGTTCACAGACTC-1,8
s1-ATTATCACAACTCGGC-1,7
s1-ATTATCCAGGTGAAGT-1,7
s1-ATTATCCATTGTGACA-1,3
s1-ATTATCGAAGCCTAAG-1,8
s1-ATTATCGAGTGCAGAT-1,8
s1-ATTATCTAGATTAACG-1,3
s1-ATTATGATACTGCGCA-1,5
s1-ATTATGCCATCGTTAA-1,3
s1-ATTATGTTAAGGTAGT-1,10
s1-ATTCAAGATTAGTTGC-1,1
s1-ATTCACATAGGATGAG-1,1
s1-ATTCACATCGTCACAG-1,5
s1-ATTCACATCTTATTCT-1,6
s1-ATTCACCTGACCAGTT-1,1
s1-ATTCACGCTGTTATCG-1,7
s1-ATTCACGTCGCAGGCT-1,6
s1-ATTCACTCACGTGCAC-1,1
s1-ATTCAGCTCCTACTAA-1,2
s1-ATTCATAGCGAAGCGT-1,7
s1-ATTCATAGTTCTAACT-1,5
s1-ATTCCATTGTGAACGC-1,4
s1-ATTCCGCAACGCCGCT-1,3
s1-ATTCCGCTCCATCAGC-1,6
s1-ATTCCGGTTACATACC-1,2
s1-ATTCCGTAAGGATTCC-1,6
s1-ATTCCTGCCTTAACAG-1,6
s1-ATTCGCTCGCGGAGGC-1,7
s1-ATTCGGAAGCTATTAC-1,6
s1-ATTCGTTAGAATTCGG-1,9
s1-ATTCTAACGCCTGTTA-1,1
s1-ATTCTACAGCCAGCAC-1,5
s1-ATTCTACGTGGCAGAT-1,8
s1-ATTCTACTGGTCGTTC-1,1
s1-ATTCTAGGACATCAGT-1,7
s1-ATTCTAGTCCACAAGA-1,6
s1-ATTCTGAGTACTGTAG-1,8
s1-ATTCTTGAGGCGACGC-1,8
s1-ATTCTTGGAGTGATAG-1,3
s1-ATTGACGAGCAGCGAC-1,4
s1-ATTGACGCATCTCAAC-1,2
s1-ATTGACGCCACCTTCT-1,9
s1-ATTGACGCCAGCCAAG-1,1
s1-ATTGACTGAATACTAT-1,5
s1-ATTGATAACACTAAGA-1,9
s1-ATTGCACGACCACTTG-1,7
s1-ATTGCAGTTCTTCATT-1,6
s1-ATTGCATATTGTTATC-1,1
s1-ATTGCATCACTGACTG-1,1
s1-ATTGCCTGATGTGCGG-1,8
s1-ATTGCCTTGTCTAAGT-1,5
s1-ATTGCGTAGTTAGGAG-1,10
s1-ATTGGCACCACGCCAT-1,8
s1-ATTGGCCTAGGAATCG-1,10
s1-ATTGGCCTTCCGTGCA-1,2
s1-ATTGGCGAATTGCACT-1,10
s1-ATTGGCTAACAGACAA-1,2
s1-ATTGTTAAGTAGACTA-1,3
s1-ATTGTTACGACTAGCG-1,3
s1-ATTGTTATACTTCACG-1,8
s1-CAACAGGTCAGAGGAC-1,9
s1-CAACCGTACTGATCTT-1,4
s1-CAACCGTATTACTGTA-1,1
s1-CAACCGTTAACAGACC-1,8
s1-CAACCGTTAATGTCAT-1,5
s1-CAACGCTTGCTCCTAC-1,7
s1-CAACGGCACTCAGTCC-1,1
s1-CAACTGACAAGACAAG-1,1
s1-CAACTGCAGTGCAATA-1,3
s1-CAACTGCATTCGACTC-1,2
s1-CAACTGCTGGAGTTAT-1,1
s1-CAACTTGGACATAGAT-1,1
s1-CAACTTGGTACGATGT-1,3
s1-CAAGACCACTATCGAA-1,1
s1-CAAGATAAGTGCAATG-1,4
s1-CAAGATTACCGATCAT-1,4
s1-CAAGATTAGATGAGTT-1,5
s1-CAAGATTCGTCAGCTG-1,3
s1-CAAGCCGCCATAGAGG-1,1
s1-CAAGGTCTCAATACAG-1,3
s1-CAAGTACTCCGCATCG-1,7
s1-CAAGTACTTATTAAGC-1,3
s1-CAAGTACTTCAATAGT-1,2
s1-CAAGTAGCCTCGATCC-1,7
s1-CAAGTATCGGCAACCA-1,10
s1-CAAGTCCATCGGCGGT-1,5
s1-CAAGTCCGCTACCGTT-1,7
s1-CAAGTCTTGGCGATAG-1,5
s1-CAAGTGAATTGGATGC-1,1
s1-CAAGTGTTCGCCACGC-1,3
s1-CAAGTGTTGACGGCCA-1,2
s1-CAATAACTACATTAAC-1,6
s1-CAATAACTCAAGGCAA-1,1
s1-CAATAAGCGGCCAGAT-1,4
s1-CAATAAGGTAACTCGT-1,9
s1-CAATAATCGTAGGATA-1,4
s1-CAATCCGAGGTGCTAG-1,2
s1-CAATCGTCGGAGCATG-1,1
s1-CAATCTATGAGGTCAG-1,4
s1-CAATGCATTGACGGCA-1,6
s1-CAATGCGGATGCTGGT-1,6
s1-CAATTACAGGTGTCAT-1,5
s1-CAATTGAACCGGCTCG-1,7
s1-CAATTGTTGACGTGAG-1,1
s1-CACCAGGCACGCTATC-1,4
s1-CACCATAAGCTGGCTG-1,7
s1-CACCATAGGTAACCAG-1,5
s1-CACCATTCTTACGAGC-1,7
s1-CACCGAGTCTTGGACA-1,2
s1-CACCTACATGATTGAT-1,8
s1-CACCTACCGCTACCTT-1,7
s1-CACCTAGAATACTTCT-1,1
s1-CACCTAGACGAGCCGG-1,6
s1-CACCTATTACTCAGAT-1,8
s1-CACCTCGAGCGATGCT-1,1
s1-CACCTCGAGGACTCTA-1,5
s1-CACCTTAGCTATTGTC-1,6
s1-CACCTTGCGAGTTATG-1,10
s1-CACGACCTCCGTCATA-1,3
s1-CACGAGGCCATCCACT-1,6
s1-CACGAGGTATAGGTAT-1,1
s1-CACGATCATACAATTA-1,1
s1-CACGCCACAATCGCAC-1,1
s1-CACGCCACTCCTTCAT-1,10
s1-CACGCTTATCAATCTT-1,3
s1-CACGGATTCTCATCAC-1,7
s1-CACGGCGACGGTGCCT-1,3
s1-CACGGCGATACATACG-1,3
s1-CACGGCTGCGCTTGGC-1,8
s1-CACGGCTTACTCCGTT-1,8
s1-CACGGTCTTGGTTAAT-1,7
s1-CACGTACGTAGCTCAT-1,8
s1-CACGTAGGTAGGCTGA-1,7
s1-CACGTCAAGTGCGATC-1,7
s1-CACGTCCAATTCGACT-1,8
s1-CACGTCCACGACCTAT-1,1
s1-CACGTCCATCTACTGA-1,8
s1-CACGTGGCGGCACTAG-1,1
s1-CACGTTGCACATACCG-1,3
s1-CACTACAATATTGCGG-1,4
s1-CACTACCTTCGCTTCA-1,5
s1-CACTACTGCGGAATTG-1,1
s1-CACTACTGGCTGAACC-1,2
s1-CACTAGTCGACATCTA-1,1
s1-CACTCAAGACCATGCA-1,10
s1-CACTCAAGACGGACTA-1,5
s1-CACTCAAGGCGGCACT-1,8
s1-CACTCAATAAGCCGAA-1,7
s1-CACTCAATGGTTCGGA-1,3
s1-CACTCAGTACTCCGCT-1,4
s1-CACTCAGTGGTCCTTC-1,1
s1-CACTCATCACGTTACG-1,2
s1-CACTCGTAGGCCACGG-1,5
s1-CACTGGATCGATACGA-1,4
s1-CACTGGCCAGCCAGAT-1,1
s1-CACTGGCGGTAACACC-1,4
s1-CACTGGTGAGACGCTT-1,6
s1-CACTGGTGAGTTATCG-1,1
s1-CACTTGACATTCAGAA-1,6
s1-CAGAACATGATAGGAC-1,9
s1-CAGAACGTATCGACTT-1,8
s1-CAGAAGTCGCGGTTAT-1,6
s1-CAGAATTCTTGAACCA-1,7
s1-CAGACACTTACAAGAC-1,3
s1-CAGACAGTCGGATCTG-1,3
s1-CAGACGAATGAGGAAC-1,1
s1-CAGACGATACAGATCG-1,10
s1-CAGACGCAGTAGGTCT-1,7
s1-CAGAGGCACTTAAGTC-1,7
s1-CAGAGGCGAATTGCCA-1,10
s1-CAGAGTCATGTACAGG-1,3
s1-CAGATACAGCACTCGT-1,2
s1-CAGATTATCATAACGC-1,1
s1-CAGATTCCGTATGCGA-1,3
s1-CAGATTGCCTGTAAGT-1,7
s1-CAGCACGCTAATCAGA-1,7
s1-CAGCATAGACTAGGCA-1,10
s1-CAGCATCCTCGCCACT-1,4
s1-CAGCCAACGATAGCTT-1,2
s1-CAGCCAGTCCTGTCGG-1,1
s1-CAGCCATGTCTGCCGT-1,1
s1-CAGCCTCGTGGCTCAC-1,6
s1-CAGCCTGGTTGAACTA-1,4
s1-CAGCGATAACTGAACC-1,8
s1-CAGCGATAATGCGATT-1,4
s1-CAGCTCACGCACTAGA-1,8
s1-CAGCTCCTCGGATTCT-1,7
s1-CAGCTGGATGCGGCTA-1,7
s1-CAGCTGGCGATAAGTG-1,2
s1-CAGCTGTTGCCGGAGT-1,3
s1-CAGCTTCACTACCGTG-1,2
s1-CAGCTTGACGCCATTA-1,8
s1-CAGCTTGGTTCGGTCG-1,6
s1-CAGGACAGAAGGCTGG-1,3
s1-CAGGACATGGTAATGC-1,7
s1-CAGGAGCGTATCGCAT-1,8
s1-CAGGCCAACAGCGAGT-1,8
s1-CAGGCCAACGGTCGTA-1,5
s1-CAGGCCGTATCTGTTA-1,1
s1-CAGGCGAGGTCTTGGA-1,3
s1-CAGGTACCACTCGCGG-1,8
s1-CAGGTTCCACTAATCC-1,3
s1-CAGTAATATCACTACG-1,2
s1-CAGTACAGTTGTGGAA-1,1
s1-CAGTAGATTGACGGAT-1,1
s1-CAGTATCTTACACTAA-1,1
s1-CAGTATGCGTGGCGCT-1,7
s1-CAGTCAGCCGATCCGG-1,6
s1-CAGTCTGGTAATCTAC-1,8
s1-CAGTCTGTGGCGCTGC-1,4
s1-CAGTGAACAGCAACGA-1,1
s1-CAGTGAAGATACATAA-1,2
s1-CAGTGATATTGATGTC-1,5
s1-CAGTGCCTTGCGGTCT-1,6
s1-CAGTTGCAACCGAGAT-1,8
s1-CAGTTGCACGGACAGG-1,4
s1-CAGTTGCGACTTCTCG-1,6
s1-CAGTTGCTCACGTGTC-1,1
s1-CATACAATGAGTAGCT-1,3
s1-CATACCTCGATTGTTC-1,1
s1-CATAGAACATTGAACA-1,7
s1-CATATCCGTTCACCTC-1,5
s1-CATATGTTGACTGGCG-1,3
s1-CATATTCATCCGCATT-1,8
s1-CATCAGATACTAATCG-1,6
s1-CATCAGGTAGGACCGT-1,4
s1-CATCAGGTGCCTGATA-1,2
s1-CATCAGTAATCAGACA-1,8
s1-CATCCGAAGCGTATGG-1,1
s1-CATCCGCCTAAGGAAC-1,6
s1-CATCCGGTACCAACGA-1,5
s1-CATCCGTGCGGTCTAC-1,3
s1-CATCCGTGGTCGTAAG-1,4
s1-CATCCTAGTGGTATGT-1,3
s1-CATCCTGGTACCTGCT-1,2
s1-CATCGCGGTCGGTGCG-1,6
s1-CATCGGATCCTACCTG-1,10
s1-CATCGGCATGTCGAAG-1,2
s1-CATCGGCCTGCATATC-1,6
s1-CATCGGTAGCGTCCGA-1,10
s1-CATCTGGCCATACTAG-1,3
s1-CATGATACTCAGGATT-1,5
s1-CATGATAGGCCATGAG-1,3
s1-CATGATGCATGTGCTA-1,1
s1-CATGATGCTAGCCATG-1,6
s1-CATGCACGCCGACGGA-1,3
s1-CATGCAGAAGTCAGGA-1,2
s1-CATGCATATGACGTCG-1,2
s1-CATGCATATTCTGCCT-1,4
s1-CATGCGCTACTGGAGG-1,9
s1-CATGCGGCCGGAATTC-1,10
s1-CATGCTCATCTGAACG-1,2
s1-CATGGCTACTGTACGT-1,10
s1-CATGGTGAGGCAGCAT-1,10
s1-CATGTCCACCTGCGTC-1,6
s1-CATGTTACCGAAGGCG-1,6
s1-CATGTTATTGATGCAG-1,2
s1-CATTAACTATTGTTCC-1,7
s1-CATTAGGATAGTGAAT-1,7
s1-CATTAGGCAATGGTTA-1,3
s1-CATTCTCCAGTCACCA-1,8
s1-CATTGCAGCGAAGACC-1,2
s1-CATTGCGTGCCACCTT-1,7
s1-CATTGCTATGTTAGCT-1,1
s1-CATTGGCGGTTGAGTC-1,3
s1-CCAACAGGAACACGGT-1,4
s1-CCAACTGGAGATTCAT-1,10
s1-CCAACTTGCCACCGTA-1,1
s1-CCAAGCCTGTATTAAT-1,8
s1-CCAAGCTGGCCATTGC-1,8
s1-CCAATACCAACACGCC-1,4
s1-CCAATAGAAGACTTGG-1,5
s1-CCAATAGCGGTACGTG-1,3
s1-CCAATCTAACGTGACG-1,8
s1-CCAATCTTGCCTATGG-1,7
s1-CCAATTATGACACTGG-1,8
s1-CCACAGGAAGATGTGC-1,8
s1-CCACATGGCGACGTCT-1,7
s1-CCACGAACGCTGCCGC-1,8
s1-CCACGATCCTAATCCG-1,2
s1-CCACGGTACACCAACC-1,1
s1-CCACGTCAATCAACAT-1,5
s1-CCACGTCGGTCGCTTC-1,8
s1-CCACGTGCCACCTCAA-1,7
s1-CCACGTGGACTGCGGT-1,4
s1-CCACTAATCACCGGTA-1,9
s1-CCACTCCAGCACCTAC-1,4
s1-CCACTCTGTAGTCGGA-1,3
s1-CCAGAACCGTGCATCC-1,10
s1-CCAGACAATATCGTTA-1,1
s1-CCAGACAGAACCTAAG-1,1
s1-CCAGACATCCGGTTCT-1,6
s1-CCAGACATCGGCACGC-1,6
s1-CCAGACCAGCGGCAAG-1,8
s1-CCAGATAGACGAGGTG-1,7
s1-CCAGATGATATGTAGG-1,8
s1-CCAGATTGTAGCCTAC-1,1
s1-CCAGCACTCGACTGAC-1,1
s1-CCAGCGGATTCCGCTG-1,1
s1-CCAGGTCCACATCCAT-1,9
s1-CCAGGTTACGAGACTG-1,10
s1-CCAGTGTCTAGCTACG-1,3
s1-CCATAGCCGTACGCAC-1,3
s1-CCATAGTATTGTCTGC-1,4
s1-CCATAGTTCGAGTAAG-1,3
s1-CCATCGGACAACCGTG-1,5
s1-CCATCTGTGGCATCGT-1,3
s1-CCATGAACAATGCTCC-1,2
s1-CCATGAACATCGTTGG-1,5
s1-CCATGGTTCCAATGTC-1,8
s1-CCATTCCGGTTCTTCC-1,5
s1-CCATTCGTCTGCTCTA-1,6
s1-CCATTGGCAATTCTCA-1,2
s1-CCGAAGCCAGGTTCAG-1,10
s1-CCGACAACGTCATCGG-1,7
s1-CCGACAAGACTGTACT-1,1
s1-CCGACAGACTGTGCCT-1,7
s1-CCGAGGATGACTCGTC-1,7
s1-CCGATAATGGAGCCTT-1,1
s1-CCGATGGAACATCAGC-1,3
s1-CCGATTAGCGAGTGTA-1,3
s1-CCGATTCCATAAGAGT-1,4
s1-CCGATTCCTCACTACA-1,3
s1-CCGCAAGGAAGGAGGC-1,2
s1-CCGCAAGGTACCGTTG-1,1
s1-CCGCAAGTAGCGGACT-1,2
s1-CCGCAATCCGTGGTTG-1,3
s1-CCGCAGTGATCACTGT-1,5
s1-CCGCATAGTACAGGTT-1,4
s1-CCGCATGTAGTTAGAC-1,4
s1-CCGCCACTGCGTTGGC-1,4
s1-CCGCCATACTTCACCA-1,7
s1-CCGCGAGGTGCGATGG-1,10
s1-CCGCGTATCGTTGCAG-1,8
s1-CCGCGTCGTTGGTCTG-1,2
s1-CCGCGTTACCTTGGCG-1,1
s1-CCGCGTTGACGGAACG-1,5
s1-CCGCTCAATCTGGAAC-1,4
s1-CCGCTCATACAAGTCA-1,8
s1-CCGCTCGCTAGTCTAA-1,1
s1-CCGCTCTGCTGAATTC-1,3
s1-CCGCTCTGGATATCGG-1,10
s1-CCGCTGTCACCTGCAA-1,6
s1-CCGCTGTTGCCATACG-1,3
s1-CCGGAGAAGCTAACCA-1,6
s1-CCGGAGACAAGAATAA-1,3
s1-CCGGATCTCCGAAGCG-1,8
s1-CCGGCAATGAAGTGAA-1,2
s1-CCGGCATAGGCAAGTG-1,4
s1-CCGGCGAACCGTGCAC-1,7
s1-CCGGCGAATGTACAGG-1,1
s1-CCGGCGCAGCATGCGA-1,3
s1-CCGGCGCTAAGGATGA-1,1
s1-CCGGCGTCCTCATTGT-1,2
s1-CCGGCGTCTTAATAAG-1,7
s1-CCGGTGGAGCTGGCTC-1,8
s1-CCGTATAATCTGGCCG-1,8
s1-CCGTCTTATGGACGAG-1,6
s1-CCGTGAAGGATAACAG-1,7
s1-CCGTGCACATCTGGCA-1,10
s1-CCGTGCTGGCAATATG-1,10
s1-CCGTGGCGTCGGTGCT-1,9
s1-CCTAACGCGATTGCAT-1,10
s1-CCTAACTACGAATATG-1,3
s1-CCTAACTTATGTTGGA-1,7
s1-CCTAAGCATGCCTTGT-1,8
s1-CCTAAGGTTACAGTAA-1,3
s1-CCTAATAGCGGACAGA-1,4
s1-CCTAATCCACAAGGAT-1,7
s1-CCTAATCGGCAGTCAC-1,10
s1-CCTAATGGCACTGTTC-1,1
s1-CCTACACCGACATTAC-1,7
s1-CCTACCACTCCAGTTA-1,7
s1-CCTACCATCGCAGTAT-1,2
s1-CCTACCATGTGATCAC-1,7
s1-CCTACGAGCTGGCCGG-1,6
s1-CCTAGCCTAGTACCGG-1,1
s1-CCTAGCCTTCATCGGC-1,6
s1-CCTAGTCAGCGAACCA-1,3
s1-CCTAGTCAGTCCTTAT-1,7
s1-CCTATCTATCAATCGC-1,3
s1-CCTATGATGGTCAATG-1,10
s1-CCTATGCCAGCAATCC-1,8
s1-CCTATGCCGTCGGCAC-1,1
s1-CCTATGCCTTCTTGTT-1,6
s1-CCTATGTCTTACCGGC-1,6
s1-CCTCACAATACAACTG-1,9
s1-CCTCACATGTACCTGG-1,10
s1-CCTCACATGTCTTACT-1,7
s1-CCTCACCTAGTGGCAA-1,1
s1-CCTCACGTTACTCGCA-1,4
s1-CCTCACTTCCTTCCGA-1,8
s1-CCTCATGATTATCTGA-1,7
s1-CCTCCGAAGCTGTACC-1,10
s1-CCTCGATAGAATAGGA-1,6
s1-CCTCGGAAGGCATGCA-1,3
s1-CCTCGGATCTTGCGGT-1,6
s1-CCTCGGTATGACAGTA-1,1
s1-CCTCTACCGTGATTGG-1,7
s1-CCTCTAGCTGGTCCGC-1,3
s1-CCTCTTCGAGCGGTTG-1,9
s1-CCTGAAGCGTATAGCA-1,7
s1-CCTGAAGTGCATGCAT-1,5
s1-CCTGCTCGCCGTCCAG-1,3
s1-CCTGGATCTAGAGCCA-1,5
s1-CCTGGATTGCGTAACA-1,3
s1-CCTGGCAACGAACGTC-1,9
s1-CCTGGCTTATGGTCTG-1,3
s1-CCTGTCCTCAGTTGTA-1,1
s1-CCTGTCTAAGTAGGCT-1,9
s1-CCTGTCTGATAGGTGA-1,7
s1-CCTGTCTGCATAGGTC-1,1
s1-CCTGTCTTACAATCCT-1,9
s1-CCTTAGATCTGTAATA-1,2
s1-CCTTAGTCTGTCACTG-1,7
s1-CCTTAGTTATACCAGA-1,4
s1-CCTTATAGGTCTCAAC-1,5
s1-CCTTCACCGACGGACA-1,9
s1-CCTTCCAACCTTCAGA-1,6
s1-CCTTCCGCTCCGGCAT-1,1
s1-CCTTGTCTACTTAGAC-1,1
s1-CCTTGTCTAGTTCTTG-1,3
s1-CCTTGTCTTACGGTTC-1,3
s1-CCTTGTGATGGTCTAG-1,6
s1-CGAACCAGAAGTCTGG-1,7
s1-CGAACGTGAAGTCCAA-1,10
s1-CGAACTACAGATGTAA-1,1
s1-CGAAGACCGCCAGGCG-1,7
s1-CGAAGATCCGAAGGCA-1,10
s1-CGAAGTCGTTGGCTCG-1,4
s1-CGAATGGACCGTCTTG-1,3
s1-CGAATTACTGCTCCGG-1,3
s1-CGACAAGTACTCCTTA-1,1
s1-CGACAAGTGATGCGCA-1,5
s1-CGACAATCATACGCAC-1,4
s1-CGACAATTATTCTGTC-1,7
s1-CGACAATTCGTCATGT-1,10
s1-CGACATTGTATGGAGG-1,7
s1-CGACCAGAACTGTCAT-1,2
s1-CGACCAGAAGGATCCG-1,1
s1-CGACCAGATTCAGTGA-1,7
s1-CGACCAGCCTTGATTA-1,6
s1-CGACCTATACTGACGT-1,4
s1-CGACCTGCATCTGCAT-1,7
s1-CGACCTTGGCGTTCTA-1,9
s1-CGACGCAACATGGCGA-1,3
s1-CGACGCAGCCTTAGTC-1,1
s1-CGACGCCAAGGTGCAA-1,1
s1-CGACGCCGCAAGTAGC-1,1
s1-CGACGCTCCGCACGTG-1,2
s1-CGACTAATGTTAGGCT-1,8
s1-CGACTAGGAGATAAGC-1,1
s1-CGACTAGGTCCTTAAC-1,1
s1-CGACTATTGGTACTAT-1,5
s1-CGACTGAACGAATGCT-1,4
s1-CGACTTCACTCGGCAT-1,1
s1-CGACTTCGCAAGCGGT-1,9
s1-CGAGATGCCGCATCTT-1,5
s1-CGAGATGCGGTATGCG-1,3
s1-CGAGCCTGCAAGGTTA-1,7
s1-CGAGCGAGCCACGCTA-1,2
s1-CGAGCGGCACAGTAGG-1,9
s1-CGAGCGTAATGGAGTG-1,3
s1-CGAGCGTATGCCAGCG-1,10
s1-CGAGCGTGAAGTTAGC-1,5
s1-CGAGCGTGCATTGTGG-1,10
s1-CGAGCGTGGACTGGAA-1,4
s1-CGAGCTAAGGCCTGTA-1,8
s1-CGAGCTATGTCCTCGC-1,7
s1-CGAGCTTAGAATACCT-1,7
s1-CGAGGAAGACTTAGAT-1,1
s1-CGAGGACGTAATAGGC-1,10
s1-CGAGGAGCGTTCGTTA-1,1
s1-CGAGGAGTCTAAGGAT-1,7
s1-CGAGGATTCGATCATA-1,1
s1-CGAGGCATCCAAGTCC-1,7
s1-CGAGTCACTCATAGAT-1,1
s1-CGAGTCATCCGCACCA-1,7
s1-CGAGTCCATGTCAACA-1,10
s1-CGAGTCCGTTGGAACT-1,7
s1-CGAGTCTTGTACTGCC-1,10
s1-CGAGTGCGGCTCGTGG-1,7
s1-CGATAAGAATTCCAGT-1,6
s1-CGATAAGGATAGGCAA-1,6
s1-CGATAAGGTGCCTGAC-1,6
s1-CGATGACCTCATCCTC-1,10
s1-CGATGAGGCCAACGTA-1,1
s1-CGATGATCAGCTATAA-1,7
s1-CGATGCACCAGGCCTC-1,7
s1-CGATGCCTGCTCACCG-1,8
s1-CGATGTCCGACTACAG-1,6
s1-CGATTAACTAATCTTA-1,10
s1-CGATTGGAACAGGCCA-1,8
s1-CGCAACCATGCACCGA-1,2
s1-CGCAAGTAGAGCTTGA-1,5
s1-CGCAATGTATCCAATG-1,4
s1-CGCACGCAGGTAAGTC-1,7
s1-CGCACGGCTGTCAGGT-1,4
s1-CGCACGTAGCATTGTT-1,3
s1-CGCACGTATGAAGGCC-1,3
s1-CGCACGTGACTGTTGG-1,1
s1-CGCACTAACTACCGGT-1,2
s1-CGCACTCACCAGCACG-1,8
s1-CGCACTGTGAGCCTGT-1,7
s1-CGCACTTAAGGCATGC-1,3
s1-CGCAGACACTGGCGTA-1,8
s1-CGCAGAGCAGTCCGAG-1,4
s1-CGCAGATAGATGTTCT-1,6
s1-CGCAGATATGGACAGT-1,5
s1-CGCAGATTCGACCGAA-1,1
s1-CGCATCTTGACTTAGT-1,6
s1-CGCATGAGGAGCGTCT-1,1
s1-CGCATGGAATTCACGA-1,3
s1-CGCCACAATAGCTCAA-1,4
s1-CGCCACATGCGTCCAA-1,5
s1-CGCCATGAGGCGATGA-1,7
s1-CGCCGGTATCTAGCAC-1,6
s1-CGCCTCGAGCCACTCG-1,1
s1-CGCCTCGATAATGCGG-1,3
s1-CGCCTCGGAACTGTGC-1,2
s1-CGCCTCGTACGAAGGC-1,8
s1-CGCCTCGTAGTCGTGA-1,5
s1-CGCCTCTAATTCGCGG-1,7
s1-CGCCTCTACTCGGAAC-1,10
s1-CGCCTCTGACTATTGT-1,10
s1-CGCCTTACGAGTAGCG-1,2
s1-CGCCTTAGCGGCCTCC-1,5
s1-CGCCTTAGGATCGGCA-1,1
s1-CGCCTTATCTTGGCGA-1,1
s1-CGCCTTGACGTGAATC-1,2
s1-CGCCTTGTGAAGTCTA-1,3
s1-CGCTACTCAGCCATAG-1,5
s1-CGCTAGACTTCATCAC-1,2
s1-CGCTAGCCGCATGCAT-1,1
s1-CGCTATAGCGATCGCC-1,10
s1-CGCTATAGTCTTCATC-1,9
s1-CGCTATGGTTGGTTAA-1,4
s1-CGCTATTAATCTATAA-1,3
s1-CGCTATTATGATACGT-1,9
s1-CGCTCGCAATTGGCGA-1,7
s1-CGCTCGGCCGGTTGTC-1,6
s1-CGCTCGGTACTGCGAA-1,3
s1-CGCTGCGAGTCCACAT-1,8
s1-CGCTGCTATGACAGAC-1,9
s1-CGCTGCTTCGCATACT-1,7
s1-CGCTGTGACATAGGCA-1,6
s1-CGCTTAGAATTCTTAC-1,8
s1-CGCTTATGGTTAGGAT-1,7
s1-CGCTTGCGTACGGCAC-1,4
s1-CGCTTGGCTTGGATCT-1,2
s1-CGGAACCGATTGAGTC-1,5
s1-CGGACACTATGTATCA-1,2
s1-CGGACTGTGAGTATAG-1,7
s1-CGGAGCCATCTGGATA-1,5
s1-CGGAGCCGCAATAGCC-1,3
s1-CGGAGCGGTAAGACGC-1,6
s1-CGGAGCTCACTTGCAT-1,2
s1-CGGAGCTCTTCCAACG-1,5
s1-CGGAGGCTAGTCGGCA-1,4
s1-CGGAGTAAGTGCACAT-1,1
s1-CGGAGTCTTACGTGAA-1,1
s1-CGGAGTGGCGACTAAG-1,3
s1-CGGAGTGGTCAAGTAT-1,1
s1-CGGATGTTGAACCACG-1,8
s1-CGGATTCCAGACGGTT-1,4
s1-CGGATTGCGTCTACCT-1,8
s1-CGGCAACCACTAGCAT-1,2
s1-CGGCAACCTAAGTCCA-1,1
s1-CGGCAAGATGCGTCGG-1,2
s1-CGGCAATCAACGTGGA-1,8
s1-CGGCACTCCGGTTCGC-1,7
s1-CGGCACTCTAGCGGAA-1,5
s1-CGGCATGGCCGCTTGT-1,3
s1-CGGCATTATCGCGTGG-1,2
s1-CGGCCATCAACCGGCG-1,8
s1-CGGCCTAACGATAATG-1,1
s1-CGGCCTGCGATCGATG-1,2
s1-CGGCCTGTCTGTCTGT-1,9
s1-CGGCGTAGCGCTAGGA-1,6
s1-CGGCGTTGGTTGCAGC-1,2
s1-CGGCTCGTGGAGTACT-1,9
s1-CGGCTGACCGCTCGCA-1,5
s1-CGGCTGTACATGATGT-1,5
s1-CGGCTTACGTGCACGA-1,2
s1-CGGCTTATTCGCTAAT-1,9
s1-CGGCTTCTACGATATG-1,4
s1-CGGCTTGTGCCGGCCT-1,1
s1-CGGTAGAACGTGACTT-1,6
s1-CGGTAGATTCCTATGC-1,6
s1-CGGTATAGGATGAGCG-1,3
s1-CGGTCAACGGCGGATT-1,1
s1-CGGTCATGGAGGACTC-1,7
s1-CGGTCCATACTTGAGC-1,5
s1-CGGTCCATGCGACTCC-1,5
s1-CGGTCCATTACAACTA-1,6
s1-CGGTCCGGTTCTTAGC-1,6
s1-CGGTCTAGATCGAATG-1,8
s1-CGGTCTGCGTATCTGG-1,3
s1-CGGTCTGCTTGAATGA-1,9
s1-CGGTCTTGCTATTCTA-1,6
s1-CGGTGAACGGTTAGAT-1,8
s1-CGGTGAACTCACATTG-1,7
s1-CGGTGAACTCCACCAG-1,8
s1-CGGTTACCATCAACCA-1,3
s1-CGGTTACGTCCATGAA-1,10
s1-CGGTTATCTGTCTTAA-1,7
s1-CGGTTGATTGAGCGCC-1,2
s1-CGTAACATAAGTCATC-1,4
s1-CGTAACATCGTTACGG-1,2
s1-CGTAACATTCGCGATA-1,1
s1-CGTAACATTGGCTGAG-1,6
s1-CGTAACCGGTATGCTA-1,3
s1-CGTAACCTGACATCGA-1,2
s1-CGTAAGCCGACCGCTT-1,1
s1-CGTAAGGATACGGCAC-1,5
s1-CGTACAGACGAGGACC-1,7
s1-CGTACAGGCCGCACTG-1,4
s1-CGTACAGTAAGTAATG-1,9
s1-CGTACATCACTGGATG-1,1
s1-CGTAGCCAAGTCCGTC-1,8
s1-CGTAGCCTTGAGCAAG-1,4
s1-CGTAGTACAAGGTACT-1,2
s1-CGTAGTACGCATAATG-1,6
s1-CGTAGTGACTCAAGGA-1,1
s1-CGTAGTTCGTTGGTAG-1,1
s1-CGTCAAGGCGGAATGT-1,7
s1-CGTCAGAACGTTGCCG-1,6
s1-CGTCCAATCTGCGTCC-1,8
s1-CGTCCATAATCCGCTT-1,8
s1-CGTCCATCCTAGCATC-1,8
s1-CGTCCATCGTCCAATA-1,4
s1-CGTCCATGTAGCGTCT-1,3
s1-CGTCGGATCGCAGAAC-1,2
s1-CGTCGGCAGACGGTAT-1,6
s1-CGTCGGCGGTAGATCA-1,7
s1-CGTGAATGGTCCTGCG-1,10
s1-CGTGAGCAATGGACAT-1,1
s1-CGTGAGCTGTTATCGT-1,8
s1-CGTGCGGATTCATGTA-1,7
s1-CGTGGCTACATCCATT-1,3
s1-CGTGGCTCCTTGTCTT-1,7
s1-CGTGTACGATGATTGT-1,1
s1-CGTGTAGACACCTTCC-1,5
s1-CGTGTATGAGGCCAGG-1,3
s1-CGTGTTAACCTGAAGC-1,9
s1-CGTGTTACCATATGTA-1,8
s1-CGTGTTAGATGGTATC-1,7
s1-CGTGTTGGACGTCTGG-1,9
s1-CGTTACAGTGCACTCA-1,1
s1-CGTTACGTGCAGATGG-1,3
s1-CGTTCCTGTCACCGTG-1,5
s1-CGTTCTCGAGGTTCGC-1,8
s1-CGTTGGTCGTCACTGT-1,7
s1-CGTTGTGAGCAAGTGG-1,1
s1-CTAACAGTATACCGGC-1,6
s1-CTAACGTGAATGATGT-1,2
s1-CTAACGTTAGGCAATG-1,2
s1-CTAAGCGTGCCTGCAA-1,7
s1-CTAAGCTCCACGATCA-1,8
s1-CTAAGCTTACAGTACG-1,1
s1-CTAAGTCAAGATCATG-1,8
s1-CTAAGTGGCCGATTAG-1,7
s1-CTAATCACTCCGAGAC-1,10
s1-CTAATCTGGCCGTGTT-1,2
s1-CTAATGACATCATTCT-1,6
s1-CTAATGAGCGAGGCTA-1,7
s1-CTAATTACGCAATGGA-1,5
s1-CTAATTATGTTGCCGC-1,3
s1-CTACAACCGCTGTCTA-1,7
s1-CTACAGAACCAGTTGA-1,4
s1-CTACAGAATTAATGAC-1,1
s1-CTACAGATCGGTCGCC-1,1
s1-CTACAGATGGTCATAC-1,1
s1-CTACAGCGTCTACACT-1,7
s1-CTACAGGTAGAATTCC-1,3
s1-CTACAGGTCGCTAAGC-1,8
s1-CTACATCTACTGGCTT-1,7
s1-CTACCAGACCTCTTAG-1,7
s1-CTACCAGGAGACATCT-1,1
s1-CTACCATCGATGAGAA-1,10
s1-CTACCTGTAATAAGCA-1,10
s1-CTACCTTATCAACTGA-1,1
s1-CTACGAATCAGCCTGG-1,4
s1-CTACGAATTGGCTGGT-1,6
s1-CTACGAGCCGGACGGT-1,7
s1-CTACGAGCCTGGAGAC-1,9
s1-CTACGATGCGTCCGGC-1,3
s1-CTACGCTACATCTGTT-1,2
s1-CTACGCTTAGAAGTGC-1,7
s1-CTACTGCTCCGACAGT-1,6
s1-CTACTTATGAACATAA-1,4
s1-CTAGACGATTGAGCTA-1,7
s1-CTAGCAACCAGTGCGG-1,3
s1-CTAGCACGATCACTGT-1,3
s1-CTAGCACGCCAAGCTT-1,9
s1-CTAGCATAGAGCGAGC-1,4
s1-CTAGCCGAAGATGGAC-1,2
s1-CTAGCGCCTAGCTTAA-1,4
s1-CTAGGACGCAAGCATT-1,2
s1-CTAGGCCAGGAGTACG-1,1
s1-CTAGTCAGGCGACAGT-1,4
s1-CTAGTGTTCAGATCCG-1,6
s1-CTAGTTATGTCCAAGG-1,4
s1-CTAGTTCTACATGACG-1,3
s1-CTATAACCAGCAGTAT-1,2
s1-CTATAACTCCTGGAGG-1,2
s1-CTATACCGACTCGCAT-1,1
s1-CTATAGATCCACAAGC-1,7
s1-CTATCCATAATCGATA-1,3
s1-CTATCCATTAGCTCGA-1,1
s1-CTATCCATTGAGCCAC-1,1
s1-CTATCCGCTGCAATTG-1,2
s1-CTATCGAGATGCCTAC-1,4
s1-CTATCGATCTGCGTGA-1,3
s1-CTATCGGATATCGGAG-1,7
s1-CTATCGGCCGTCTGAC-1,8
s1-CTATCGTATCAGCGTG-1,4
s1-CTATCGTATGATAGGA-1,3
s1-CTATCGTTACAACCTT-1,8
s1-CTATCGTTATCCGTCG-1,2
s1-CTATCGTTCCGCTCGT-1,10
s1-CTATGCACCAATCCAG-1,8
s1-CTATGCAGACCTCGCC-1,5
s1-CTATGCCATGCGGACA-1,3
s1-CTATGCCATTGGAGAA-1,10
s1-CTATGCCGTACAGCGT-1,7
s1-CTATGGCCAACGCCGG-1,5
s1-CTATGTAGGCCGAACG-1,6
s1-CTATGTCAGGAACCTC-1,5
s1-CTATGTCGTTCCGCTA-1,2
s1-CTATGTGCGGTTGACT-1,7
s1-CTATTAAGCCAGCACT-1,5
s1-CTATTACCGTCATATT-1,10
s1-CTATTAGCGGCTTCGT-1,2
s1-CTATTAGTACTGGCTC-1,2
s1-CTATTATGAGATACGA-1,7
s1-CTATTATGGCACCTCG-1,4
s1-CTATTCCGGCCGTCGG-1,1
s1-CTATTCCTTACCTAGG-1,5
s1-CTATTCGTCTTACATA-1,7
s1-CTATTCTGCAACGCAC-1,4
s1-CTATTCTGTAGGACCT-1,1
s1-CTCAAGATACAACGGA-1,9
s1-CTCAATACGTTAACCG-1,7
s1-CTCAATGACCATTAAG-1,2
s1-CTCAATTGGCGATTCC-1,8
s1-CTCACCAGGAATTGAC-1,10
s1-CTCACCAGTGTAAGTT-1,5
s1-CTCACCGCCTGTGAGT-1,5
s1-CTCACCGCTCTAATCA-1,2
s1-CTCACCGTGACTCGGA-1,8
s1-CTCACCTGAGACTAAG-1,6
s1-CTCACCTGCCGACTAA-1,1
s1-CTCACCTGGCTTAGGT-1,10
s1-CTCACCTTAATAAGAT-1,8
s1-CTCACCTTATCTCCTT-1,9
s1-CTCACCTTCTGAAGTA-1,2
s1-CTCACGAGTAGATGAG-1,2
s1-CTCACGATCTCCGGAG-1,7
s1-CTCACGTATTCAAGCG-1,9
s1-CTCACGTTCGGTCTGC-1,6
s1-CTCAGAAGACAACTCG-1,3
s1-CTCAGGATACGCGGCA-1,1
s1-CTCAGGCACGTCAGAC-1,6
s1-CTCAGGTCACTACAGC-1,6
s1-CTCAGGTCGTGCTCGC-1,7
s1-CTCATAATAGCACCGT-1,5
s1-CTCATAGCCAATGTCG-1,3
s1-CTCATATGATAACTAT-1,9
s1-CTCATATGTAACCGTG-1,10
s1-CTCATCCTGGCAAGTC-1,1
s1-CTCCAAGCGTCCTTCA-1,3
s1-CTCCACGCTAGCTAGA-1,7
s1-CTCCACTGGCTAATGG-1,7
s1-CTCCAGAATATTACAT-1,9
s1-CTCCATGGCGACCAGT-1,6
s1-CTCCGCAGCCGCCTTC-1,2
s1-CTCCGGATCCTCGCTC-1,3
s1-CTCCGGCCTACAGCTT-1,6
s1-CTCCGGTTCAGCGGAT-1,10
s1-CTCCTACATTGTATCT-1,7
s1-CTCCTACCTCGTGGTA-1,6
s1-CTCCTACTTGAGTAAG-1,3
s1-CTCCTGTCGAAGCCAA-1,7
s1-CTCCTTATCTTAAGAC-1,7
s1-CTCCTTATGGAACCTT-1,1
s1-CTCCTTGAATTGGCTA-1,3
s1-CTCGACAGCACTCGGA-1,7
s1-CTCGACTCCTAATGGA-1,6
s1-CTCGATGCGGTGTTAA-1,8
s1-CTCGATGTTGAACGGC-1,7
s1-CTCGATGTTGCTATGT-1,6
s1-CTCGCATACTCAACTC-1,8
s1-CTCGCTAGCACCATCT-1,1
s1-CTCGCTGTTCATAGAT-1,7
s1-CTCGGAATTCTTGATA-1,8
s1-CTCGGACTAACGTGGC-1,4
s1-CTCGGAGTCTTAAGGA-1,2
s1-CTCGGATCGGAATACG-1,3
s1-CTCGGTCTCCAACTGC-1,1
s1-CTCGTCGCGATTAATT-1,1
s1-CTCGTTCTGTCACGTT-1,6
s1-CTCGTTGCACCTTAGG-1,3
s1-CTGAAGCGGTTGCCAA-1,9
s1-CTGAAGGAGCCTCACT-1,6
s1-CTGAAGGATCTGTACG-1,7
s1-CTGAAGGTGCTCGAGG-1,6
s1-CTGAAGTGCTATGGCG-1,2
s1-CTGAAGTGCTGAACTG-1,6
s1-CTGAAGTTGCAGACAT-1,7
s1-CTGAATTCGCGTAAGG-1,1
s1-CTGACCGCCAATTAGG-1,10
s1-CTGACGTATCCGCCAC-1,10
s1-CTGACTCCGAATCTGC-1,3
s1-CTGACTCGAATTCGTG-1,1
s1-CTGACTGATTAGGCTG-1,3
s1-CTGACTGGTATGATAA-1,2
s1-CTGACTGGTCTACCTT-1,5
s1-CTGACTGTGGCCGGTT-1,7
s1-CTGATTAACAGCGGCC-1,2
s1-CTGATTAACGCAAGAA-1,5
s1-CTGATTACAATGTCCA-1,2
s1-CTGATTAGGTGCCGAA-1,3
s1-CTGATTATCAATAGAC-1,3
s1-CTGCATAATGGACCGC-1,3
s1-CTGCATTGAGGAGCCG-1,5
s1-CTGCCGATTGCGATGT-1,1
s1-CTGCCGTGAAGTCGCA-1,1
s1-CTGCCTAGTGAATAAG-1,5
s1-CTGCCTCCAACACCAG-1,7
s1-CTGCCTGACACGGATT-1,8
s1-CTGCCTGTGAGCCAGG-1,2
s1-CTGCTCATTAGAGTGC-1,1
s1-CTGGAACAATAGACAG-1,7
s1-CTGGAAGGCAACCGGA-1,8
s1-CTGGAAGTCTAAGCTC-1,3
s1-CTGGAATAGTGCAAGT-1,7
s1-CTGGAATGGATCAGCA-1,2
s1-CTGGAATGTCCGGCCT-1,5
s1-CTGGCACTTCTGCGTC-1,10
s1-CTGGCCTTACCACTTA-1,8
s1-CTGGCCTTGCATTCGG-1,8
s1-CTGGCGCACTTACTGA-1,4
s1-CTGGCGCATATCCGTG-1,4
s1-CTGGCGGACAACGCAC-1,7
s1-CTGGCTGGACGCTTGG-1,7
s1-CTGGTAATTAATCTGG-1,5
s1-CTGGTGATCCTGAAGG-1,1
s1-CTGGTGATCGCCGTAG-1,7
s1-CTGGTGCACGATCAAG-1,2
s1-CTGGTGCGTTCACGAG-1,7
s1-CTGGTGCTACAGTATT-1,9
s1-CTGGTGCTTATGACCA-1,1
s1-CTGGTGGCCAATAAGT-1,1
s1-CTGGTGGCCTTCCGAC-1,3
s1-CTGGTTGGACATCACC-1,4
s1-CTGGTTGGCTTGTTAC-1,10
s1-CTGTATCGAAGTGGAT-1,3
s1-CTGTATCGGAAGCTCC-1,9
s1-CTGTATCTTCGCCATA-1,1
s1-CTGTATGGCTCAACAT-1,1
s1-CTGTCACTCGGCCTTA-1,1
s1-CTGTCAGATCGATGCG-1,1
s1-CTGTCAGGCTTCCTAA-1,10
s1-CTGTCTATCCACATCT-1,6
s1-CTGTGCGTGAGCCGTC-1,10
s1-CTGTGGCTTGTCAGCT-1,2
s1-CTGTGGTAAGCTAATA-1,8
s1-CTGTTCCAGAAGCTGA-1,7
s1-CTGTTCGTATGCACCA-1,8
s1-CTGTTCTGCTCAGGAC-1,4
s1-CTGTTGCTACTCACAG-1,4
s1-CTTAATACGGCTAGCA-1,3
s1-CTTACGAACTCCGTCC-1,8
s1-CTTACGCAACTCAACG-1,9
s1-CTTACGCCATGCACAG-1,7
s1-CTTACGGTAAGCCGAA-1,7
s1-CTTACGTCATCCTTAT-1,1
s1-CTTAGCAACTAGGACC-1,8
s1-CTTAGCAAGGACAGCC-1,6
s1-CTTAGCACGACAGAAC-1,2
s1-CTTAGCCTAATGGTAA-1,2
s1-CTTAGCCTGTAAGACA-1,3
s1-CTTAGCGTAGCGTGCG-1,4
s1-CTTAGCTACCATCTCA-1,10
s1-CTTAGCTACGCAAGGT-1,1
s1-CTTAGCTATCCTTGCG-1,4
s1-CTTAGCTTAGTTCTCG-1,6
s1-CTTAGCTTCGCTGACC-1,1
s1-CTTAGTAAGCGTGGCA-1,6
s1-CTTAGTCCTCATAAGT-1,4
s1-CTTAGTCTATCGAGAC-1,7
s1-CTTAGTCTCGACAACT-1,6
s1-CTTAGTCTGTGCATCC-1,4
s1-CTTAGTCTTATTCGGA-1,7
s1-CTTAGTGCGACCTATT-1,1
s1-CTTAGTGCGTTGACGC-1,4
s1-CTTAGTGGCTAAGACG-1,4
s1-CTTAGTGGTACACGAC-1,7
s1-CTTAGTTGAATCACCT-1,5
s1-CTTAGTTGCTCGTTGT-1,7
s1-CTTAGTTGGAGCGACC-1,10
s1-CTTATTCACTAGCTGG-1,4
s1-CTTCAAGTCGACCTTC-1,6
s1-CTTCAATCGTACTACG-1,3
s1-CTTCATGCCTAGACGG-1,4
s1-CTTCATTGGATACCAC-1,2
s1-CTTCCAATTGAAGATT-1,1
s1-CTTCCACGATCCTGTA-1,5
s1-CTTCCGACGCACAACC-1,1
s1-CTTCCGTCGCTGCATC-1,7
s1-CTTCGACCAAGCCGAG-1,3
s1-CTTCGACTCCAGACTG-1,2
s1-CTTCGATAACATTGGT-1,7
s1-CTTCGATACTCCGACC-1,6
s1-CTTCGATATGTAGGAG-1,9
s1-CTTCGATGGACGTACC-1,4
s1-CTTCGCCGCAACATTA-1,8
s1-CTTCGGCTCACTACCT-1,4
s1-CTTCGTATTAATACGG-1,8
s1-CTTCGTCAAGACTCGT-1,1
s1-CTTCTACTCAAGTCGT-1,3
s1-CTTCTGAGCCAGGAAC-1,2
s1-CTTCTGTACGGACATC-1,8
s1-CTTGAACTTAGAGGAA-1,1
s1-CTTGAGCCTTGTTCCA-1,6
s1-CTTGAGTCCAAGGCTG-1,8
s1-CTTGATGCAATCACAA-1,1
s1-CTTGCCGGAAGACGCA-1,3
s1-CTTGCGTAACAGCAGT-1,1
s1-CTTGGACAGGTTAGAA-1,8
s1-CTTGGACTTGTCTGTC-1,5
s1-CTTGGAGGCCACCTGC-1,9
s1-CTTGGTCGGAAGTAGC-1,5
s1-CTTGGTTAGAGTCATC-1,7
s1-CTTGTATCGTATGATT-1,5
s1-CTTGTCAAGGCGTCAA-1,3
s1-CTTGTCAGTTCGGTAA-1,8
s1-GAACAAGGTCGAGCAA-1,8
s1-GAACAGATAACCTTAA-1,6
s1-GAACAGATCCGCTAGA-1,8
s1-GAACATTCGACACGTA-1,1
s1-GAACCGAACGAAGACT-1,2
s1-GAACCTTAGTTGATTA-1,10
s1-GAACGCCAGTGCATAC-1,8
s1-GAACGCTAGAAGGCTA-1,1
s1-GAACTAACTCTACGTG-1,7
s1-GAACTACAAGTAGGAG-1,7
s1-GAACTACCTTATCATA-1,6
s1-GAACTCATAGTGAGTG-1,6
s1-GAACTCCTCATACATA-1,8
s1-GAACTCCTGGAGGCTC-1,8
s1-GAACTGTAACTCAGGC-1,6
s1-GAACTTGGTGAGGATA-1,7
s1-GAAGCGATTGCCGAAT-1,2
s1-GAAGCGGCTGATCAGT-1,8
s1-GAAGCGTATCATCGTT-1,5
s1-GAAGCGTCCATAGTTG-1,8
s1-GAAGCTGTTCTACATC-1,7
s1-GAAGGATGGTATACGT-1,10
s1-GAATAAGGAGAACTAA-1,1
s1-GAATACAGACGAACTG-1,1
s1-GAATACCTGCCACGGC-1,10
s1-GAATACTAAGGCGAAT-1,7
s1-GAATCAATTACCGACC-1,2
s1-GAATCATAGTCTGAAG-1,1
s1-GAATCATGAACCAGTG-1,8
s1-GAATGACAACTAGTCA-1,10
s1-GAATGACACGACTAGG-1,4
s1-GAATGACCACAATCGA-1,3
s1-GAATGAGTATAGACCA-1,3
s1-GAATGGCCAAGGAGGC-1,1
s1-GAATGTATTGGATCAA-1,4
s1-GAATGTGCCTAGCAGA-1,4
s1-GAATTAACCTTCAATT-1,8
s1-GAATTCACAACTGCAG-1,3
s1-GACAACATCATGCCGC-1,9
s1-GACAACCTAGGAGTCT-1,5
s1-GACAACGGACTCAGCT-1,7
s1-GACAACGGCGATGTTA-1,2
s1-GACAACTTAACCAACC-1,7
s1-GACAACTTGATTGTGA-1,2
s1-GACAAGCCTCGTTAGT-1,5
s1-GACAAGCTGAATCTGG-1,3
s1-GACAATCTATTAGATT-1,2
s1-GACAATGACAAGCTTA-1,2
s1-GACAATTGTATGCTTC-1,6
s1-GACAGCAACTCAGAAC-1,9
s1-GACAGTCACTTCGCTC-1,1
s1-GACATCACCGTTGCGT-1,3
s1-GACATCCTTCATTATC-1,9
s1-GACATCTGCGGTCTTG-1,8
s1-GACATTATCTTAATCT-1,4
s1-GACCAATTGCGTCAGA-1,4
s1-GACCACATTCTTGAAT-1,7
s1-GACCACGGCGTACATA-1,9
s1-GACCACTCCTGACGTT-1,4
s1-GACCACTTAGACAGGT-1,3
s1-GACCGAAGACTGGCAG-1,3
s1-GACCGAATCTAATACG-1,2
s1-GACCGACAATAGGAAT-1,9
s1-GACCGAGGCAACGTTC-1,5
s1-GACCGGCCATGTACCG-1,6
s1-GACCGTATTAGACCGG-1,4
s1-GACCTGCTGTACGAAG-1,1
s1-GACGAGCTGCACTCGT-1,6
s1-GACGCAGCGTCAAGTT-1,1
s1-GACGCCTCGTCAGAGG-1,1
s1-GACGCCTCTTGATTGT-1,2
s1-GACGGCTTAGGTGCGA-1,2
s1-GACGGTACCTGGCCGT-1,1
s1-GACGGTGGTTGATGTC-1,8
s1-GACGTACAGGAACGCT-1,3
s1-GACGTAGACTGCCGCA-1,5
s1-GACGTCTTATCTCAGC-1,9
s1-GACGTGGTGCTCCAGA-1,3
s1-GACTACGAGTTCCATT-1,7
s1-GACTACGCCTATAGCC-1,8
s1-GACTAGATTAGCTAAC-1,2
s1-GACTAGTAATCTTGCT-1,1
s1-GACTGCCATAGAATAC-1,1
s1-GACTGCGGTCTGCGTG-1,7
s1-GACTTCATACCGCTGT-1,7
s1-GACTTGAACGTCCGTA-1,1
s1-GACTTGAAGCCATAGC-1,10
s1-GAGCACCATTCGCTGT-1,5
s1-GAGCAGACTAGTGGTA-1,10
s1-GAGCATCTCCAGTCTG-1,5
s1-GAGCCAAGCGATCGTA-1,3
s1-GAGCCAGCTTACGGTA-1,1
s1-GAGCCTCACGTATGTA-1,1
s1-GAGCCTCCAGTACCGA-1,8
s1-GAGCGAATCGGTAGAA-1,8
s1-GAGCGATACTCCAGGC-1,2
s1-GAGCGGCAATGGAATA-1,4
s1-GAGCGGTGTTATCAAC-1,5
s1-GAGCTAACCTACTTAC-1,9
s1-GAGCTAAGGTTGCGTT-1,1
s1-GAGCTACAAGATCAAG-1,7
s1-GAGCTACAGCTCGGTA-1,7
s1-GAGCTGCGGTGGTAAT-1,8
s1-GAGGAAGGCAACGGCG-1,10
s1-GAGGACAGATCGCCTA-1,1
s1-GAGGACAGTGATCGGC-1,5
s1-GAGGACGAGTCCTAGT-1,4
s1-GAGGATACCAGGTACG-1,5
s1-GAGGATCCAGAACTGG-1,7
s1-GAGGATGAGGATCCTC-1,5
s1-GAGGATGATAGGAAGG-1,7
s1-GAGGCCACAAGGTGCA-1,7
s1-GAGGCCACTTCTAGAT-1,4
s1-GAGGCCAGCAGAGGTT-1,7
s1-GAGGCGCTCCATTCCT-1,1
s1-GAGGTAACATTCGATC-1,9
s1-GAGGTAACTAGACAGT-1,4
s1-GAGGTAACTGCGAGAC-1,7
s1-GAGGTATTAATAGCGG-1,7
s1-GAGGTCACTGTAAGCT-1,1
s1-GAGGTGCATTCGGATC-1,7
s1-GAGGTGCCTCTTCGTG-1,8
s1-GAGGTGCGGCTGACCA-1,9
s1-GAGGTGGCTCGAGGTT-1,2
s1-GAGGTGTAGCAACTCA-1,6
s1-GAGTAACGTGGCTTGA-1,8
s1-GAGTAGACGCAGGCTC-1,7
s1-GAGTAGATACGTCAAC-1,5
s1-GAGTAGATTATGGTTC-1,9
s1-GAGTAGGATGGTAGTC-1,6
s1-GAGTCACGTCCTTAGA-1,9
s1-GAGTCCACGCCTGAAG-1,1
s1-GAGTCCACTCATAACA-1,1
s1-GAGTCCTACCTCTGCA-1,2
s1-GAGTCCTCTAGCGACA-1,8
s1-GAGTCTCGAGATAGTC-1,3
s1-GAGTCTGACTATAGAA-1,7
s1-GAGTCTGGTGAATGAG-1,6
s1-GAGTGCAGCGTCATCG-1,1
s1-GAGTGCCGCATTAGGC-1,6
s1-GAGTGCGGATACAGTC-1,10
s1-GAGTGGAGCAAGCGCA-1,6
s1-GAGTTAATCTCGTTAT-1,4
s1-GAGTTAATTCCACTGG-1,8
s1-GAGTTACTCAATGGAA-1,1
s1-GAGTTAGCAGTAGATG-1,3
s1-GAGTTCTATCGTGCCT-1,7
s1-GAGTTGGTATTAATAG-1,9
s1-GATAAGCACGTGCGTA-1,9
s1-GATAAGTTGGCGATTA-1,3
s1-GATAATCAGCTATTGT-1,2
s1-GATACATAACGCATGT-1,5
s1-GATACCTCGCGACTGC-1,5
s1-GATACTTCACTCAGCA-1,8
s1-GATACTTCTAGTGGAG-1,8
s1-GATAGAGTCTGAATCG-1,1
s1-GATAGAGTGATAAGCT-1,8
s1-GATAGATGTTGAAGAT-1,8
s1-GATAGCTAATGGATAG-1,2
s1-GATAGTGACACTCCAA-1,1
s1-GATATCCATATGAGGC-1,9
s1-GATATCTTGTGACACG-1,1
s1-GATATGCTCACGTTAC-1,8
s1-GATCACGAACGTTGAG-1,5
s1-GATCCACCGCGTGCAA-1,1
s1-GATCCGGACATACACC-1,2
s1-GATCGGAGATACGCAG-1,1
s1-GATCGTAACATTAATA-1,4
s1-GATCGTAAGAGTCGCA-1,2
s1-GATCGTCATGCGGAGG-1,5
s1-GATCGTGGCCACAACC-1,2
s1-GATCGTTGATGGATGC-1,9
s1-GATCGTTGGAATGACA-1,5
s1-GATCTATGAAGATGCG-1,1
s1-GATCTTGTCATGATCT-1,1
s1-GATGACTCTGAATCTT-1,2
s1-GATGAGTGAACGGCTG-1,7
s1-GATGCCAGACATAATG-1,2
s1-GATGCCGACAGATATT-1,4
s1-GATGCCTAGAGTCTGT-1,7
s1-GATGGACCTGGACGGA-1,1
s1-GATGGACGGCAGATGA-1,3
s1-GATGTAGCGAGGTCCA-1,3
s1-GATGTAGGAGTTGGCC-1,7
s1-GATGTTCTATAGGATA-1,2
s1-GATTATGTGACATGAT-1,2
s1-GATTCCAAGTCCTGTA-1,5
s1-GATTCCATACTGAACC-1,1
s1-GATTCCATTGAGTTGA-1,1
s1-GATTCCGCTATCGGCT-1,4
s1-GATTCCGCTGCAAGAT-1,6
s1-GATTCCGTGCGTATAC-1,1
s1-GATTCCTGCAGATCGT-1,9
s1-GATTCGCCATGTATCA-1,1
s1-GATTGACTCCATGCGA-1,8
s1-GATTGTCGCAACGAGG-1,1
s1-GCAACAGCGTGGATCA-1,2
s1-GCAACAGCTCCTATGA-1,10
s1-GCAACAGGCCATTGAC-1,2
s1-GCAACATACATCAGCA-1,4
s1-GCAACATCAGTCAAGT-1,5
s1-GCAACATGGTTCTTCA-1,9
s1-GCAAGAATGTTCCACC-1,1
s1-GCAAGATAGGTTAACT-1,7
s1-GCAAGCACTACCGCCA-1,4
s1-GCAAGCTTATTGACGT-1,2
s1-GCAATACATGAGGACA-1,2
s1-GCAATCAACTCCAGAT-1,10
s1-GCAATCCTCGAGCGTT-1,8
s1-GCAATCGTGACTCCAA-1,5
s1-GCAATTAATCAACGTA-1,6
s1-GCAATTCCTATCATAC-1,8
s1-GCAATTCTGTGACAGA-1,8
s1-GCACAGCTGTGGTTGA-1,7
s1-GCACAGTCTTGATAGA-1,8
s1-GCACATGCCGGTCTGG-1,8
s1-GCACCGAAGATGTCTA-1,8
s1-GCACCTAGCCGAATCT-1,6
s1-GCACCTAGTAATTATC-1,8
s1-GCACCTTAATCGGATA-1,10
s1-GCACCTTACTGGCTAC-1,1
s1-GCACCTTAGCCTCGCA-1,2
s1-GCACGAGCAGTACCGA-1,4
s1-GCACGAGCTATTGTCG-1,10
s1-GCACGAGGTCACGGAC-1,5
s1-GCACGCAACCATACCA-1,7
s1-GCACGCATAGATTGCT-1,7
s1-GCACGCATAGGCGATC-1,6
s1-GCACGCTTCGTTGTTC-1,8
s1-GCACGGAAGGATAGTA-1,4
s1-GCACTACACTATTGCG-1,7
s1-GCACTCCGACTGGCGT-1,10
s1-GCACTCTGTTGCCATA-1,1
s1-GCACTCTTGCTACCGA-1,10
s1-GCACTGAATATGACAG-1,1
s1-GCACTGCCTCGATGCG-1,7
s1-GCACTGGACGCAGCAC-1,2
s1-GCACTGTTGCGGCCTT-1,7
s1-GCAGACGCCTGGTTAT-1,1
s1-GCAGATACGTTGAACG-1,8
s1-GCAGATCCTAATGTGG-1,1
s1-GCAGATCGGTAATTAT-1,5
s1-GCAGCCGGATGCCGCA-1,4
s1-GCAGCGACAGTTCGGT-1,8
s1-GCAGCGATCTAACGAA-1,4
s1-GCAGGCAGTGATCTAC-1,1
s1-GCAGGCCATTCCTGCC-1,6
s1-GCAGGCTACCGTCCTT-1,1
s1-GCAGGCTGGTTCCAAG-1,1
s1-GCAGGTCACTACCTCA-1,6
s1-GCAGGTGCTGATGCTT-1,6
s1-GCAGTAGATGTCCAAT-1,7
s1-GCATAACCGAGGTGAT-1,8
s1-GCATACTAGCATCGAA-1,1
s1-GCATGACGGATTATCA-1,1
s1-GCATGCTGAGACAGGT-1,6
s1-GCATGTCGAGTGTCTT-1,3
s1-GCATTACCTGTCAAGA-1,6
s1-GCATTGACTACAGCGA-1,6
s1-GCATTGCTGTTCCATC-1,5
s1-GCATTGGTTACCAAGC-1,6
s1-GCCAACGAGCGGCATA-1,9
s1-GCCACGAAGGAATTCC-1,9
s1-GCCACGCCTTAGTACG-1,9
s1-GCCACTATAGACCATA-1,2
s1-GCCACTCCGTCACCTC-1,4
s1-GCCAGACAGACGCCTA-1,2
s1-GCCAGACATCTATCAC-1,3
s1-GCCAGGCTTAATGGCC-1,5
s1-GCCAGTAGACGATACC-1,7
s1-GCCAGTTAATTCTTGC-1,3
s1-GCCAGTTCCTCGTGCC-1,6
s1-GCCATTCTCGTGTAGA-1,4
s1-GCCATTGCATGTTAAC-1,1
s1-GCCATTGTAACTGATC-1,3
s1-GCCATTGTAATGTCTT-1,4
s1-GCCGAGTCCTCGTCCA-1,6
s1-GCCGATCGAGTGAAGT-1,2
s1-GCCGATCTCGTGACTC-1,4
s1-GCCGCACTTCGTCTAT-1,5
s1-GCCGCTGATTGGCCAG-1,6
s1-GCCGCTTCTAAGGTGA-1,4
s1-GCCGGCAATAGGCAGG-1,8
s1-GCCGGCATTCCGCCGA-1,9
s1-GCCGGCGAACCATTGT-1,2
s1-GCCGGCGTGAACTTGC-1,1
s1-GCCGGTATGCTCATGC-1,6
s1-GCCGTACCAGATCTAG-1,4
s1-GCCGTATGCCAGTCTT-1,6
s1-GCCTATAGCATACCTT-1,7
s1-GCCTCATGCGAGCAGG-1,8
s1-GCCTCCGTCTACCTCG-1,8
s1-GCCTCCTGCGGCCGTT-1,2
s1-GCCTGGAACGTCTGCT-1,4
s1-GCCTGGACCTATTGTC-1,2
s1-GCCTGGAGCAAGTTAG-1,4
s1-GCCTGGTACATGGTCG-1,7
s1-GCCTGGTCAGGTTGCC-1,3
s1-GCCTGTGAAGTCGGCG-1,1
s1-GCCTGTGACACCAGAA-1,4
s1-GCCTGTGATAGATTGG-1,8
s1-GCCTGTTAACGGACGA-1,5
s1-GCCTGTTAGGTTGTGA-1,5
s1-GCCTTCGCTTATGTTC-1,7
s1-GCCTTCTGATTCCGTC-1,6
s1-GCCTTCTGTCACGCTC-1,6
s1-GCCTTGAGATCTGAGC-1,6
s1-GCCTTGCCACTTCTGA-1,7
s1-GCCTTGGCGAACAATC-1,7
s1-GCGAAGTTGGCGTGCA-1,5
s1-GCGAATAGTGGCTAAT-1,1
s1-GCGAATCGAGAACACG-1,1
s1-GCGAATGCAGTGTCAA-1,3
s1-GCGAATTGGCTAGCCA-1,3
s1-GCGACACTAAGCTAAG-1,1
s1-GCGACAGTGCCGCACC-1,1
s1-GCGACGTAGAGCGTTA-1,8
s1-GCGAGCGGACCATAAC-1,7
s1-GCGAGCGGTTGTCATG-1,6
s1-GCGAGCTAACTCCTAG-1,10
s1-GCGAGGATCGACCTTA-1,7
s1-GCGAGTTGAACGTCGA-1,9
s1-GCGATCTTGCTCACGC-1,6
s1-GCGATGACCGTGTAAT-1,1
s1-GCGATGTACTGCTATT-1,8
s1-GCGATTCTAACAGTAA-1,9
s1-GCGGCAAGTGTTATGT-1,6
s1-GCGGTCCTGTAGTCTG-1,6
s1-GCGGTCGTTGATCTTG-1,2
s1-GCGGTGGCCGACGCAT-1,6
s1-GCGGTTGCCTCGACGG-1,5
s1-GCGTAACGTTACAGGT-1,8
s1-GCGTACCGGAACGACA-1,4
s1-GCGTACCGGATGGCTC-1,9
s1-GCGTACCGTGTATCAG-1,1
s1-GCGTACGAATCTAATC-1,6
s1-GCGTCCAGCAATTGGC-1,4
s1-GCGTCCTCTGCCGTTG-1,9
s1-GCGTCGGAATGCTGCC-1,1
s1-GCGTCGGTCACGCCAG-1,1
s1-GCGTCTCGCAACTCAT-1,7
s1-GCGTGAACGTGACTCA-1,6
s1-GCGTTAATAGTCAGTA-1,1
s1-GCGTTCGAGGCCACAA-1,4
s1-GCGTTGTATCGGAGCT-1,3
s1-GCTAACAGATTGGTAG-1,5
s1-GCTAACCATAGGCGTT-1,1
s1-GCTACATCTGTACTCA-1,8
s1-GCTACCATCCTGTAGA-1,7
s1-GCTACCTAGTCCGTTC-1,10
s1-GCTACTTCTGACGCGA-1,6
s1-GCTATGCGTGAACGGT-1,1
s1-GCTCAACCACGGCAAC-1,8
s1-GCTCATACAATTAGAC-1,7
s1-GCTCCGAGACTACATA-1,1
s1-GCTCCGGCAACATGAT-1,3
s1-GCTCCTATGTCTTCGC-1,8
s1-GCTCGATGCTCGCATG-1,4
s1-GCTCGCATCGTCATTA-1,1
s1-GCTCGGAGATGAATGT-1,2
s1-GCTCGTAACGGAGCAC-1,5
s1-GCTCGTCTGCCGCAAT-1,2
s1-GCTGAATGACCGTGAG-1,1
s1-GCTGACAGCCGGAGCG-1,1
s1-GCTGACTTGTCTCAAT-1,7
s1-GCTGAGGACAAGAAGT-1,8
s1-GCTGAGTGTTCAACCG-1,1
s1-GCTGCCGCCTATGTAG-1,6
s1-GCTGCGCAATGGAAGC-1,5
s1-GCTGCGTTATGTGGAC-1,8
s1-GCTGGATGACTCTACC-1,1
s1-GCTGTAGTGCTGTCGC-1,7
s1-GCTGTCGCGATGGTAG-1,8
s1-GCTGTTATGGTTGCCG-1,9
s1-GCTGTTCAACCGAATA-1,4
s1-GCTGTTCATCAGCGTC-1,8
s1-GCTGTTGATAGTCTTA-1,6
s1-GCTTAATAGAGGCGAG-1,4
s1-GCTTACATGTTGCGCT-1,2
s1-GCTTACCTCGTGCTAT-1,3
s1-GCTTCGCTCAAGCGAT-1,8
s1-GCTTCGGCATCAGAGT-1,1
s1-GCTTCTAAGTCTGACG-1,6
s1-GCTTCTAGCGTTCATT-1,6
s1-GCTTCTCAGACCGCCT-1,8
s1-GCTTCTCCAGAACCGC-1,3
s1-GCTTCTGTTACGAGAA-1,1
s1-GCTTCTTGGACGAGCG-1,7
s1-GCTTGAACTCCATCCA-1,9
s1-GCTTGAACTCGCCATG-1,5
s1-GCTTGACCTCCGCTTC-1,3
s1-GCTTGAGCTCTTGACA-1,7
s1-GCTTGCAATACAAGGC-1,5
s1-GCTTGCCATAGTGGAT-1,4
s1-GCTTGCTTACTTAACG-1,2
s1-GCTTGGATCCAACCGG-1,9
s1-GCTTGGATGCTCGCTT-1,6
s1-GCTTGGCTGCGGTAAC-1,7
s1-GCTTGGTCAACCGTGG-1,2
s1-GCTTGGTGTTCGAACA-1,1
s1-GGAACATCGTGGAATC-1,2
s1-GGAACTTCGACATGTC-1,1
s1-GGAAGAATAACTAACC-1,4
s1-GGAAGCATTAGAGGCA-1,3
s1-GGAAGCTGAGATAAGG-1,10
s1-GGAAGTCTTGTCGCAT-1,1
s1-GGAATCCTTAGACTGT-1,6
s1-GGAATGGCAACTTGGA-1,7
s1-GGACAGTGCGGCAACA-1,7
s1-GGACCACTTATCGTTC-1,3
s1-GGACCATCACCGCCAA-1,4
s1-GGACCGATCTGGATTA-1,1
s1-GGACCGCTTCCTGGCA-1,6
s1-GGACGGCTATCGACCA-1,9
s1-GGACGGTGCAGTAGGA-1,4
s1-GGACGTACATACCAGA-1,5
s1-GGACGTAGTGTAGAAG-1,4
s1-GGACGTCGAACGGCTT-1,3
s1-GGACGTCGAGGATTCA-1,3
s1-GGACGTCGCACGAGAA-1,1
s1-GGACGTTAGATATTAC-1,7
s1-GGACGTTAGATTCAGG-1,8
s1-GGACGTTGGAGGTGAT-1,1
s1-GGACTCACGGTCCAAT-1,4
s1-GGAGAAGCCAAGCGCT-1,1
s1-GGAGATAGGAATGGTC-1,5
s1-GGAGATCCGTAGGATA-1,3
s1-GGAGATCCTGTACCAG-1,2
s1-GGAGATGCGTGCAGTA-1,8
s1-GGAGATGGCTCGAGAT-1,1
s1-GGAGCAATGCGGTGCA-1,5
s1-GGAGCGAATTGGACGG-1,7
s1-GGAGCGAGTGTAACTT-1,3
s1-GGAGCGGCACCTCGTA-1,6
s1-GGAGGCACATAGCGTA-1,9
s1-GGAGGTCGTAGGAGCT-1,6
s1-GGAGTCCAGATAGCTT-1,3
s1-GGAGTCTAAGGCCGCT-1,4
s1-GGAGTCTAAGTGGTCC-1,6
s1-GGAGTGTCCATGTATT-1,4
s1-GGATAAGTCAGGATAG-1,3
s1-GGATAATTATGCTGGT-1,2
s1-GGATAATTCAATGCTG-1,7
s1-GGATCGAGTGTCCACT-1,2
s1-GGATCGATACCTCCGG-1,8
s1-GGATCGCTGGCATATT-1,7
s1-GGATCGGACGTCTTGT-1,5
s1-GGATGGATCACTCATA-1,1
s1-GGATGTAACTAATCCG-1,9
s1-GGATTCCGACGTGATG-1,8
s1-GGATTCGATGTCCGGA-1,3
s1-GGCAAGACAATCAGCT-1,8
s1-GGCAATGCGAACTTAA-1,4
s1-GGCACGACGGACGTCG-1,4
s1-GGCAGCCGGCACTTCC-1,7
s1-GGCAGCGTATACGACT-1,1
s1-GGCAGCTCCTGGACGG-1,3
s1-GGCAGGAAGTCTTCTA-1,9
s1-GGCATAATCCTATCGC-1,7
s1-GGCATAATCCTTCATG-1,10
s1-GGCATACATGGCTCAG-1,7
s1-GGCATTCCGATGCTCG-1,1
s1-GGCATTGCTAAGAATG-1,6
s1-GGCCAAGATGGATGGC-1,2
s1-GGCCAATAACGCTACA-1,3
s1-GGCCAGTAGGTATGAG-1,4
s1-GGCCGCCAACTATTGC-1,8
s1-GGCCGTCCAGTAGGAC-1,8
s1-GGCCTGCGTTATGCCG-1,8
s1-GGCCTTCGACCAGGTA-1,1
s1-GGCCTTGGATGTTGTC-1,5
s1-GGCGACCATAGCGTTA-1,3
s1-GGCGACTTCTTGATGT-1,6
s1-GGCGAGGCAGCCTACT-1,6
s1-GGCGATCGGTCTGCTC-1,4
s1-GGCGCCAAGGAGCGCT-1,7
s1-GGCGCCACCGGAGCAA-1,7
s1-GGCGCCACTGAACATC-1,7
s1-GGCGCCGTCGGACATA-1,1
s1-GGCGCCTTGGCCTAAG-1,5
s1-GGCGCTAATATGCTCC-1,1
s1-GGCGGAAGTCTTGTAG-1,2
s1-GGCGGAGCACTGATAA-1,7
s1-GGCGGAGTTGAACTAT-1,2
s1-GGCGGATACAACGCAC-1,8
s1-GGCGGATATTGATTGA-1,7
s1-GGCGTCGCCGTATGAT-1,1
s1-GGCGTCGGTAGTGATA-1,8
s1-GGCGTGGACCTTAGAT-1,8
s1-GGCGTGGCACGGCACT-1,1
s1-GGCGTGTAATTACTTA-1,2
s1-GGCTCAATCAACATGA-1,6
s1-GGCTGACGCCGAATCA-1,1
s1-GGCTGCTAACTTCGCT-1,3
s1-GGCTGCTCCATAGCTG-1,2
s1-GGCTGTTCAATGTCAA-1,8
s1-GGCTTGCCATAGGCTC-1,4
s1-GGTAAGGCGACGATGA-1,7
s1-GGTACCACCTATACCT-1,2
s1-GGTACCAGGTAGTGTT-1,7
s1-GGTACGAAGAACTCGA-1,9
s1-GGTACGATCGACTTAA-1,7
s1-GGTACGCTTACCTGCG-1,2
s1-GGTACGGAGCATCAGC-1,1
s1-GGTACGGTATGCTCCA-1,8
s1-GGTACGTGCTCGGCAA-1,4
s1-GGTACTGTGATCTTCC-1,8
s1-GGTAGCCATCAATCCG-1,1
s1-GGTAGCGTACATCTGT-1,8
s1-GGTAGCTTAGCCAATC-1,1
s1-GGTAGGTCTGGCTAAC-1,9
s1-GGTAGGTTGTTACGGC-1,2
s1-GGTAGGTTGTTCTAAG-1,3
s1-GGTAGTACAGGTTAGA-1,8
s1-GGTAGTACCGCAACAG-1,6
s1-GGTATGCAACAGTGGC-1,3
s1-GGTATGGTCAGGTTGG-1,9
s1-GGTCACCGCATAACAA-1,1
s1-GGTCATGCTCTGCCAA-1,4
s1-GGTCCTGCGAGTAGGT-1,7
s1-GGTCTGAAGGTTCGAA-1,9
s1-GGTCTGAAGTATGTCA-1,3
s1-GGTCTGAGATCCGCCA-1,3
s1-GGTCTGCGAACTGTAT-1,1
s1-GGTCTGGTATGTGGCC-1,2
s1-GGTCTGGTTGTAGAAC-1,9
s1-GGTCTTATAGGCTGGC-1,6
s1-GGTCTTCCGCACATCC-1,6
s1-GGTCTTCCGGCTGGAC-1,2
s1-GGTCTTGAACCGGCCA-1,7
s1-GGTCTTGCACGTTGCG-1,3
s1-GGTGCAATCAGACTTC-1,6
s1-GGTGCACTCCGGTTCG-1,4
s1-GGTGCAGGCACCGCGT-1,7
s1-GGTGCAGTGGTCTTAT-1,2
s1-GGTGCAGTTCCATATG-1,8
s1-GGTGCGCAACTAACGG-1,8
s1-GGTGGCTTATTGCGTG-1,1
s1-GGTGTCACCAGCGAAC-1,2
s1-GGTTACAGCCGGCCGG-1,4
s1-GGTTACCAGACAACAT-1,8
s1-GGTTACGGACGATTAA-1,2
s1-GGTTAGACTCACTAGC-1,1
s1-GGTTAGACTCGGAGGT-1,4
s1-GGTTAGCTTCATGAGT-1,2
s1-GGTTAGTATGAGTGTC-1,7
s1-GGTTAGTCGGCAGCGA-1,5
s1-GGTTCAAGGTTAAGCC-1,9
s1-GGTTCACCGACTCACG-1,6
s1-GGTTCATTCCGGCCTC-1,3
s1-GGTTCTATACCGCTTG-1,4
s1-GGTTCTCCTATCAGTT-1,5
s1-GGTTCTCGTGATGTGA-1,4
s1-GGTTCTGGAGTCTACC-1,7
s1-GGTTGACCAAGACATG-1,5
s1-GGTTGCGATTGAACAG-1,9
s1-GTAACACCGAGCGTTA-1,1
s1-GTAACATACACCTGTT-1,1
s1-GTAACATCTTATAATG-1,9
s1-GTAACCACCTACAACC-1,5
s1-GTAACCTAGCGTCACG-1,4
s1-GTAAGTAATTACAATC-1,9
s1-GTAAGTATTGCTATCG-1,4
s1-GTAAGTTGCGGAGCGT-1,6
s1-GTAAGTTGCTGGTGGA-1,7
s1-GTAATCACGCACAGCT-1,2
s1-GTAATCAGGCGGACGG-1,6
s1-GTAATCTTGTCTAGTT-1,1
s1-GTAATGACGGTCTACG-1,2
s1-GTAATGATCACGTAAG-1,4
s1-GTACAACTCGGCAGAA-1,1
s1-GTACAGAACAGGACTC-1,9
s1-GTACAGAACCGATTAT-1,4
s1-GTACAGAACGCAGCGT-1,5
s1-GTACAGATGACATCGC-1,7
s1-GTACAGCCGTTACAGA-1,2
s1-GTACAGCTGAGCCGGA-1,10
s1-GTACAGGAACGAATGG-1,10
s1-GTACAGTATCGGAATT-1,3
s1-GTACATAAGCTACGCC-1,3
s1-GTACCTACAATACGAA-1,10
s1-GTACCTGAAGTGAATG-1,7
s1-GTACCTGTCTTACTGT-1,5
s1-GTACCTTCATGTGCAA-1,4
s1-GTACGAAGATTATCCG-1,1
s1-GTACGAAGGATTATTG-1,4
s1-GTACGAATTCTACCAA-1,2
s1-GTACGAGGTAGTGCAC-1,2
s1-GTACGATTAGTCTACA-1,3
s1-GTACGCCATAGATGGT-1,10
s1-GTACGCCTCGCTTCCA-1,8
s1-GTACGCTCGCCAACAT-1,9
s1-GTACGCTTGATACCAC-1,9
s1-GTACTACCGTTAGGTG-1,4
s1-GTACTGCATAAGGTTA-1,7
s1-GTACTTAACTTCAGCG-1,2
s1-GTACTTACTTCATACC-1,3
s1-GTACTTCTGATCCTCG-1,2
s1-GTAGAAGGACATCATA-1,3
s1-GTAGAAGTAAGCTGCG-1,1
s1-GTAGACCAGAATACTC-1,3
s1-GTAGACCTGTCAACCA-1,6
s1-GTAGCAACGACCGTGG-1,3
s1-GTAGCACGAGCTCAAG-1,2
s1-GTAGCAGAACATGGTG-1,1
s1-GTAGCAGAAGACTCTT-1,3
s1-GTAGCAGAGCAATAGC-1,8
s1-GTAGCATAGTTACAGG-1,5
s1-GTAGCATCGAAGGTCT-1,10
s1-GTAGCCAGTGCGGTTG-1,4
s1-GTAGCCGCACTCCATC-1,3
s1-GTAGCCTAAGGTTAGT-1,2
s1-GTAGCGCCTGAACTCA-1,4
s1-GTAGCGCTCATCAGGT-1,6
s1-GTAGGAGCAACAGGCA-1,8
s1-GTAGGTGATAATTCAC-1,3
s1-GTAGTCAGACCAATGT-1,9
s1-GTAGTCCAGCGGACAT-1,3
s1-GTAGTCCATTGTTCGT-1,2
s1-GTAGTGACATTACGAC-1,3
s1-GTAGTTGTTCATGTAG-1,3
s1-GTATACATTGGCTCAG-1,8
s1-GTATACGATACCTTGT-1,3
s1-GTATACGGTACACGCA-1,2
s1-GTATACGGTTAAGATA-1,5
s1-GTATCTACAGATCTCC-1,6
s1-GTATCTAGCTACCAGC-1,6
s1-GTATCTGTCAACGGTG-1,6
s1-GTATCTGTGGCGTCTA-1,10
s1-GTATCTGTGGTCCAGC-1,5
s1-GTATGACATAAGACGG-1,4
s1-GTATGATAGTATGGAT-1,7
s1-GTATGATCACTTGACG-1,4
s1-GTATGCCTATCTTGCG-1,3
s1-GTATGCCTTACTCCAC-1,3
s1-GTATGCGGTATCATGA-1,1
s1-GTATGCTTGCGACTAA-1,4
s1-GTATGGTGGAGCGGCC-1,10
s1-GTATGTAGCAGGCATA-1,4
s1-GTATGTAGCTCACCTT-1,1
s1-GTATGTGCAAGCCGGA-1,1
s1-GTATGTTAGTTCTACC-1,7
s1-GTATGTTCTGGATCGC-1,8
s1-GTATTACGAGTCAATC-1,4
s1-GTATTACGGCCATTAT-1,4
s1-GTATTACGGTATTGAG-1,1
s1-GTATTAGGTTATCTGC-1,8
s1-GTATTATGAGTTAGCG-1,1
s1-GTATTCCAAGTTACCT-1,7
s1-GTATTCCGCTCGGATG-1,8
s1-GTATTCGTGACTTGAT-1,2
s1-GTATTCTAAGTGCTGT-1,8
s1-GTCAACAGACGCACGT-1,8
s1-GTCAACAGCATAGATT-1,2
s1-GTCAACAGCGCACCGA-1,3
s1-GTCAACAGTTAAGTGA-1,9
s1-GTCAACATGGTGCTAT-1,10
s1-GTCAACCTGACGATAG-1,7
s1-GTCACCAAGAGCGGTG-1,3
s1-GTCACTAAGAGGAATA-1,1
s1-GTCACTAAGCCAGCGG-1,1
s1-GTCACTACTTAATGGA-1,1
s1-GTCACTGAATCTCACC-1,1
s1-GTCACTTACGTGTATG-1,2
s1-GTCACTTATCCAAGAC-1,7
s1-GTCACTTATGAATGCG-1,6
s1-GTCACTTATGTCGTAT-1,6
s1-GTCAGCCAACATCACG-1,1
s1-GTCAGCCATTGTGCGG-1,4
s1-GTCAGCCTCCGAACCT-1,7
s1-GTCAGCGATGTAATTG-1,7
s1-GTCAGCGATTGATTCA-1,1
s1-GTCAGCTAGATCGACA-1,5
s1-GTCAGCTCAATCAAGG-1,3
s1-GTCAGGACAAGCCATG-1,2
s1-GTCAGGATCAACCAAC-1,8
s1-GTCAGGTACGTGGCAT-1,3
s1-GTCAGTAATCCAATTA-1,8
s1-GTCAGTAGGTGACCGG-1,6
s1-GTCAGTGAGGATCGTT-1,7
s1-GTCAGTGCCAGAATAA-1,1
s1-GTCAGTGCTGACAGCG-1,9
s1-GTCAGTTCTGCCTGGA-1,1
s1-GTCATCACGTGGTTCA-1,1
s1-GTCATCACTATTGTGC-1,6
s1-GTCATCAGTAGACCAG-1,7
s1-GTCCATCTATACAAGG-1,3
s1-GTCCGAATGCGGACAG-1,5
s1-GTCCGACAGCCGCATT-1,6
s1-GTCCTGCTTACGGCTG-1,8
s1-GTCCTTATACATTACG-1,10
s1-GTCCTTCATCAGATCA-1,6
s1-GTCCTTCATGGATTAG-1,10
s1-GTCCTTCGGAACCTGC-1,7
s1-GTCGAAGTCGTGTTCT-1,8
s1-GTCGCAACGAGCTGAC-1,7
s1-GTCGCACGCAGCCTGC-1,1
s1-GTCGCAGATTACTGCA-1,8
s1-GTCGCATGCGGTAGAT-1,3
s1-GTCGCATTACCAGGCA-1,2
s1-GTCGCTAAGTGAGGTT-1,6
s1-GTCGGCCGTTGTGAAT-1,1
s1-GTCGGCCTCCGGCATC-1,10
s1-GTCGTAGACTGACAAG-1,4
s1-GTCGTGCTAATGCCTT-1,2
s1-GTCGTGTTCATGTCAG-1,3
s1-GTCTAAGATCGGACTA-1,1
s1-GTCTAAGCGGCACGCC-1,5
s1-GTCTAATACGGCTAAG-1,7
s1-GTCTAGCATGGTACGT-1,9
s1-GTCTAGCGTTGTGACC-1,8
s1-GTCTAGGACAGGATAA-1,4
s1-GTCTAGTCTAGCGACG-1,3
s1-GTCTATAGAATCGAGC-1,3
s1-GTCTATCAATGGATTA-1,8
s1-GTCTATCAGTACTAAT-1,7
s1-GTCTATCCAGGACGTC-1,8
s1-GTCTATGGTGAAGAGC-1,2
s1-GTCTATGTTAATAGAA-1,4
s1-GTCTATTAGTGAGGCC-1,4
s1-GTCTATTGCGAGTTAC-1,6
s1-GTCTCATGACTAGTTG-1,3
s1-GTCTGATAGATTATAA-1,8
s1-GTCTGATATCTGAATT-1,3
s1-GTCTGCTCAACACCAA-1,8
s1-GTCTGTGGATCTGACG-1,4
s1-GTCTTCGATAGGTGTT-1,4
s1-GTCTTCGGTAGCTACA-1,3
s1-GTCTTGAACAATTACA-1,8
s1-GTCTTGACAATAGCAA-1,7
s1-GTCTTGACTTGCTCTG-1,8
s1-GTCTTGATTGCCACCT-1,2
s1-GTCTTGCGATGAATGC-1,2
s1-GTCTTGCGGCGATTCA-1,6
s1-GTCTTGCTCAGATTAC-1,5
s1-GTCTTGCTGGACGATA-1,7
s1-GTCTTGTATTGTAGAT-1,3
s1-GTGAACATTCAACGAT-1,7
s1-GTGAACGGTTCTAACG-1,2
s1-GTGAACTCGTGGTATC-1,10
s1-GTGAACTGAGTTCGGC-1,8
s1-GTGAAGATGAGTGCCT-1,7
s1-GTGAAGCCACAACCGG-1,4
s1-GTGAAGTGATCGTGCT-1,6
s1-GTGAATTAGACATTGC-1,4
s1-GTGACAAGATGCTCAT-1,6
s1-GTGACAATAGGTATGT-1,4
s1-GTGACAATTGCGATAA-1,5
s1-GTGACATACAGGTCCT-1,6
s1-GTGACATAGTTAGCTG-1,5
s1-GTGACATATGCTAGAT-1,4
s1-GTGACATGCAATTAAT-1,5
s1-GTGACATGTACCACCT-1,3
s1-GTGACCGGAGTCATAC-1,1
s1-GTGACCGTGGATTAGC-1,8
s1-GTGACTATGGCATGGA-1,10
s1-GTGACTGTCCTGGTAT-1,1
s1-GTGACTTCAACATCCG-1,3
s1-GTGACTTCCTCACGAC-1,4
s1-GTGAGCACCAGCATCC-1,8
s1-GTGAGGTACGCTGAGT-1,5
s1-GTGATCTACGAGATCC-1,6
s1-GTGATGGATTAGAACA-1,3
s1-GTGCAACGACGGTGTT-1,6
s1-GTGCAACTACTGTACG-1,1
s1-GTGCACCAATCATAAC-1,2
s1-GTGCACCGAATGTTAA-1,1
s1-GTGCACTTGTAAGCAC-1,1
s1-GTGCAGCCGGTCTGCA-1,2
s1-GTGCAGGACTCCAAGG-1,10
s1-GTGCAGGCACTCTAGG-1,6
s1-GTGCAGGCTGGACATG-1,4
s1-GTGCAGTGGTAGATTC-1,5
s1-GTGCAGTTGTGGCGCT-1,1
s1-GTGCATGGTTGAGTTC-1,9
s1-GTGCATTCCTGTGGTC-1,7
s1-GTGCATTGCAATGTTG-1,5
s1-GTGCCACCTTGAGCAT-1,8
s1-GTGCCGCATCCTTCCT-1,8
s1-GTGCCGTCCTGTCAGC-1,6
s1-GTGCCTGACACGTTGG-1,7
s1-GTGCGTTCACGGATAA-1,4
s1-GTGCTCAATGCAACCT-1,8
s1-GTGCTCGCTTGATCGG-1,10
s1-GTGGAACAGAAGTCGA-1,6
s1-GTGGACCAACTAGGAG-1,5
s1-GTGGATTAACAGCGGT-1,5
s1-GTGGCGACCTAATATT-1,4
s1-GTGGCGACTGATTAAC-1,3
s1-GTGGCGAGGAAGGCTA-1,7
s1-GTGGCGATAGGCAGAA-1,5
s1-GTGGCGATCTGCGATA-1,3
s1-GTGGCGCACCTGTTCC-1,1
s1-GTGGCGCCACGCTGAG-1,3
s1-GTGGCGCCACTACGCT-1,1
s1-GTGGCGCCAGACTCGA-1,2
s1-GTGGCGCCAGCTAACC-1,3
s1-GTGGCTGAATGCGAGT-1,2
s1-GTGGCTTCCTACCGTT-1,2
s1-GTGGTAAGCCTCTTCG-1,5
s1-GTGGTACTGTTGTAGC-1,2
s1-GTGGTACTTGGTTGGA-1,4
s1-GTGGTAGGTCTAAGAA-1,7
s1-GTGGTCGCTCTGTAGC-1,6
s1-GTGGTTACCTTGCGCA-1,9
s1-GTGGTTGACAAGGAGC-1,4
s1-GTGGTTGCCGCTTCAA-1,7
s1-GTTAACAACTTCGGAT-1,6
s1-GTTAACTCCGACCACT-1,7
s1-GTTAATGGCGCAACGC-1,1
s1-GTTACAGGTACATGGC-1,2
s1-GTTAGACAATGGATGA-1,7
s1-GTTAGAGGTGTTAAGA-1,3
s1-GTTAGGAAGTATACGA-1,3
s1-GTTAGGCCTGAACATC-1,5
s1-GTTAGGTACTAACTGG-1,4
s1-GTTAGGTCCACTGGCG-1,9
s1-GTTATGATACGATTAT-1,6
s1-GTTATGTTGCTTAGAT-1,6
s1-GTTATTCGGCCATTCG-1,8
s1-GTTATTCGTAACGTCC-1,7
s1-GTTATTGCTGAATCCG-1,9
s1-GTTCATACCTTGGTTA-1,1
s1-GTTCATCTTACATTCC-1,6
s1-GTTCCAGTGCCTTACC-1,1
s1-GTTCCGATGAACCGGC-1,9
s1-GTTCCGGCTGCAGTCA-1,3
s1-GTTCCGTATGGTAACG-1,8
s1-GTTCCGTCATACGGCT-1,3
s1-GTTCCGTCTTATCTTA-1,8
s1-GTTCCTGAACCTTCAA-1,7
s1-GTTCCTTGAGGAACGC-1,6
s1-GTTCGAATCACGTACG-1,5
s1-GTTCGAGCTCGCGAAT-1,5
s1-GTTCGCTGGTATTAGA-1,8
s1-GTTCGTAGGTAGTGAA-1,1
s1-GTTCTACTATACGAAC-1,8
s1-GTTCTACTATCATATT-1,9
s1-GTTCTACTTATGGTAG-1,10
s1-GTTCTTACTGAAGTAT-1,8
s1-GTTCTTGATCTGTTGA-1,1
s1-GTTGAAGGAAGTCGGC-1,9
s1-GTTGAATAAGTCAGCA-1,8
s1-GTTGAATCAACCTGGC-1,2
s1-GTTGAATGGTACAGTA-1,3
s1-GTTGAATGTTGCTGCC-1,2
s1-GTTGAATTATTCGGTG-1,4
s1-GTTGAATTCATAAGAT-1,5
s1-GTTGACATGAACCAAC-1,2
s1-GTTGACGAACCAGAAC-1,6
s1-GTTGACGGATAGCCAT-1,9
s1-GTTGACGTCAGATTAG-1,3
s1-GTTGACTAGAGCACGT-1,7
s1-GTTGACTTCTATGCTG-1,10
s1-GTTGAGAATCACGGAG-1,3
s1-GTTGAGCTTCGTCCGG-1,7
s1-GTTGCCACAAGTCATA-1,9
s1-GTTGCCACGACAAGAA-1,8
s1-GTTGCTACGTCTTAAT-1,8
s1-GTTGCTAGATCGTTGA-1,5
s1-GTTGCTTGCAATCACT-1,8
s1-GTTGGCGTGAGCGACC-1,2
s1-GTTGGTCCGCCAATCT-1,1
s1-GTTGTCCTGTGATGTA-1,3
s1-GTTGTCGTAATATGGA-1,5
s1-TAACAGCAGGCCTTAC-1,9
s1-TAACAGGAACCGACAA-1,1
s1-TAACAGGTCCATACCA-1,6
s1-TAACAGTCTACTATGG-1,5
s1-TAACAGTTCCACTTCG-1,8
s1-TAACATGCGTGCGAAC-1,1
s1-TAACATGGCCACCTCC-1,7
s1-TAACCAAGGTGCTCTA-1,9
s1-TAACCAGATACGCTTC-1,9
s1-TAACCGGATGGACAGG-1,8
s1-TAACCTACGGACTCGT-1,5
s1-TAACCTTGAGACTTCG-1,9
s1-TAACGAATCCTAGATA-1,6
s1-TAACGAATGCTCCAAT-1,2
s1-TAACGACCTTGCCTAT-1,3
s1-TAACGAGCCGAAGGTC-1,1
s1-TAACGAGCGTCTGGCC-1,10
s1-TAACGAGTTGCCAACC-1,1
s1-TAACGCATTGGTCCAA-1,1
s1-TAACGCGTAATATGGC-1,1
s1-TAACGCGTCCTACAAC-1,1
s1-TAACGCTCACATTCTA-1,9
s1-TAACGCTCATACGGCA-1,7
s1-TAACGCTTATGCCATA-1,3
s1-TAACGCTTCGGCACTT-1,1
s1-TAACGTCACTATAATC-1,2
s1-TAACGTGATTCACTAG-1,2
s1-TAACGTGCCATAGTTA-1,8
s1-TAACGTTGCGTCGATG-1,9
s1-TAACTCCAACATGGAC-1,8
s1-TAACTCCAGGTAGGCT-1,3
s1-TAACTTGCACGGCGGA-1,6
s1-TAAGAACAGGTGTAAC-1,10
s1-TAAGAATATGAGATAG-1,3
s1-TAAGACCGAGTGAACA-1,2
s1-TAAGACCTCAAGTGCC-1,5
s1-TAAGATTGAGATTACA-1,6
s1-TAAGATTGCTCACTTC-1,1
s1-TAAGATTGGCGGTCGT-1,5
s1-TAAGCAAGTAATGTGG-1,3
s1-TAAGCACGAGACCTAC-1,7
s1-TAAGCAGTAGATACTC-1,7
s1-TAAGCCACAATTGCCT-1,4
s1-TAAGCCATACGACACG-1,5
s1-TAAGCCTGGCTTCAGT-1,8
s1-TAAGCCTGTAGCGTCC-1,3
s1-TAAGCTCCTTCACGCC-1,2
s1-TAAGGACGCCTGGTTG-1,2
s1-TAAGGATCTGAAGATA-1,7
s1-TAAGGATTGGAAGTGG-1,2
s1-TAAGGTACGGATAGTG-1,5
s1-TAAGGTATGAATGCTA-1,3
s1-TAAGGTCCGTGACCGT-1,4
s1-TAAGTGGCCGCTCACC-1,2
s1-TAATACCGTTAATTGC-1,3
s1-TAATAGCGCTGTACTC-1,6
s1-TAATCGACATTGTTGG-1,9
s1-TAATCTGATAAGATGT-1,4
s1-TAATGACGAAGCGGCT-1,2
s1-TAATGATCCGGTTATT-1,4
s1-TAATGTGCACGATCTG-1,7
s1-TAATTAAGGAGTACTG-1,4
s1-TAATTACCGGTGCGAG-1,6
s1-TAATTAGCTCGATTGT-1,3
s1-TAATTCCTGCAGAAGG-1,5
s1-TAATTGACGTCGTTCC-1,8
s1-TAATTGATTCTGTCGC-1,8
s1-TACAACGGACGGCTCA-1,8
s1-TACAAGCAGATCGTTG-1,9
s1-TACAAGCGCCATCGGA-1,5
s1-TACAAGCGCCTCTACA-1,3
s1-TACAAGCGGAAGTACG-1,2
s1-TACAAGGTTATGCGGT-1,5
s1-TACAAGTCGAATGCAA-1,2
s1-TACAAGTGTCTGTCCG-1,4
s1-TACACCAGTGCCGACA-1,2
s1-TACACCTCGTACTCCA-1,8
s1-TACACCTTGCGGCAGG-1,7
s1-TACACTCAGTAGAATG-1,5
s1-TACACTGCAGGTTAGA-1,1
s1-TACACTGCGTCCGGAC-1,7
s1-TACACTGTAGTCAACG-1,10
s1-TACACTGTCGAACCAA-1,1
s1-TACACTTCGAGGTGAC-1,4
s1-TACACTTCGCACCGAT-1,1
s1-TACAGTACTTAGTGTA-1,9
s1-TACAGTCTCGGCACGG-1,2
s1-TACATAGCAGACCAAG-1,5
s1-TACATATGCACCAGTG-1,8
s1-TACATCGGACAACTGG-1,2
s1-TACATCGTCAGCGGTT-1,2
s1-TACATTGAATACGATC-1,5
s1-TACATTGAATGAACGT-1,3
s1-TACATTGACTGAGTCC-1,10
s1-TACCACAGGCCATTGC-1,3
s1-TACCAGACAACCTCAG-1,2
s1-TACCTCAGGCAACAGA-1,2
s1-TACCTGCGGTTGTCCT-1,7
s1-TACCTGTTAACGGCCT-1,10
s1-TACGACGCGATTCAAG-1,6
s1-TACGACGTCTCATATT-1,3
s1-TACGACTCTGAACACT-1,3
s1-TACGAGATTGGTCTGT-1,9
s1-TACGCCGGAGTTCTGA-1,3
s1-TACGCCTTGCCGTGTT-1,4
s1-TACGCTCCGGTTGGTA-1,2
s1-TACGCTTCCGCAAGCT-1,1
s1-TACGGAACAGACGCGG-1,2
s1-TACGGAATACTCGTTC-1,1
s1-TACGGAATTGAACCAA-1,7
s1-TACGGAGGAAGCACCT-1,7
s1-TACGGAGTCAACGAAG-1,5
s1-TACGGATCAGCCATCC-1,1
s1-TACGGATCCTTGCGAT-1,3
s1-TACGGATCTTGCGATG-1,3
s1-TACGGCCTTGTAGGAG-1,4
s1-TACGGTAGTTGCGTGA-1,3
s1-TACGGTTAATGTACTA-1,6
s1-TACGTAATCTAGTAAG-1,9
s1-TACGTACACCTTAAGC-1,2
s1-TACGTATCGAGGTTGT-1,7
s1-TACGTGGAGGCATGGC-1,5
s1-TACGTGGCATCATATG-1,10
s1-TACGTGTACATCCGTG-1,10
s1-TACGTTACTGGTAGCG-1,4
s1-TACTAGGATCAATGGC-1,8
s1-TACTAGTACCGGATGG-1,2
s1-TACTATGTTGAATCTT-1,4
s1-TACTCCGAAGTAGAAT-1,6
s1-TACTCCGCCAATACAA-1,1
s1-TACTCCTACATCAACT-1,1
s1-TAGAATTCAACGTGGC-1,5
s1-TAGACAGGAGATCATT-1,3
s1-TAGACAGTTCAGATTA-1,2
s1-TAGACATACGTCTAAT-1,6
s1-TAGACATATGGCGAGG-1,1
s1-TAGACATGGTTAGGTC-1,9
s1-TAGACATTGACTTGCA-1,8
s1-TAGACCAGGATATCGG-1,3
s1-TAGACCAGGTACGATC-1,10
s1-TAGACCATCGATTGAG-1,8
s1-TAGACCATTGCTTAGA-1,1
s1-TAGACCGAAGCAGAGC-1,4
s1-TAGACCGCGGAAGGAC-1,4
s1-TAGACCGGCCAGTACG-1,1
s1-TAGACCTGAGGAGCTG-1,1
s1-TAGAGCAGACAGTCCA-1,2
s1-TAGAGGCGATTGATTC-1,7
s1-TAGATGAGCCGTCATT-1,10
s1-TAGATGCGTGCCAGCG-1,1
s1-TAGATGCTGTATCGTA-1,5
s1-TAGATGGCTGTATGCC-1,1
s1-TAGATGTCGAGGCCAG-1,8
s1-TAGCAATTATGGACCG-1,8
s1-TAGCAGTCGTCATGAA-1,4
s1-TAGCAGTGATTCTGTC-1,3
s1-TAGCCGCAATACCTGC-1,9
s1-TAGCCGTAGCCAGGTG-1,5
s1-TAGCGGACCACTGTTA-1,5
s1-TAGCGTACCTTGACAT-1,7
s1-TAGCGTACGGAGCGCC-1,5
s1-TAGCGTATAGCGCTAA-1,7
s1-TAGCGTCACGACAGGC-1,1
s1-TAGCGTCTCGGTCTAT-1,9
s1-TAGCGTGGTATTGTGC-1,5
s1-TAGCGTTATGACCTCC-1,9
s1-TAGCTACCATACTGCT-1,8
s1-TAGCTACCTGTAGGAT-1,4
s1-TAGCTAGAAGCGATCA-1,6
s1-TAGCTAGAGCACGCCG-1,1
s1-TAGCTAGAGGCCTGAA-1,2
s1-TAGCTATGTTGAGCAC-1,4
s1-TAGCTCGAATCGTCCG-1,7
s1-TAGCTTAAGCTGGCGT-1,6
s1-TAGGACATCAGCATGG-1,7
s1-TAGGACGGCCAGCCGA-1,8
s1-TAGGACTTCATGTTAT-1,4
s1-TAGGAGGCGTATTGCC-1,3
s1-TAGGATGCACCGTTCA-1,1
s1-TAGGCAGGCGGACGCC-1,3
s1-TAGGCAGTGCGTAGAC-1,5
s1-TAGGCATCGGAGCCTC-1,4
s1-TAGGCATCTGCGGACC-1,7
s1-TAGGCGAGCGATCGGT-1,1
s1-TAGGCGCATATCTAAC-1,7
s1-TAGGCTCCGGCATACA-1,9
s1-TAGGCTTATCTAGCTC-1,8
s1-TAGGTCCGTAGCCTAT-1,5
s1-TAGGTCTACTCGTGAA-1,2
s1-TAGGTCTGCCTCTGTA-1,2
s1-TAGGTCTTGGCTCGTC-1,3
s1-TAGTAAGCGGTGGATA-1,3
s1-TAGTATAACCTCGACA-1,4
s1-TAGTATCCAATTACGT-1,7
s1-TAGTATTGCCGAGTTG-1,4
s1-TAGTCACTGGATAGGC-1,8
s1-TAGTGAACATGCAGAT-1,2
s1-TAGTGAATGTTCAGTG-1,7
s1-TAGTGACCGTCGATTA-1,2
s1-TAGTGACTCAATTGCT-1,7
s1-TAGTGACTCGCTCCGC-1,6
s1-TAGTGAGGACATGTTG-1,6
s1-TAGTGAGGACGCGAAT-1,1
s1-TAGTGAGGTATCGACC-1,4
s1-TAGTGATGACTCCTGG-1,6
s1-TAGTGCACTATTGTCA-1,3
s1-TAGTGCAGCTGGCGTC-1,5
s1-TAGTGCAGTGCGGTAG-1,1
s1-TAGTGGTTGAACCAAT-1,3
s1-TAGTTCAATCGACCTC-1,7
s1-TAGTTCCGATAGAATC-1,1
s1-TAGTTCGAATTAGCGG-1,6
s1-TAGTTCGAGTAGGAAG-1,6
s1-TAGTTCGATCCTCACG-1,5
s1-TAGTTCGTTGCTAATT-1,2
s1-TAGTTGAGCCAGCCAG-1,3
s1-TAGTTGAGTTCTGCAC-1,8
s1-TAGTTGGCTTAGGCCT-1,3
s1-TATCAACGAATATGAG-1,1
s1-TATCAAGGCCGCGTGG-1,6
s1-TATCAAGGCTCGTCGG-1,10
s1-TATCAATCGCCGAGTG-1,9
s1-TATCAATGCCGCTCAC-1,7
s1-TATCACATAGCGAACT-1,1
s1-TATCACCGGCATCGTG-1,6
s1-TATCACTTCGAGCCGT-1,3
s1-TATCATGGATGTTGCC-1,7
s1-TATCCAAGCGCCGTAG-1,6
s1-TATCCAATACCGCAAT-1,3
s1-TATCCACTTGCGTATC-1,7
s1-TATCCGACGTCTAGAT-1,5
s1-TATCCGATCTTGGCGG-1,5
s1-TATCCTGCGGTTGATC-1,7
s1-TATCTAATCACCTCGG-1,5
s1-TATCTAGTCGCATGCA-1,1
s1-TATCTAGTGAATGATC-1,3
s1-TATCTAGTGCCATATT-1,3
s1-TATGAACTACGCGGTG-1,8
s1-TATGAAGCGACCGTCC-1,4
s1-TATGACAAGTGGAAGA-1,5
s1-TATGACAATGCTTGAA-1,7
s1-TATGACAGCGAGAAGC-1,6
s1-TATGACCGATGAAGTG-1,2
s1-TATGACGCGTATGTCG-1,7
s1-TATGACGGAGATTGGC-1,6
s1-TATGAGCGATCCATTA-1,2
s1-TATGAGGATCTACTGG-1,1
s1-TATGAGTTCCGAGTGA-1,3
s1-TATGCCACAGCCGGTG-1,8
s1-TATGCGTACCTGAGTC-1,8
s1-TATGCTCCTGGTTAGT-1,4
s1-TATGGATATGGTGCGA-1,8
s1-TATGGCAGTTCGTCTA-1,1
s1-TATGGCCATAATAGAC-1,8
s1-TATGGCCGGCGACACT-1,1
s1-TATGGCCTCACGTACA-1,8
s1-TATGTAGAGCTGATCA-1,8
s1-TATGTCATAAGCGTCG-1,3
s1-TATGTCGAGGTTGAAG-1,1
s1-TATGTTAGGCCGAACC-1,5
s1-TATGTTGCAGTCTAGG-1,8
s1-TATGTTGGCGAGAACA-1,5
s1-TATGTTGGTAGGTCGT-1,6
s1-TATGTTGGTCCAGTGA-1,1
s1-TATTAACTTCCGCTCA-1,6
s1-TATTAAGCAGCGCCGG-1,8
s1-TATTAATAGAATGGCA-1,9
s1-TATTAATATGTCGACT-1,10
s1-TATTCCGGTTGTTAAT-1,1
s1-TATTCGACAACCGTGA-1,3
s1-TATTCGACATTACTAT-1,3
s1-TATTCGATGATCTAGT-1,8
s1-TATTCGGTGGAGATTC-1,8
s1-TATTCGTGCGTTCTGG-1,2
s1-TATTCGTTAATGCTCC-1,4
s1-TATTCGTTATCGCCTG-1,8
s1-TATTCTAAGGCTCATC-1,8
s1-TATTCTAGAATCGGAC-1,3
s1-TATTCTCAGCGGCTGG-1,8
s1-TATTCTCCTATGATGG-1,8
s1-TATTCTCGTGCTTGGC-1,5
s1-TATTGAATCCGACTAA-1,1
s1-TATTGAATTAAGCGTT-1,5
s1-TATTGAGCATGGACCG-1,5
s1-TATTGATCGTGATCTT-1,6
s1-TATTGATCTACTTCGG-1,8
s1-TCAACAATGGAGGCCT-1,1
s1-TCAACACCAATCATTA-1,8
s1-TCAACAGGACAGCAAC-1,9
s1-TCAACAGGCCATGCCG-1,2
s1-TCAACATGGATACAAC-1,2
s1-TCAACCGGAGACCTCG-1,1
s1-TCAAGGAACCTATTGC-1,4
s1-TCAAGGACGTTAGGAG-1,8
s1-TCAAGGCAACGCGGCT-1,1
s1-TCAAGGCCATAGCCTG-1,4
s1-TCAAGGCGTCTACTCC-1,3
s1-TCAAGGTATCAACTTA-1,6
s1-TCAAGGTCTGAATATG-1,8
s1-TCAAGTGATGGTTAAT-1,8
s1-TCAATATTCCGGTTAG-1,3
s1-TCAATTAATAGAACCT-1,3
s1-TCACAAGACTTAGCTT-1,8
s1-TCACAAGATGACTCGA-1,1
s1-TCACAAGCTCGAGGCA-1,7
s1-TCACAAGGAGAACAAG-1,3
s1-TCACAGCACCAAGGTT-1,2
s1-TCACATAAGCGTTGCC-1,9
s1-TCACATAGACCTCCGT-1,2
s1-TCACATCCTGTCGCGG-1,7
s1-TCACATCCTTCTCAGT-1,7
s1-TCACATTGTCGGTGAC-1,7
s1-TCACCATAGATTGTTA-1,1
s1-TCACCGTTGCTAATGG-1,7
s1-TCACGACATCAGAAGG-1,1
s1-TCACGATACCTAGCCA-1,6
s1-TCACGCTATCCACTAC-1,7
s1-TCACGTCTAAGACTAG-1,5
s1-TCACTACCAAGCCTGT-1,5
s1-TCACTACGACTCTGCG-1,2
s1-TCACTCCGCTCACTGG-1,10
s1-TCAGAATCGATATCAT-1,6
s1-TCAGAATCTAATAGTC-1,3
s1-TCAGATTACCAGGTTA-1,7
s1-TCAGCGCCTAGTCTTA-1,8
s1-TCAGCGTGACCTTACC-1,7
s1-TCAGCTACCAACTCCG-1,2
s1-TCAGCTAGGATGTACT-1,6
s1-TCAGCTATTAATCGCT-1,1
s1-TCAGCTCGCCAGGATG-1,3
s1-TCAGGAGCAACGGTCG-1,7
s1-TCAGGATACACTACAA-1,7
s1-TCAGGTCTAGTAAGCA-1,5
s1-TCAGTATGTAGGACAA-1,2
s1-TCAGTCAGCGATCAGA-1,4
s1-TCAGTCATTGCAAGTG-1,3
s1-TCAGTCCAACGGAAGT-1,1
s1-TCAGTCGAAGTATCTA-1,9
s1-TCAGTCGCCAAGGTTG-1,7
s1-TCAGTCGTGCCGGCAG-1,7
s1-TCAGTGAAGAGTTCTA-1,10
s1-TCAGTTCAGAATCTCG-1,4
s1-TCAGTTCTCCGGACCG-1,3
s1-TCAGTTGACAGTGCCA-1,1
s1-TCATAGCTTCCAGTAC-1,6
s1-TCATAGGTAGTGACGA-1,1
s1-TCATAGGTGAGTCGAC-1,6
s1-TCATAGTAGACTCATA-1,3
s1-TCATCCACGTGGTCAC-1,7
s1-TCATCCATGCCAAGCG-1,8
s1-TCATCGCTGTGCAACA-1,8
s1-TCATCGGCCTGTGCGG-1,8
s1-TCATCGTTATGTATCT-1,6
s1-TCATCTATCCACGATT-1,8
s1-TCATCTCCAACCACCT-1,1
s1-TCATCTGCCGCTATTC-1,3
s1-TCATCTTCCACGTATG-1,7
s1-TCATCTTCGACACCGT-1,10
s1-TCATGAGGCTTGACGC-1,2
s1-TCATGAGGTTGATATG-1,7
s1-TCATGAGTAAGACATC-1,5
s1-TCATGATTCTGATACT-1,4
s1-TCATGCAGCGCCTTCG-1,8
s1-TCATTCACGCGAGCTC-1,10
s1-TCATTCACTGTAATGG-1,3
s1-TCATTGATAGACTTGC-1,9
s1-TCATTGCAAGTGCTCA-1,5
s1-TCATTGGCGACCGACG-1,2
s1-TCATTGTTCAATGCGT-1,1
s1-TCCAACAGATGCGGCA-1,5
s1-TCCAACGAAGATGCTT-1,8
s1-TCCAACGTGGTTGTTC-1,7
s1-TCCAACTAAGACTCCA-1,1
s1-TCCAACTGAATAAGGT-1,9
s1-TCCAACTGCCGCCATA-1,6
s1-TCCAACTGGCTGAAGA-1,4
s1-TCCAAGACCGCTTGAT-1,1
s1-TCCAATAACGTGCTAG-1,2
s1-TCCAATACTATCTGTT-1,4
s1-TCCAATACTGGAGCGT-1,8
s1-TCCAATCCAGATACAT-1,7
s1-TCCAATCTAACACGCA-1,6
s1-TCCAATTAGCAATCAA-1,7
s1-TCCAATTGGTTACAGT-1,1
s1-TCCACCAAGTGACGAA-1,8
s1-TCCAGAGGTCGACAGC-1,5
s1-TCCAGATCTTCGCTTA-1,5
s1-TCCAGTACCGAGCGCA-1,3
s1-TCCAGTACGTGCTATG-1,2
s1-TCCAGTCAGTACATTA-1,8
s1-TCCAGTGATGCGTATC-1,2
s1-TCCAGTGATTGGTGCT-1,7
s1-TCCAGTTGAAGTAGCA-1,8
s1-TCCAGTTGCGGTGCAC-1,5
s1-TCCATAGCGACTCAGT-1,6
s1-TCCATCGGCTAGACGA-1,3
s1-TCCATGATGTGATCAA-1,1
s1-TCCATGCGTCCACCAG-1,4
s1-TCCATGCGTCGGTTAC-1,9
s1-TCCGAACATAGTCTGA-1,1
s1-TCCGAACCTCAACCAT-1,7
s1-TCCGAATACTCGCTGG-1,2
s1-TCCGAATAGAAGCACC-1,3
s1-TCCGAATCATGTTGTC-1,7
s1-TCCGAATCGCAGGTTC-1,6
s1-TCCGAGTACGACTTAG-1,6
s1-TCCGATGCGTATCCGG-1,7
s1-TCCGCCAACATTGCTC-1,1
s1-TCCGCCAAGGTCCGTT-1,6
s1-TCCGCCAGTGATTAAT-1,6
s1-TCCGCCGGTCTATTCA-1,8
s1-TCCGCCTTGTTCTGAT-1,1
s1-TCCGGCTATGCTCAGT-1,6
s1-TCCGGCTCTATGGACA-1,2
s1-TCCGGTACGTGGCCTC-1,1
s1-TCCGGTTCCGTTCTAG-1,1
s1-TCCGTCCACTCGGAGC-1,4
s1-TCCGTCGGTACAAGTT-1,8
s1-TCCGTGTCTTACATAA-1,4
s1-TCCGTGTTCTGTTCTG-1,2
s1-TCCTAATTGCGGCCTG-1,8
s1-TCCTAATTGCTCAACG-1,4
s1-TCCTACAAGCTCGAAC-1,1
s1-TCCTACCGATCGTGGC-1,10
s1-TCCTACCGGTTCCTAG-1,2
s1-TCCTACGTAAGCCAGA-1,3
s1-TCCTAGGTATCTGATG-1,7
s1-TCCTATCCTCGAATCA-1,4
s1-TCCTATCCTGTCAATA-1,4
s1-TCCTATGAGGATTGTT-1,8
s1-TCCTATTGACTGTTGA-1,7
s1-TCCTCAATGAGGAACG-1,6
s1-TCCTCACGTGTAGACG-1,1
s1-TCCTCAGTCGGATGCG-1,2
s1-TCCTCATCGTGCTGGA-1,6
s1-TCCTCATGGCACCGTT-1,9
s1-TCCTGAAGCGTGCACT-1,7
s1-TCCTGACACTTCACGG-1,4
s1-TCCTGACAGGCAGCAA-1,5
s1-TCCTGATAAGTGCCGT-1,6
s1-TCCTGATCACCGGTCC-1,5
s1-TCCTGCCGTGTCTAAG-1,10
s1-TCCTGCTACATGCAGA-1,8
s1-TCCTGGTGGCAATAGC-1,6
s1-TCCTTACTCGCAATGA-1,9
s1-TCCTTCCAACCGCAAC-1,4
s1-TCCTTGAACAGGACCA-1,2
s1-TCCTTGGCTCAAGAGT-1,2
s1-TCGAATCTTGCGTTAC-1,1
s1-TCGAATGGTTCCACGC-1,1
s1-TCGAATTAGTTACTCC-1,1
s1-TCGAATTGTACACTAT-1,6
s1-TCGACCAATCCGGTTG-1,9
s1-TCGACGAAGAGCAAGT-1,7
s1-TCGACTTATTAATCCT-1,2
s1-TCGAGCTGGTTGCCGA-1,10
s1-TCGAGTGGTAGGTCAC-1,6
s1-TCGATATTAGACATAC-1,7
s1-TCGATATTGTCCTAAC-1,3
s1-TCGATCCAGTCTGTAG-1,6
s1-TCGATCGCACCTAATC-1,3
s1-TCGATCGTTGTCTGAA-1,5
s1-TCGATCTAATGTTAGT-1,6
s1-TCGATCTAGCCGATTC-1,8
s1-TCGCAATAGTGACGCA-1,2
s1-TCGCAATGATAGTTCA-1,3
s1-TCGCACGATTCGGTGG-1,2
s1-TCGCACTCTTGGACAG-1,2
s1-TCGCACTGCTGTGCTC-1,1
s1-TCGCACTGTACGGCGA-1,1
s1-TCGCACTTACTGAAGT-1,1
s1-TCGCACTTGGTCCGTC-1,9
s1-TCGCCAGGCATGCCTC-1,8
s1-TCGCCGTATCATGCTT-1,3
s1-TCGCCTAGATAATTAA-1,1
s1-TCGCCTATCGACTCCT-1,7
s1-TCGCCTGACGGCCACT-1,1
s1-TCGCCTGCGTGCGTGG-1,2
s1-TCGCCTGGTGGATTCT-1,9
s1-TCGCGACGTGGTAAGT-1,10
s1-TCGCGGTAGTATGATC-1,9
s1-TCGCTTACTCGCAAGT-1,8
s1-TCGCTTGTTCCAGTTG-1,3
s1-TCGGAACGTCTGCAAG-1,1
s1-TCGGAATCAGCCTAAC-1,4
s1-TCGGACATTCTATGAG-1,1
s1-TCGGACCAGGATCGCC-1,9
s1-TCGGACGGCCGAGGAA-1,3
s1-TCGGACGTTGCCTCAG-1,5
s1-TCGGACTGCCACCTCC-1,8
s1-TCGGAGCGTTACCTCG-1,1
s1-TCGGAGTGGTACTTGC-1,9
s1-TCGGAGTTGTCTTGTT-1,2
s1-TCGGCACTGGCGCCGA-1,1
s1-TCGGCGACCTCGCTGA-1,3
s1-TCGGCGCAGAATGTCT-1,3
s1-TCGGCGCAGATAGATA-1,1
s1-TCGGCGCTATCACGTG-1,9
s1-TCGGCGTAAGGCCTTA-1,5
s1-TCGGTAATTACGTGGA-1,3
s1-TCGGTAGGCATCACGC-1,3
s1-TCGGTATCGTAATTGG-1,10
s1-TCGGTGATCGCCGGCC-1,3
s1-TCGGTGTCAACAGGCA-1,3
s1-TCGGTGTCTAACCAAG-1,7
s1-TCGTAAGGCGTTCAGG-1,2
s1-TCGTATACAAGACGAG-1,10
s1-TCGTATCAACAGCACC-1,4
s1-TCGTATCACGTTATGA-1,2
s1-TCGTATCCTGATGCAA-1,9
s1-TCGTATCGGTCTCCTT-1,2
s1-TCGTATGCCGGACGTT-1,3
s1-TCGTATGTCGTGCCTA-1,2
s1-TCGTATTAGATCCGGT-1,10
s1-TCGTATTCTGAGTGGC-1,8
s1-TCGTCAAGCCTAATCT-1,4
s1-TCGTCAAGTCCAGGTT-1,3
s1-TCGTCACGATGTTCGA-1,8
s1-TCGTCAGAACAGCCAG-1,8
s1-TCGTCCAGCATGGCTT-1,7
s1-TCGTGCCTCGGTAGTT-1,1
s1-TCGTTAGCCAGGCCAG-1,1
s1-TCTAACAAGCCAATCC-1,2
s1-TCTAACCGTGCTAGCT-1,6
s1-TCTAACTCTATGTTCT-1,4
s1-TCTACAACTGGAACTT-1,6
s1-TCTACACTAATTACTC-1,1
s1-TCTACACTGAGCTTCT-1,4
s1-TCTACAGCACGTCCGA-1,6
s1-TCTACAGGTACGCAGT-1,6
s1-TCTACATGAACTATAC-1,7
s1-TCTACATGAATCTGAT-1,1
s1-TCTACATGTCCGACTT-1,6
s1-TCTACATTGGAGTAAT-1,9
s1-TCTACTATGCTAGCTC-1,3
s1-TCTACTCCGACTCGGC-1,1
s1-TCTACTCGAGCAGAGG-1,3
s1-TCTACTGTCTCAATGA-1,1
s1-TCTACTTAGGTTCTTA-1,7
s1-TCTACTTCACCGTGGA-1,8
s1-TCTAGAACTTCTTGCA-1,9
s1-TCTAGAATTGCGGTTG-1,2
s1-TCTAGAGTCTCCACGC-1,10
s1-TCTAGATAAGGTTAGC-1,6
s1-TCTAGCGACACCGAGC-1,3
s1-TCTAGGCGGAAGGCAC-1,1
s1-TCTATGATCGGTGCCT-1,6
s1-TCTATTCCTTCCGGAA-1,10
s1-TCTATTCTGCATTGGC-1,6
s1-TCTGAGCGTAATTGTC-1,10
s1-TCTGAGTCAGATCTTG-1,7
s1-TCTGATCATAATGATT-1,10
s1-TCTGCAAGGACGGCAA-1,6
s1-TCTGCAATTCACAAGA-1,1
s1-TCTGCCTGGATGTCAG-1,1
s1-TCTGCGCTTGCAGATA-1,5
s1-TCTGCGTGCTATTCTA-1,7
s1-TCTGCGTGCTTCAGAC-1,1
s1-TCTGCGTTAGATAGGT-1,9
s1-TCTGGACGCTAAGACA-1,5
s1-TCTGGATATTAACCTA-1,1
s1-TCTGGTAATCGTCCAA-1,5
s1-TCTGGTATCTGTAGCC-1,9
s1-TCTGGTCCTCCACTGT-1,4
s1-TCTGTACGCTGTCCTC-1,1
s1-TCTGTCACCGTTAATA-1,2
s1-TCTTACATTACTTCGC-1,3
s1-TCTTACCGCTCGTATG-1,6
s1-TCTTACGAATCAGTGC-1,2
s1-TCTTACGAGGAATAAG-1,7
s1-TCTTACGAGGCCGACA-1,2
s1-TCTTACGGCCGCAACA-1,7
s1-TCTTACTCTGTATGCG-1,6
s1-TCTTACTGAGACTAGT-1,1
s1-TCTTAGATGCCTCCGA-1,7
s1-TCTTAGGCGACAGTCA-1,8
s1-TCTTAGTCGCGGCAGA-1,9
s1-TCTTAGTCGTCTCGGC-1,7
s1-TCTTAGTCTGCCATCA-1,2
s1-TCTTCGAACAGCGTTA-1,6
s1-TCTTCGAATTGTATAC-1,2
s1-TCTTCGCCATTCGAAT-1,6
s1-TCTTCGTCAGACCAGG-1,3
s1-TCTTGAGTCATTATAC-1,1
s1-TCTTGCACCAATCTAT-1,5
s1-TCTTGCACGGTGAGCC-1,5
s1-TCTTGCACGTCTAATG-1,8
s1-TCTTGCACTATTCAGA-1,8
s1-TCTTGCACTGGTGCTC-1,8
s1-TCTTGCATAGACAATA-1,5
s1-TCTTGCCACGTTCACT-1,3
s1-TCTTGCCATCGTTGTA-1,1
s1-TCTTGCCGGCAGTCTA-1,1
s1-TCTTGCTCCGTCGGCA-1,7
s1-TCTTGCTGTCCTAGGC-1,3
s1-TCTTGTTATTCTTGAT-1,3
s1-TGAACGAATCTTAATT-1,5
s1-TGAACGGACACGTATC-1,6
s1-TGAACGGATCTGGTAC-1,6
s1-TGAACGGATTCAAGTT-1,8
s1-TGAAGATACAATCTGC-1,8
s1-TGAAGCACCGTCATGA-1,7
s1-TGAAGTATGATCGTGC-1,1
s1-TGAATGCGGTTATGGA-1,7
s1-TGAATGTACCTTCGTC-1,2
s1-TGAATGTTGACATCGT-1,6
s1-TGAATTATGCCGCAGT-1,6
s1-TGAATTCGTGGTATAA-1,1
s1-TGACAGTACTATTCTA-1,3
s1-TGACATTACAACGCCG-1,1
s1-TGACCAACAGATAGGT-1,2
s1-TGACCAAGCTGCACAT-1,2
s1-TGACCAAGTAAGGACC-1,8
s1-TGACCAATCAGCCACG-1,1
s1-TGACCAGCACTCCAGC-1,3
s1-TGACCAGGCTCATGCA-1,9
s1-TGACCAGGTATGACCT-1,2
s1-TGACCATCCATCTGCT-1,10
s1-TGACCATGTACACTCA-1,8
s1-TGACCTCCTTCAGATT-1,8
s1-TGACCTGTCTATCTCG-1,2
s1-TGACGCCTGCTTGTGA-1,5
s1-TGACGCTCACCAAGCC-1,4
s1-TGACGCTCGCGGTAGT-1,7
s1-TGACGCTGCGATAGTA-1,4
s1-TGACGCTTACTAGACA-1,2
s1-TGACGGAGCGCTATAC-1,3
s1-TGACTCCAAGTCTACC-1,3
s1-TGACTCGGCCGACCGA-1,2
s1-TGACTCTGCTCGCACG-1,2
s1-TGACTTAATGCGTTGG-1,9
s1-TGACTTCGGCGTAACA-1,7
s1-TGACTTGCACTCACGG-1,7
s1-TGAGACAAGGACGACC-1,6
s1-TGAGACAGAAGTGCTC-1,7
s1-TGAGACTATTGAATCT-1,8
s1-TGAGATGCTCTAATGA-1,4
s1-TGAGCCGCGTGATCAT-1,8
s1-TGAGGAATCCATAGAA-1,8
s1-TGAGGACCACTGTTAC-1,2
s1-TGAGGTAGGACTACTG-1,7
s1-TGAGTAAGCGCAATCC-1,3
s1-TGAGTACGCTGCTCAG-1,10
s1-TGAGTATTCTAGGACT-1,3
s1-TGAGTGACCTACTCGT-1,7
s1-TGAGTGAGATCGCTAA-1,2
s1-TGAGTGAGGCACGCCT-1,3
s1-TGAGTGCAGAGGACCA-1,2
s1-TGAGTTGTTAGCACCG-1,1
s1-TGATAAGCAGTAAGAA-1,1
s1-TGATAGGAGCATCAAC-1,1
s1-TGATCCGCACTCCTTA-1,7
s1-TGATCGGACCTGGATG-1,7
s1-TGATGGAACTAACGAA-1,3
s1-TGATGGATGATCACGG-1,8
s1-TGATGGCCGGCATCGC-1,2
s1-TGATGGCTGCGACGAT-1,1
s1-TGATGGTTCCACTGAT-1,3
s1-TGATTAGAATGACATA-1,7
s1-TGATTCAAGATCGAGC-1,2
s1-TGATTCGTCTGGATCT-1,8
s1-TGCAACAGTGAAGCTC-1,7
s1-TGCAACGTTACCTGGT-1,6
s1-TGCACCGGTCACCTCC-1,4
s1-TGCACGAGTAGAGTTA-1,4
s1-TGCACGAGTGTCAGCC-1,3
s1-TGCACGCTCCTATCCG-1,4
s1-TGCACGGCTGAGACTT-1,7
s1-TGCACGGCTGGTAAGG-1,10
s1-TGCACGGTAGACGGTA-1,8
s1-TGCACGTAGTTCGAAG-1,6
s1-TGCACGTGATTATCAA-1,6
s1-TGCACTCCAGCTACTC-1,4
s1-TGCAGAATCGGAGGCT-1,8
s1-TGCAGACAATACTGTT-1,6
s1-TGCAGACGAACCAGAT-1,9
s1-TGCAGAGCCTTGCCGG-1,5
s1-TGCAGAGGTCGTAATT-1,3
s1-TGCAGTACAACGAGTG-1,8
s1-TGCAGTCGAGCACCAA-1,1
s1-TGCAGTTATTCCACTC-1,7
s1-TGCATTAATGGCCACC-1,6
s1-TGCATTCACGTGTACT-1,5
s1-TGCATTCGCCAGCGAT-1,4
s1-TGCATTCGCTACAATG-1,8
s1-TGCATTCTTACGGAGG-1,1
s1-TGCATTGCTGTCGGCG-1,6
s1-TGCCAATCCATGTCTA-1,7
s1-TGCCACAATGCTACCG-1,4
s1-TGCCACTATCAGGCAG-1,10
s1-TGCCACTCAACCGGCC-1,4
s1-TGCCACTTAAGTGATG-1,9
s1-TGCCAGCTATTGTAGA-1,1
s1-TGCCAGGATGAGGTTC-1,7
s1-TGCCAGTGATTCGTGC-1,1
s1-TGCCGAATCAAGCGTC-1,5
s1-TGCCGACGATGAACTG-1,8
s1-TGCCGAGTTAAGAACG-1,8
s1-TGCCGGAACTTAGGCA-1,1
s1-TGCCGGCATTATAGAT-1,3
s1-TGCCTAAGTTAATTAT-1,7
s1-TGCCTATCAATGCCAT-1,1
s1-TGCCTATCGGCTATGT-1,6
s1-TGCCTATGGACTGGTC-1,10
s1-TGCCTTAGGCGTCTAT-1,8
s1-TGCGAATTCTCCGCAC-1,3
s1-TGCGACTACGTGCGAG-1,8
s1-TGCGAGCCAGACGAAT-1,9
s1-TGCGATCTTGCTCGAT-1,3
s1-TGCGATGCAGGTGCGA-1,9
s1-TGCGATTAGCTCCGCC-1,1
s1-TGCGCCAGTAATGATC-1,2
s1-TGCGCCGAACGGACTC-1,1
s1-TGCGCCGATCGCGAAG-1,2
s1-TGCGCCTCTTCGGCGA-1,10
s1-TGCGCTCATAGAACGA-1,3
s1-TGCGGACCATGGTACC-1,8
s1-TGCGGACGATACGGAC-1,5
s1-TGCGGACTCACGTGAT-1,6
s1-TGCGGACTTAACTTCC-1,8
s1-TGCGGACTTCTGTCGC-1,8
s1-TGCGGATCATCCTAGA-1,9
s1-TGCGGATCGGATCTTA-1,1
s1-TGCGTATCTTGTACCG-1,1
s1-TGCGTCTGGATCGGAT-1,2
s1-TGCGTGTCAGCCAGTG-1,8
s1-TGCGTGTCGGCGGATA-1,1
s1-TGCGTTAGCACGTACC-1,1
s1-TGCGTTATGTTCCGGA-1,1
s1-TGCGTTGTATTGCCTG-1,1
s1-TGCTACGCTGCGTGGA-1,9
s1-TGCTACTTGTGGCTGG-1,6
s1-TGCTATAATGTCGCTG-1,3
s1-TGCTATCCATGTAATA-1,1
s1-TGCTATCCTAAGACGA-1,9
s1-TGCTATGGTTGCGACA-1,4
s1-TGCTATTGCGGCGTGG-1,2
s1-TGCTATTGTCAAGGAG-1,5
s1-TGCTCAGATTGGTAGC-1,3
s1-TGCTCCTAACGGAAGA-1,9
s1-TGCTGTATTAGCGGTC-1,8
s1-TGCTGTCAGAACGAAG-1,1
s1-TGCTGTCTTGTTAATG-1,6
s1-TGCTGTGAAGTCAAGA-1,3
s1-TGCTTACTCACCGGTC-1,4
s1-TGCTTAGCTCCTGGCT-1,1
s1-TGCTTAGTTGACTTAC-1,8
s1-TGCTTATGAATAAGCA-1,3
s1-TGCTTATGACGCTGGC-1,3
s1-TGCTTATGCGGTTCTG-1,4
s1-TGGAAGACTAGTCTTG-1,8
s1-TGGAAGCCATAACAGT-1,2
s1-TGGAAGCTCCATCGAC-1,2
s1-TGGAAGGTTCGCTTGC-1,3
s1-TGGAAGTCTGGACTAA-1,5
s1-TGGACGCCTGCGACCG-1,7
s1-TGGACTGACGTACCAC-1,5
s1-TGGACTGAGTACCTAG-1,6
s1-TGGAGTGAACGCGGTC-1,2
s1-TGGAGTGATGGCTCTT-1,1
s1-TGGAGTGCTCCTGATC-1,1
s1-TGGAGTTGGTGAATCA-1,3
s1-TGGATCATTGTAACGG-1,1
s1-TGGATCCAGTCACTTC-1,6
s1-TGGCAAGCGACACTTA-1,7
s1-TGGCATCGATCAATTG-1,2
s1-TGGCATGCGTTCACGC-1,2
s1-TGGCATGTTCGAACAG-1,4
s1-TGGCCAACATTCTGAG-1,7
s1-TGGCCAAGCTGGCACC-1,2
s1-TGGCCACTCCGCGGAC-1,3
s1-TGGCCACTCCTGAGTG-1,3
s1-TGGCCAGAGTATCTCC-1,9
s1-TGGCCAGATCCGGACA-1,6
s1-TGGCCGTCTATCAGGA-1,9
s1-TGGCCTGACATACTCA-1,7
s1-TGGCCTGGCACTGTGG-1,1
s1-TGGCGAATTCTATGGT-1,10
s1-TGGCGACACTGCCGGA-1,7
s1-TGGCGACAGCACGGCC-1,3
s1-TGGCGAGCCACTAGCG-1,2
s1-TGGCGAGCTCCACGTG-1,5
s1-TGGCTCCGCATCAGAT-1,6
s1-TGGTACAAGACACTGA-1,8
s1-TGGTACCAATACTTAC-1,9
s1-TGGTACCAGATTGTTA-1,4
s1-TGGTACGGACGTAGTT-1,1
s1-TGGTACGGTCGGCGAA-1,1
s1-TGGTACTGACCGCTGC-1,5
s1-TGGTACTGGTATCTTG-1,2
s1-TGGTAGCATCAAGTCT-1,7
s1-TGGTAGCCAGTTGACA-1,4
s1-TGGTATGCAAGTCTAT-1,8
s1-TGGTATTAGCTAGACC-1,8
s1-TGGTATTCCTAGTCCA-1,7
s1-TGGTATTGAGTTGTAA-1,8
s1-TGGTCGAGATCTGTAA-1,5
s1-TGGTCGCCGGCTTACT-1,1
s1-TGGTCTGCTCAGGTTG-1,1
s1-TGGTGCACGACCTTAG-1,6
s1-TGGTGCAGACCGAAGT-1,6
s1-TGGTGCAGTACCATGC-1,3
s1-TGGTGCATTGTAATCC-1,2
s1-TGGTGCCGCTGCAACA-1,4
s1-TGGTGCCTAGCACGGC-1,6
s1-TGGTGCGAGGTCGTAT-1,7
s1-TGGTTGAACACGCCAA-1,1
s1-TGGTTGCCTCCGGCTT-1,7
s1-TGGTTGGTATCGGCAT-1,10
s1-TGTAAGATCTTCACAT-1,1
s1-TGTAAGGTGAGCGACC-1,6
s1-TGTAATCATATGAGAC-1,1
s1-TGTAATCGAGACTGGC-1,10
s1-TGTAATGCACTACGAG-1,3
s1-TGTAATGCCTAACACC-1,10
s1-TGTAATTGTATCCTCG-1,9
s1-TGTACCAACTACGCAT-1,9
s1-TGTACCAATATTAGTC-1,8
s1-TGTACCACATACTGGT-1,2
s1-TGTAGCCGTACATAAC-1,10
s1-TGTAGGATCAGAGCGT-1,3
s1-TGTAGGCAGGTCTAGC-1,10
s1-TGTAGGTCACTACATG-1,3
s1-TGTAGGTCTGAACGCA-1,1
s1-TGTAGGTTCTGGCTTA-1,7
s1-TGTATCACGGTGGAAC-1,3
s1-TGTATCGGCGGTCGCA-1,9
s1-TGTATGATTGTAGGTG-1,2
s1-TGTATGCAGGATTCAC-1,5
s1-TGTATGCCTATCTTAT-1,5
s1-TGTATGCTCGCCTAGT-1,3
s1-TGTATGGTGCCAAGGT-1,7
s1-TGTCAACTCATCAACG-1,1
s1-TGTCAACTTATTCAAT-1,5
s1-TGTCAAGCGGATCGGT-1,3
s1-TGTCACAGACGTATCC-1,8
s1-TGTCAGAAGTTGTAAC-1,7
s1-TGTCAGACGAAGCACC-1,10
s1-TGTCAGTGGCTTCCAT-1,8
s1-TGTCATGCATGAGCAC-1,6
s1-TGTCCATGTATGGAAT-1,9
s1-TGTCCTCAACGTTCTA-1,2
s1-TGTCGAGTGCGTTAGC-1,4
s1-TGTCGATTCACGTAGT-1,1
s1-TGTCGCGGAAGAGCTA-1,8
s1-TGTCGTTCATACGATA-1,1
s1-TGTCTAAGCAGACGTA-1,4
s1-TGTCTACTAGATTGCC-1,5
s1-TGTCTGTAAGCGAACT-1,4
s1-TGTCTTGCGACTAATT-1,6
s1-TGTCTTGGAATTGGCA-1,6
s1-TGTTAAGGAAGTCTTA-1,3
s1-TGTTACCTATTGGACA-1,8
s1-TGTTCACTGTCTTCCT-1,2
s1-TGTTCAGAACGGTGTA-1,1
s1-TGTTCATAGTATGACG-1,1
s1-TGTTCATTGGTCCAAG-1,3
s1-TGTTCCTCACATTAAT-1,6
s1-TGTTCTGCTCTGTCGT-1,6
s1-TGTTGCGTCCAAGATT-1,1
s1-TGTTGGAACCTTCCGC-1,7
s1-TGTTGGAACGAGGTCA-1,6
s1-TGTTGGATGGACTTCT-1,4
s1-TGTTGGCCAGACCTAC-1,1
